date_str,ORIGIN_AIRPORT_ID,dep_hour,temperature,wind_speed,precipitation,visibility
2025-01-01,12478,6,7.6,10.2,0.0,12300.0
2025-01-01,12478,17,6.3,28.8,0.0,25200.0
2025-01-01,12478,18,5.7,29.2,0.0,26000.0
2025-01-01,12478,15,7.4,27.6,0.0,23700.0
2025-01-01,12478,19,5.0,27.2,0.0,28800.0
2025-01-01,12478,14,8.6,26.3,0.0,26600.0
2025-01-01,12478,9,8.0,13.0,0.0,14900.0
2025-01-01,12478,21,4.4,25.6,0.0,32300.0
2025-01-01,12478,8,8.2,14.3,0.0,14700.0
2025-01-01,12478,7,7.7,11.5,0.0,13600.0
2025-01-01,12478,12,10.1,24.3,0.0,20700.0
2025-01-01,12478,16,7.1,28.5,0.0,24400.0
2025-01-01,12478,11,9.2,18.5,0.0,17100.0
2025-01-01,12478,10,8.3,16.5,0.0,15500.0
2025-01-01,12478,5,7.6,9.6,0.0,12200.0
2025-01-01,12478,13,9.8,24.2,0.0,23900.0
2025-01-01,12478,20,4.9,22.8,0.0,29700.0
2025-01-01,12478,22,3.9,29.8,0.0,38200.0
2025-01-01,12478,23,3.4,23.2,0.0,37200.0
2025-01-01,12892,22,10.2,5.1,0.0,21500.0
2025-01-01,12892,8,4.7,8.0,0.0,500.0
2025-01-01,12892,7,6.3,13.5,0.0,1300.0
2025-01-01,12892,10,10.6,1.6,0.0,20400.0
2025-01-01,12892,0,9.2,4.7,0.0,3100.0
2025-01-01,12892,16,19.5,8.6,0.0,36400.0
2025-01-01,12892,9,6.7,9.0,0.0,2100.0
2025-01-01,12892,12,16.0,8.6,0.0,26800.0
2025-01-01,12892,14,19.8,9.0,0.0,37100.0
2025-01-01,12892,11,14.3,9.4,0.0,26900.0
2025-01-01,12892,13,19.9,5.8,0.0,48300.0
2025-01-01,12892,17,17.6,7.3,0.0,32400.0
2025-01-01,12892,21,10.5,1.8,0.0,13200.0
2025-01-01,12892,19,13.2,2.6,0.0,18700.0
2025-01-01,12892,23,9.8,10.4,0.0,23000.0
2025-01-01,12892,6,6.9,9.2,0.0,3100.0
2025-01-01,12892,18,15.8,5.8,0.0,30300.0
2025-01-01,12892,5,7.6,7.3,0.0,3100.0
2025-01-01,12892,15,19.5,10.7,0.0,34000.0
2025-01-01,12892,20,11.8,2.9,0.0,17400.0
2025-01-01,13485,6,-1.8,16.3,0.0,21800.0
2025-01-01,13485,11,-2.6,17.7,0.0,22500.0
2025-01-01,13485,16,-3.7,18.5,0.0,21700.0
2025-01-01,13485,7,-2.4,13.4,0.0,22000.0
2025-01-01,13485,13,-3.0,20.5,0.0,21900.0
2025-01-01,13485,17,-4.4,15.9,0.0,23200.0
2025-01-01,13485,10,-2.8,17.3,0.0,21500.0
2025-01-01,13485,15,-3.3,18.8,0.0,22400.0
2025-01-01,13485,12,-2.6,20.2,0.0,22200.0
2025-01-01,13485,8,-3.2,13.1,0.0,19300.0
2025-01-01,13485,14,-3.2,19.8,0.0,20900.0
2025-01-01,14100,18,8.1,29.9,0.0,42200.0
2025-01-01,14100,21,5.7,20.5,0.0,36200.0
2025-01-01,14100,10,7.7,14.8,0.0,19800.0
2025-01-01,14100,20,6.3,25.4,0.0,42100.0
2025-01-01,14100,8,7.2,9.7,0.0,13800.0
2025-01-01,14100,13,8.4,28.9,0.0,29300.0
2025-01-01,14100,16,9.1,28.6,0.0,39400.0
2025-01-01,14100,6,8.0,6.9,0.0,2600.0
2025-01-01,14100,11,8.2,21.8,0.0,23700.0
2025-01-01,14100,14,8.7,27.5,0.0,33200.0
2025-01-01,14100,15,9.4,28.5,0.0,37100.0
2025-01-01,14100,9,7.8,15.3,0.0,16700.0
2025-01-01,14100,12,8.4,25.3,0.0,27900.0
2025-01-01,14100,7,7.6,7.2,0.0,12900.0
2025-01-01,14100,5,8.1,7.7,0.0,2600.0
2025-01-01,14100,17,8.8,29.6,0.0,43000.0
2025-01-01,14100,19,6.7,27.2,0.0,39100.0
2025-01-01,14100,22,5.2,18.4,0.0,34000.0
2025-01-01,13930,8,-0.7,19.8,0.0,22500.0
2025-01-01,13930,20,-2.4,18.4,0.0,23700.0
2025-01-01,13930,11,-1.3,19.1,0.0,17100.0
2025-01-01,13930,14,-0.9,20.5,0.0,24100.0
2025-01-01,13930,12,-0.5,19.5,0.0,24100.0
2025-01-01,13930,21,-2.0,13.0,0.0,22900.0
2025-01-01,13930,18,-1.8,19.8,0.0,25200.0
2025-01-01,13930,15,-1.2,20.5,0.0,24800.0
2025-01-01,13930,6,-0.7,18.9,0.0,21100.0
2025-01-01,13930,9,-1.0,20.8,0.0,25800.0
2025-01-01,13930,17,-1.5,21.9,0.0,25300.0
2025-01-01,13930,16,-1.2,19.5,0.0,24600.0
2025-01-01,13930,13,-0.9,22.1,0.0,24000.0
2025-01-01,13930,10,-1.3,21.7,0.0,22900.0
2025-01-01,13930,7,-0.6,17.3,0.0,21400.0
2025-01-01,13930,5,-0.8,20.4,0.0,19000.0
2025-01-01,13930,19,-2.2,19.5,0.0,24500.0
2025-01-01,13930,22,-1.5,21.6,0.0,26000.0
2025-01-01,11109,16,1.7,14.0,0.0,30700.0
2025-01-01,11109,10,-5.3,1.1,0.0,12800.0
2025-01-01,11109,5,-6.9,14.0,0.0,12900.0
2025-01-01,11109,13,-2.5,5.8,0.0,16900.0
2025-01-01,11109,8,-6.5,5.8,0.0,13800.0
2025-01-01,11109,15,0.1,8.7,0.0,21900.0
2025-01-01,11109,17,0.7,10.6,0.0,30500.0
2025-01-01,11109,18,-1.4,6.6,0.0,30300.0
2025-01-01,11109,12,-4.1,5.0,0.0,12200.0
2025-01-01,11109,6,-7.5,7.9,0.0,12200.0
2025-01-01,11109,7,-7.7,6.4,0.0,12200.0
2025-01-01,11109,9,-6.5,2.0,0.0,13700.0
2025-01-01,11109,11,-5.3,3.3,0.0,12200.0
2025-01-01,11109,14,-1.5,11.2,0.0,19100.0
2025-01-01,11298,15,9.3,10.2,0.0,30800.0
2025-01-01,11298,20,7.0,2.6,0.0,30700.0
2025-01-01,11298,14,8.7,9.3,0.0,27200.0
2025-01-01,11298,17,10.0,7.3,0.0,30800.0
2025-01-01,11298,9,3.6,7.6,0.0,15400.0
2025-01-01,11298,16,10.0,8.2,0.0,31200.0
2025-01-01,11298,21,6.5,2.9,0.0,26900.0
2025-01-01,11298,18,9.4,6.3,0.0,34600.0
2025-01-01,11298,12,6.7,13.9,0.0,23000.0
2025-01-01,11298,19,7.8,6.5,0.0,30400.0
2025-01-01,11298,7,3.7,6.1,0.0,16400.0
2025-01-01,11298,13,7.8,11.2,0.0,26800.0
2025-01-01,11298,22,6.1,2.7,0.0,30900.0
2025-01-01,11298,8,3.5,5.5,0.0,15900.0
2025-01-01,11298,11,5.9,11.4,0.0,20500.0
2025-01-01,11298,10,4.9,10.8,0.0,16600.0
2025-01-01,11298,5,4.3,8.2,0.0,16500.0
2025-01-01,11298,6,4.0,8.0,0.0,15700.0
2025-01-01,11298,23,5.3,2.2,0.0,30000.0
2025-01-01,11057,20,7.8,12.0,0.0,45100.0
2025-01-01,11057,21,6.5,5.1,0.0,41500.0
2025-01-01,11057,16,12.4,11.0,0.0,48100.0
2025-01-01,11057,13,11.4,15.3,0.0,44600.0
2025-01-01,11057,14,12.2,15.6,0.0,45900.0
2025-01-01,11057,22,5.5,3.8,0.0,41600.0
2025-01-01,11057,18,10.5,11.0,0.0,51000.0
2025-01-01,11057,9,4.3,6.0,0.0,25300.0
2025-01-01,11057,11,8.7,11.3,0.0,34900.0
2025-01-01,11057,19,8.9,6.3,0.0,47600.0
2025-01-01,11057,8,4.5,6.6,0.0,27500.0
2025-01-01,11057,12,10.3,19.1,0.0,42200.0
2025-01-01,11057,10,6.7,7.8,0.0,27700.0
2025-01-01,11057,15,12.4,14.3,0.0,46500.0
2025-01-01,11057,17,11.9,13.1,0.0,52500.0
2025-01-01,11057,7,5.1,7.0,0.0,28700.0
2025-01-01,11057,23,4.7,7.3,0.0,36300.0
2025-01-01,11057,5,6.9,14.6,0.0,37400.0
2025-01-01,11057,6,5.9,8.8,0.0,32100.0
2025-01-01,12953,19,5.0,27.2,0.0,28800.0
2025-01-01,12953,9,8.0,13.0,0.0,14900.0
2025-01-01,12953,5,7.6,9.6,0.0,12200.0
2025-01-01,12953,7,7.7,11.5,0.0,13600.0
2025-01-01,12953,6,7.6,10.2,0.0,12300.0
2025-01-01,12953,17,6.3,28.8,0.0,25200.0
2025-01-01,12953,20,4.9,22.8,0.0,29700.0
2025-01-01,12953,11,9.2,18.5,0.0,17100.0
2025-01-01,12953,10,8.3,16.5,0.0,15500.0
2025-01-01,12953,8,8.2,14.3,0.0,14700.0
2025-01-01,12953,16,7.1,28.5,0.0,24400.0
2025-01-01,12953,14,8.6,26.3,0.0,26600.0
2025-01-01,12953,12,10.1,24.3,0.0,20700.0
2025-01-01,12953,18,5.7,29.2,0.0,26000.0
2025-01-01,12953,13,9.8,24.2,0.0,23900.0
2025-01-01,12953,15,7.4,27.6,0.0,23700.0
2025-01-01,12953,21,4.4,25.6,0.0,32300.0
2025-01-01,12953,22,3.9,29.8,0.0,38200.0
2025-01-01,11503,11,-9.9,7.3,0.0,15800.0
2025-01-01,11503,8,-15.4,4.7,0.0,12200.0
2025-01-01,11503,12,-7.7,4.0,0.0,20600.0
2025-01-01,11503,10,-12.3,3.4,0.0,14400.0
2025-01-01,11503,14,-5.7,6.7,0.0,22500.0
2025-01-01,11503,18,-3.7,8.4,0.0,43100.0
2025-01-01,11503,17,-3.8,4.1,0.0,34800.0
2025-01-01,11503,15,-4.2,5.1,0.0,26400.0
2025-01-01,11503,13,-6.5,2.2,0.0,20000.0
2025-01-01,11503,7,-14.6,4.1,0.0,12200.0
2025-01-01,13303,12,23.9,9.2,0.0,17700.0
2025-01-01,13303,19,23.4,3.3,0.0,28200.0
2025-01-01,13303,17,26.7,9.2,0.0,36700.0
2025-01-01,13303,8,20.1,6.8,0.0,12600.0
2025-01-01,13303,21,19.6,2.9,0.0,17800.0
2025-01-01,13303,20,21.7,1.6,0.0,31600.0
2025-01-01,13303,7,20.8,9.0,0.0,12700.0
2025-01-01,13303,18,25.0,9.1,0.0,29500.0
2025-01-01,13303,5,20.4,4.6,0.0,12600.0
2025-01-01,13303,11,22.8,9.8,0.0,16100.0
2025-01-01,13303,9,20.4,6.2,0.0,13500.0
2025-01-01,13303,16,26.9,9.7,0.0,33300.0
2025-01-01,13303,13,24.7,10.3,0.0,21200.0
2025-01-01,13303,15,26.6,9.5,0.0,31000.0
2025-01-01,13303,22,19.3,6.8,0.0,21200.0
2025-01-01,13303,6,20.8,4.7,0.0,12800.0
2025-01-01,13303,23,18.9,6.2,0.0,27400.0
2025-01-01,13303,10,21.6,8.0,0.0,14600.0
2025-01-01,13303,14,25.5,8.7,0.0,23300.0
2025-01-01,14107,7,6.4,6.4,0.0,37400.0
2025-01-01,14107,5,6.7,5.0,0.0,41100.0
2025-01-01,14107,9,9.4,2.3,0.0,41600.0
2025-01-01,14107,10,12.8,1.8,0.0,51200.0
2025-01-01,14107,8,6.7,6.0,0.0,37600.0
2025-01-01,14107,16,21.5,2.0,0.0,79800.0
2025-01-01,14107,11,15.8,4.2,0.0,62600.0
2025-01-01,14107,17,20.5,1.9,0.0,81100.0
2025-01-01,14107,22,12.1,4.3,0.0,59800.0
2025-01-01,14107,13,19.6,1.5,0.0,66000.0
2025-01-01,14107,14,20.8,2.9,0.0,72300.0
2025-01-01,14107,18,17.9,4.1,0.0,80800.0
2025-01-01,14107,23,12.0,3.3,0.0,63900.0
2025-01-01,14107,21,13.0,4.8,0.0,61400.0
2025-01-01,14107,15,21.9,0.4,0.0,77200.0
2025-01-01,14107,12,17.8,2.5,0.0,63600.0
2025-01-01,14107,0,10.6,8.7,0.0,51600.0
2025-01-01,14107,6,6.6,7.6,0.0,43300.0
2025-01-01,14107,20,14.5,7.7,0.0,69500.0
2025-01-01,14107,19,16.3,7.3,0.0,83000.0
2025-01-01,12173,18,23.1,15.0,0.0,24140.0
2025-01-01,12173,19,22.7,14.4,0.0,24140.0
2025-01-01,12173,23,22.7,15.2,0.0,24140.0
2025-01-01,12173,7,21.0,12.0,0.0,24140.0
2025-01-01,12173,14,26.8,19.5,0.0,24140.0
2025-01-01,12173,22,22.7,15.5,0.0,24140.0
2025-01-01,12173,21,22.3,15.9,0.0,24140.0
2025-01-01,12173,12,26.5,17.7,0.0,24140.0
2025-01-01,12173,13,26.9,16.9,0.0,24140.0
2025-01-01,12173,15,26.5,20.4,0.0,24140.0
2025-01-01,12173,16,26.0,20.9,0.0,24140.0
2025-01-01,12173,11,26.0,17.4,0.0,24140.0
2025-01-01,12173,17,24.6,17.2,0.0,24140.0
2025-01-01,12173,8,22.1,12.9,0.0,24140.0
2025-01-01,12173,20,22.9,15.9,0.0,24140.0
2025-01-01,12173,6,20.8,11.1,0.0,24140.0
2025-01-01,12173,9,23.9,17.8,0.0,24140.0
2025-01-01,12173,10,25.1,18.4,0.0,24140.0
2025-01-01,11433,5,1.3,17.7,0.0,17100.0
2025-01-01,11433,15,1.6,21.6,0.0,19700.0
2025-01-01,11433,19,-0.0,19.3,0.0,19500.0
2025-01-01,11433,11,2.0,16.6,0.0,17800.0
2025-01-01,11433,7,1.5,15.1,0.0,16900.0
2025-01-01,11433,8,1.4,13.8,0.0,15900.0
2025-01-01,11433,6,1.3,15.2,0.0,16800.0
2025-01-01,11433,17,0.8,22.5,0.0,20700.0
2025-01-01,11433,16,0.9,23.8,0.0,20900.0
2025-01-01,11433,20,-0.0,19.9,0.0,21800.0
2025-01-01,11433,13,2.0,17.6,0.0,16200.0
2025-01-01,11433,21,-0.1,19.6,0.0,20500.0
2025-01-01,11433,12,1.9,15.8,0.0,15600.0
2025-01-01,11433,14,1.6,21.5,0.0,18400.0
2025-01-01,11433,10,1.4,13.3,0.0,16000.0
2025-01-01,11433,9,1.3,14.6,0.0,16100.0
2025-01-01,11433,18,-0.0,19.1,0.0,21200.0
2025-01-01,11433,22,-0.4,21.3,0.0,18900.0
2025-01-01,15376,8,2.5,9.2,0.0,53800.0
2025-01-01,15376,5,3.5,6.3,0.0,54600.0
2025-01-01,15376,6,2.5,8.7,0.0,52500.0
2025-01-01,15376,14,22.6,9.0,0.0,90000.0
2025-01-01,15376,10,13.3,10.0,0.0,75800.0
2025-01-01,15376,12,20.4,0.8,0.0,90000.0
2025-01-01,15376,9,8.2,7.7,0.0,68900.0
2025-01-01,15376,16,22.0,11.0,0.0,90000.0
2025-01-01,15376,15,22.6,10.5,0.0,90000.0
2025-01-01,15376,13,21.8,3.7,0.0,90000.0
2025-01-01,15376,7,2.0,9.3,0.0,50200.0
2025-01-01,15376,17,20.2,9.2,0.0,90000.0
2025-01-01,15376,11,16.8,7.7,0.0,85700.0
2025-01-01,15376,18,16.7,7.1,0.0,90000.0
2025-01-01,15376,23,6.6,8.5,0.0,75400.0
2025-01-01,10279,8,-5.8,3.1,0.0,17200.0
2025-01-01,10279,7,-5.7,2.6,0.0,16600.0
2025-01-01,10279,6,-6.0,1.5,0.0,13800.0
2025-01-01,10279,10,-3.9,11.6,0.0,16700.0
2025-01-01,10279,18,2.7,21.3,0.0,21600.0
2025-01-01,10279,16,1.5,19.6,0.0,16900.0
2025-01-01,10279,17,2.4,21.5,0.0,20200.0
2025-01-01,10279,15,1.2,18.9,0.0,15400.0
2025-01-01,11618,19,5.4,25.9,0.0,30100.0
2025-01-01,11618,5,7.7,2.9,0.0,12200.0
2025-01-01,11618,6,7.5,7.3,0.0,12400.0
2025-01-01,11618,8,8.2,10.8,0.0,14700.0
2025-01-01,11618,13,9.8,22.8,0.0,24300.0
2025-01-01,11618,17,6.3,29.2,0.0,25800.0
2025-01-01,11618,12,10.2,22.9,0.0,21100.0
2025-01-01,11618,9,8.0,9.5,0.0,14300.0
2025-01-01,11618,7,7.9,10.7,0.0,14700.0
2025-01-01,11618,18,5.8,28.8,0.0,27600.0
2025-01-01,11618,10,8.6,14.4,0.0,15900.0
2025-01-01,11618,15,7.9,26.1,0.0,24500.0
2025-01-01,11618,16,6.9,27.8,0.0,25200.0
2025-01-01,11618,14,8.8,25.6,0.0,27200.0
2025-01-01,11618,21,4.7,26.7,0.0,37700.0
2025-01-01,11618,11,9.7,17.7,0.0,18000.0
2025-01-01,11618,22,4.1,25.0,0.0,39200.0
2025-01-01,11618,20,5.2,19.5,0.0,30100.0
2025-01-01,11618,23,3.7,11.6,0.0,35500.0
2025-01-01,14524,16,11.8,21.7,0.0,54600.0
2025-01-01,14524,6,7.9,10.8,0.0,24200.0
2025-01-01,14524,9,7.0,8.8,0.0,31900.0
2025-01-01,14524,13,11.9,25.9,0.0,49000.0
2025-01-01,14524,20,6.8,11.8,0.0,47900.0
2025-01-01,14524,15,12.2,24.1,0.0,53400.0
2025-01-01,14524,19,8.0,15.1,0.0,51800.0
2025-01-01,14524,5,8.6,13.1,0.0,24500.0
2025-01-01,14524,18,9.8,17.3,0.0,53800.0
2025-01-01,14524,14,12.3,25.0,0.0,52100.0
2025-01-01,14524,8,7.4,14.5,0.0,34000.0
2025-01-01,14524,12,11.6,22.4,0.0,48500.0
2025-01-01,14524,10,9.0,18.8,0.0,37100.0
2025-01-01,14524,7,7.8,15.2,0.0,32400.0
2025-01-01,14524,17,11.2,17.5,0.0,52900.0
2025-01-01,12896,18,7.7,14.3,0.0,33400.0
2025-01-01,12896,7,-0.1,14.8,0.0,300.0
2025-01-01,12896,6,-0.9,16.0,0.0,300.0
2025-01-01,12896,10,-0.6,12.3,0.0,14700.0
2025-01-01,12896,16,7.4,10.1,0.0,30400.0
2025-01-01,12896,17,8.0,13.0,0.0,32300.0
2025-01-01,12896,13,3.4,11.8,0.0,19600.0
2025-01-01,12896,15,6.1,10.9,0.0,25300.0
2025-01-01,12896,19,5.9,10.4,0.0,35600.0
2025-01-01,13871,6,-0.9,11.2,0.0,27900.0
2025-01-01,13871,19,0.3,4.3,0.0,31000.0
2025-01-01,13871,14,1.9,10.8,0.0,28900.0
2025-01-01,13871,5,-0.7,12.2,0.0,27100.0
2025-01-01,13871,13,1.2,13.3,0.0,28300.0
2025-01-01,13871,15,2.8,11.7,0.0,31700.0
2025-01-01,13871,17,2.8,7.3,0.0,33800.0
2025-01-01,13871,11,-1.2,10.6,0.0,22100.0
2025-01-01,13871,20,-0.7,3.3,0.0,27200.0
2025-01-01,13871,18,1.9,3.6,0.0,33200.0
2025-01-01,13871,9,-1.7,12.4,0.0,23300.0
2025-01-01,13871,12,0.2,10.7,0.0,25400.0
2025-01-01,13871,8,-1.2,8.8,0.0,26200.0
2025-01-01,13871,7,-1.0,9.7,0.0,27300.0
2025-01-01,13871,16,3.0,11.3,0.0,33400.0
2025-01-01,10397,11,6.2,17.6,0.0,23400.0
2025-01-01,10397,8,3.7,10.2,0.0,19200.0
2025-01-01,10397,12,7.1,19.6,0.0,26800.0
2025-01-01,10397,14,8.8,17.9,0.0,30500.0
2025-01-01,10397,19,7.6,13.1,0.0,30500.0
2025-01-01,10397,18,8.8,16.0,0.0,34100.0
2025-01-01,10397,7,4.2,10.6,0.0,20500.0
2025-01-01,10397,6,4.7,13.0,0.0,21800.0
2025-01-01,10397,17,9.6,16.4,0.0,36000.0
2025-01-01,10397,20,6.3,11.3,0.0,31000.0
2025-01-01,10397,5,5.4,14.8,0.0,25600.0
2025-01-01,10397,22,4.4,7.1,0.0,28300.0
2025-01-01,10397,21,5.4,12.0,0.0,28500.0
2025-01-01,10397,15,9.6,18.7,0.0,31800.0
2025-01-01,10397,9,3.7,11.8,0.0,18600.0
2025-01-01,10397,13,8.0,18.9,0.0,28600.0
2025-01-01,10397,16,9.8,18.2,0.0,34000.0
2025-01-01,10397,10,4.5,13.5,0.0,17900.0
2025-01-01,10721,12,7.7,10.3,0.0,3200.0
2025-01-01,10721,10,7.3,7.4,0.0,200.0
2025-01-01,10721,7,7.6,13.0,0.0,12200.0
2025-01-01,10721,6,7.2,15.0,0.0,12200.0
2025-01-01,10721,17,6.8,9.8,0.0,14300.0
2025-01-01,10721,18,5.9,7.6,0.0,14500.0
2025-01-01,10721,5,7.3,15.8,0.0,12600.0
2025-01-01,10721,13,8.4,11.6,0.0,12600.0
2025-01-01,10721,8,7.5,10.4,0.7,13100.0
2025-01-01,10721,14,7.8,9.0,0.0,3200.0
2025-01-01,10721,16,6.8,15.5,0.0,13500.0
2025-01-01,10721,9,7.3,8.2,2.5,7500.0
2025-01-01,10721,11,7.6,7.2,0.0,2000.0
2025-01-01,10721,19,6.3,7.6,0.0,14500.0
2025-01-01,10721,20,6.4,19.1,0.0,19000.0
2025-01-01,10721,21,5.8,19.6,0.0,18800.0
2025-01-01,10721,15,7.1,13.7,0.0,12400.0
2025-01-01,10721,22,4.7,22.3,0.0,22000.0
2025-01-01,14576,7,4.8,8.9,0.0,12700.0
2025-01-01,14576,17,1.8,27.8,0.4,18400.0
2025-01-01,14576,11,2.3,20.5,0.4,4400.0
2025-01-01,14576,6,5.2,2.7,0.0,13200.0
2025-01-01,14576,14,2.1,26.8,0.4,11900.0
2025-01-01,14576,12,2.2,23.3,0.7,13600.0
2025-01-01,14576,18,1.2,23.0,0.0,20200.0
2025-01-01,14576,5,5.1,4.2,0.0,13100.0
2025-01-01,14576,16,1.7,26.9,0.4,13900.0
2025-01-01,10423,11,10.1,13.9,0.0,27500.0
2025-01-01,10423,17,15.6,8.4,0.0,44600.0
2025-01-01,10423,20,11.0,2.5,0.0,35200.0
2025-01-01,10423,18,14.4,9.8,0.0,39900.0
2025-01-01,10423,15,15.3,9.5,0.0,42300.0
2025-01-01,10423,12,12.1,13.0,0.0,31400.0
2025-01-01,10423,10,8.2,10.7,0.0,23100.0
2025-01-01,10423,9,5.5,3.1,0.0,17900.0
2025-01-01,10423,6,6.0,4.2,0.0,20600.0
2025-01-01,10423,14,14.5,11.6,0.0,39100.0
2025-01-01,10423,7,5.4,5.3,0.0,20500.0
2025-01-01,10423,5,6.3,5.4,0.0,23000.0
2025-01-01,10423,8,5.1,5.0,0.0,19200.0
2025-01-01,10423,13,13.5,13.0,0.0,36000.0
2025-01-01,10423,16,15.5,9.4,0.0,41100.0
2025-01-01,10423,19,12.7,3.3,0.0,40400.0
2025-01-01,10423,22,9.2,5.1,0.0,30400.0
2025-01-01,10423,21,9.9,3.8,0.0,32800.0
2025-01-01,12451,11,13.0,14.7,0.0,31700.0
2025-01-01,12451,20,12.4,6.6,0.0,35500.0
2025-01-01,12451,19,14.4,6.4,0.0,48800.0
2025-01-01,12451,10,11.8,14.2,0.0,25800.0
2025-01-01,12451,18,16.8,10.0,0.0,51700.0
2025-01-01,12451,14,17.3,13.3,0.0,42800.0
2025-01-01,12451,6,13.8,12.3,0.0,25000.0
2025-01-01,12451,17,18.1,12.6,0.0,52400.0
2025-01-01,12451,7,12.2,10.9,0.0,26000.0
2025-01-01,12451,15,17.7,12.8,0.0,45700.0
2025-01-01,12451,8,11.2,7.5,0.0,26500.0
2025-01-01,12451,5,16.0,13.4,0.0,17600.0
2025-01-01,12451,16,18.1,14.0,0.0,49100.0
2025-01-01,12451,13,15.6,9.9,0.0,39300.0
2025-01-01,12451,12,14.2,13.0,0.0,34500.0
2025-01-01,12451,9,11.0,10.2,0.0,24800.0
2025-01-01,10693,5,5.5,13.4,0.0,21000.0
2025-01-01,10693,15,3.3,14.3,0.0,23500.0
2025-01-01,10693,10,5.0,13.0,0.0,24400.0
2025-01-01,10693,7,4.8,11.8,0.0,23200.0
2025-01-01,10693,11,4.9,15.9,0.0,26000.0
2025-01-01,10693,12,4.7,14.3,0.0,22900.0
2025-01-01,10693,16,3.5,12.6,0.0,26800.0
2025-01-01,10693,6,5.1,13.0,0.0,21800.0
2025-01-01,10693,19,2.8,4.5,0.0,31900.0
2025-01-01,10693,17,3.2,9.3,0.0,27800.0
2025-01-01,10693,18,2.8,7.7,0.0,28700.0
2025-01-01,10693,9,4.8,8.4,0.0,23700.0
2025-01-01,10693,8,4.8,8.9,0.0,23300.0
2025-01-01,10693,14,3.5,15.0,0.0,22500.0
2025-01-01,10693,13,4.0,13.1,0.0,22100.0
2025-01-01,10693,20,2.2,6.1,0.0,32000.0
2025-01-01,11292,6,-7.9,5.4,0.0,23300.0
2025-01-01,11292,10,-5.4,1.8,0.0,21300.0
2025-01-01,11292,18,3.5,4.8,0.0,79400.0
2025-01-01,11292,8,-9.0,5.1,0.0,21600.0
2025-01-01,11292,0,-6.3,4.5,0.0,15200.0
2025-01-01,11292,16,6.9,2.5,0.0,70100.0
2025-01-01,11292,14,4.9,8.4,0.0,62900.0
2025-01-01,11292,12,0.9,4.8,0.0,34200.0
2025-01-01,11292,5,-7.7,5.5,0.0,20300.0
2025-01-01,11292,15,6.8,1.0,0.0,74500.0
2025-01-01,11292,9,-8.3,6.3,0.0,19800.0
2025-01-01,11292,11,-1.6,7.6,0.0,29400.0
2025-01-01,11292,13,3.5,7.2,0.0,46200.0
2025-01-01,11292,20,1.3,4.3,0.0,58200.0
2025-01-01,11292,17,6.1,11.9,0.0,74200.0
2025-01-01,11292,21,0.2,1.1,0.0,50800.0
2025-01-01,11292,23,-3.3,2.9,0.0,29800.0
2025-01-01,11292,7,-8.6,5.4,0.0,21400.0
2025-01-01,11292,22,-1.1,3.1,0.0,36500.0
2025-01-01,11292,19,2.3,4.9,0.0,71100.0
2025-01-01,13851,20,3.9,1.6,0.0,37200.0
2025-01-01,13851,10,-1.2,10.0,0.0,17200.0
2025-01-01,13851,7,-1.3,10.5,0.0,19200.0
2025-01-01,13851,18,6.4,2.5,0.0,48100.0
2025-01-01,13851,6,-1.5,11.2,0.0,18500.0
2025-01-01,13851,9,-2.1,8.8,0.0,16700.0
2025-01-01,13851,14,5.3,5.6,0.0,31600.0
2025-01-01,13851,5,-1.4,10.8,0.0,17500.0
2025-01-01,13851,11,0.4,10.3,0.0,19100.0
2025-01-01,13851,17,7.7,2.5,0.0,50200.0
2025-01-01,13851,16,7.6,5.6,0.0,46500.0
2025-01-01,13851,12,2.0,7.8,0.0,23200.0
2025-01-01,13851,13,3.6,6.6,0.0,26100.0
2025-01-01,13851,8,-1.9,10.1,0.0,16300.0
2025-01-01,13851,15,6.8,6.5,0.0,39400.0
2025-01-01,13851,19,4.8,4.3,0.0,41600.0
2025-01-01,10561,5,4.2,0.8,0.0,13600.0
2025-01-01,10561,6,4.5,4.5,0.0,12200.0
2025-01-01,10561,12,12.1,2.2,0.0,21900.0
2025-01-01,10561,9,4.4,2.9,0.0,12200.0
2025-01-01,10561,14,15.5,7.3,0.0,32700.0
2025-01-01,11278,11,7.3,21.2,0.0,39400.0
2025-01-01,11278,10,6.0,23.0,0.0,35700.0
2025-01-01,11278,18,4.6,11.2,0.0,39000.0
2025-01-01,11278,17,6.1,9.4,0.0,40800.0
2025-01-01,11278,13,8.2,20.2,0.0,42200.0
2025-01-01,11278,8,5.4,8.5,0.0,34700.0
2025-01-01,11278,9,5.0,11.3,0.0,35500.0
2025-01-01,11278,16,7.2,10.5,0.0,40700.0
2025-01-01,11278,15,8.0,13.0,0.0,43300.0
2025-01-01,11278,20,3.6,6.4,0.0,40900.0
2025-01-01,11278,14,8.3,14.4,0.0,42900.0
2025-01-01,11278,6,6.1,20.2,0.0,32400.0
2025-01-01,11278,22,3.5,11.2,0.0,44500.0
2025-01-01,11278,7,5.8,15.7,0.0,34900.0
2025-01-01,11278,5,6.3,18.2,0.0,28600.0
2025-01-01,11278,19,3.7,11.2,0.0,38300.0
2025-01-01,11278,12,8.0,15.6,0.0,41000.0
2025-01-01,11278,21,3.2,12.7,0.0,38600.0
2025-01-01,11540,5,6.6,11.0,0.0,84200.0
2025-01-01,11540,17,18.1,3.8,0.0,90000.0
2025-01-01,11540,6,6.1,15.9,0.0,84100.0
2025-01-01,11540,12,14.5,5.4,0.0,83000.0
2025-01-01,11540,7,4.3,10.5,0.0,72700.0
2025-01-01,11540,8,3.9,6.8,0.0,77200.0
2025-01-01,11540,13,17.3,2.1,0.0,88400.0
2025-01-01,11540,20,11.7,4.3,0.0,90000.0
2025-01-01,11540,19,13.3,7.6,0.0,90000.0
2025-01-01,11540,18,16.4,4.0,0.0,90000.0
2025-01-01,11540,9,4.9,9.0,0.0,69500.0
2025-01-01,11540,15,19.0,0.5,0.0,90000.0
2025-01-01,11540,14,17.8,2.6,0.0,90000.0
2025-01-01,11540,10,6.8,12.4,0.0,65700.0
2025-01-01,11540,11,11.0,10.5,0.0,78500.0
2025-01-01,11540,16,18.7,6.0,0.0,90000.0
2025-01-01,14635,13,24.0,4.6,0.0,22400.0
2025-01-01,14635,10,21.5,2.7,0.0,13800.0
2025-01-01,14635,17,24.4,14.3,0.0,38800.0
2025-01-01,14635,7,20.4,4.8,0.0,12200.0
2025-01-01,14635,19,20.7,10.5,0.0,23700.0
2025-01-01,14635,16,24.8,12.0,0.0,37800.0
2025-01-01,14635,6,20.4,5.0,0.0,800.0
2025-01-01,14635,14,24.4,9.2,0.0,25500.0
2025-01-01,14635,11,22.2,4.7,0.0,15300.0
2025-01-01,14635,8,19.7,1.3,0.0,12500.0
2025-01-01,14635,15,24.7,11.8,0.0,27200.0
2025-01-01,14635,20,19.6,9.7,0.0,23500.0
2025-01-01,14635,18,23.2,12.4,0.0,28800.0
2025-01-01,14635,12,23.0,6.5,0.0,20900.0
2025-01-01,14635,5,20.8,6.2,0.0,12200.0
2025-01-01,14635,21,18.1,10.2,0.0,21900.0
2025-01-01,14635,9,19.9,0.8,0.0,12200.0
2025-01-01,14635,22,16.8,10.0,0.0,23800.0
2025-01-01,10713,7,0.5,15.1,0.0,26500.0
2025-01-01,10713,14,2.1,11.2,0.7,10600.0
2025-01-01,10713,13,1.7,14.2,0.4,12000.0
2025-01-01,10713,11,0.8,13.4,0.4,11900.0
2025-01-01,10713,15,1.3,5.8,1.1,4000.0
2025-01-01,10713,5,0.9,17.8,0.0,42500.0
2025-01-01,10713,17,1.8,5.1,0.4,12600.0
2025-01-01,10713,10,0.7,14.3,0.0,18900.0
2025-01-01,10713,8,0.5,17.4,0.0,17100.0
2025-01-01,10713,6,0.8,17.8,0.0,35400.0
2025-01-01,10713,18,1.7,3.3,0.0,12800.0
2025-01-01,10713,12,1.5,15.4,0.4,18300.0
2025-01-01,10713,19,1.6,4.3,0.0,12800.0
2025-01-01,10713,9,0.6,17.1,0.0,23300.0
2025-01-01,10713,16,1.6,6.5,0.4,12200.0
2025-01-01,14771,13,11.3,3.3,0.0,16900.0
2025-01-01,14771,6,5.3,3.0,0.0,14000.0
2025-01-01,14771,10,7.7,0.5,0.0,15100.0
2025-01-01,14771,7,5.1,4.0,0.0,13200.0
2025-01-01,14771,12,10.1,5.8,0.0,18400.0
2025-01-01,14771,9,5.3,2.1,0.0,14900.0
2025-01-01,14771,17,11.0,8.6,0.0,23200.0
2025-01-01,14771,23,8.5,10.1,0.0,18900.0
2025-01-01,14771,0,7.5,6.1,0.0,17900.0
2025-01-01,14771,15,11.7,5.8,0.0,22200.0
2025-01-01,14771,22,8.6,7.9,0.0,18800.0
2025-01-01,14771,8,5.1,3.3,0.0,12600.0
2025-01-01,14771,16,11.8,7.9,0.0,22600.0
2025-01-01,14771,11,9.5,5.1,0.0,14900.0
2025-01-01,14771,14,10.4,5.0,0.0,20300.0
2025-01-01,14771,20,9.3,3.7,0.0,20200.0
2025-01-01,14771,19,9.5,8.7,0.0,18500.0
2025-01-01,14771,21,8.9,7.3,0.0,18500.0
2025-01-01,14771,18,9.5,7.0,0.0,20300.0
2025-01-01,14771,5,5.6,1.9,0.0,13300.0
2025-01-01,13830,18,23.7,23.3,0.0,24140.0
2025-01-01,13830,15,26.4,31.6,0.0,24140.0
2025-01-01,13830,22,22.8,18.2,0.0,24140.0
2025-01-01,13830,11,27.5,24.3,0.0,24140.0
2025-01-01,13830,23,22.8,16.2,0.0,24140.0
2025-01-01,13830,14,27.6,31.2,0.0,24140.0
2025-01-01,13830,13,28.2,29.2,0.0,24140.0
2025-01-01,13830,16,25.7,28.3,0.0,17220.0
2025-01-01,13830,17,25.0,28.8,0.0,24140.0
2025-01-01,13830,21,22.8,19.0,0.0,24140.0
2025-01-01,13830,7,22.8,15.8,0.0,24140.0
2025-01-01,13830,9,25.8,17.5,0.0,24140.0
2025-01-01,13830,10,26.9,22.2,0.0,24140.0
2025-01-01,13830,12,28.0,27.0,0.0,24140.0
2025-01-01,13830,19,23.6,17.1,0.0,24140.0
2025-01-01,13830,20,23.4,18.5,0.0,24140.0
2025-01-01,13830,8,23.7,14.8,0.0,24140.0
2025-01-01,13830,6,23.0,17.2,0.0,24140.0
2025-01-01,13198,16,4.6,13.0,0.0,32600.0
2025-01-01,13198,19,1.3,2.8,0.0,31000.0
2025-01-01,13198,7,-1.5,7.1,0.0,21300.0
2025-01-01,13198,12,1.5,13.8,0.0,23500.0
2025-01-01,13198,18,2.5,6.8,0.0,30800.0
2025-01-01,13198,5,-1.1,7.6,0.0,21800.0
2025-01-01,13198,6,-1.2,8.3,0.0,22200.0
2025-01-01,13198,13,2.5,16.6,0.0,27200.0
2025-01-01,13198,10,-0.9,10.0,0.0,20800.0
2025-01-01,13198,14,3.4,14.6,0.0,27600.0
2025-01-01,13198,17,4.3,11.4,0.0,35400.0
2025-01-01,13198,8,-1.5,7.6,0.0,22400.0
2025-01-01,13198,22,-0.7,7.1,0.0,22400.0
2025-01-01,13198,15,4.1,10.8,0.0,32300.0
2025-01-01,13198,9,-1.4,6.3,0.0,23700.0
2025-01-01,13198,11,0.5,14.1,0.0,22300.0
2025-01-01,11042,9,1.4,34.5,0.0,17100.0
2025-01-01,11042,11,1.6,29.6,0.0,16100.0
2025-01-01,11042,13,2.3,32.4,0.0,15800.0
2025-01-01,11042,12,2.0,29.3,0.0,15900.0
2025-01-01,11042,5,1.5,39.7,0.4,15800.0
2025-01-01,11042,17,0.5,34.7,0.0,17400.0
2025-01-01,11042,8,1.4,37.4,0.0,18500.0
2025-01-01,11042,6,1.3,39.1,0.0,16100.0
2025-01-01,11042,20,-0.5,30.5,0.0,18500.0
2025-01-01,11042,18,-0.2,31.1,0.0,18900.0
2025-01-01,11042,7,1.4,37.1,0.0,16400.0
2025-01-01,11042,14,1.9,28.5,0.0,14800.0
2025-01-01,11042,15,1.5,31.7,0.0,14600.0
2025-01-01,11042,10,1.5,29.9,0.0,16700.0
2025-01-01,11042,21,-0.6,31.6,0.0,21400.0
2025-01-01,11042,22,-0.7,32.5,0.0,20700.0
2025-01-01,11042,19,-0.4,29.0,0.0,17900.0
2025-01-01,11042,16,0.9,33.4,0.0,15600.0
2025-01-01,13204,15,22.0,10.5,0.0,38900.0
2025-01-01,13204,13,20.1,5.8,0.0,30200.0
2025-01-01,13204,18,20.8,7.1,0.0,55700.0
2025-01-01,13204,14,20.9,6.4,0.0,36900.0
2025-01-01,13204,7,17.8,9.5,0.0,13500.0
2025-01-01,13204,12,19.1,6.8,0.0,24000.0
2025-01-01,13204,17,21.7,11.6,0.0,51500.0
2025-01-01,13204,11,18.4,10.2,0.0,18200.0
2025-01-01,13204,8,17.1,5.0,0.0,14200.0
2025-01-01,13204,6,19.1,9.8,0.0,12400.0
2025-01-01,13204,19,18.1,5.2,0.0,45500.0
2025-01-01,13204,10,17.5,11.3,0.0,15200.0
2025-01-01,13204,5,19.5,10.1,0.0,12600.0
2025-01-01,13204,16,21.5,10.1,0.0,47600.0
2025-01-01,13204,20,16.6,6.6,0.0,42500.0
2025-01-01,13204,9,16.8,4.8,0.0,14900.0
2025-01-01,13204,21,15.0,6.6,0.0,30900.0
2025-01-01,13204,23,12.4,3.8,0.0,24700.0
2025-01-01,13204,22,13.8,4.3,0.0,26800.0
2025-01-01,13495,13,13.0,10.1,0.0,28800.0
2025-01-01,13495,19,11.9,2.9,0.0,35300.0
2025-01-01,13495,16,14.6,7.3,0.0,33000.0
2025-01-01,13495,10,10.3,15.0,0.0,25100.0
2025-01-01,13495,6,8.6,10.6,0.0,21600.0
2025-01-01,13495,15,14.4,9.9,0.0,34100.0
2025-01-01,13495,18,13.7,3.8,0.0,39000.0
2025-01-01,13495,7,8.5,8.1,0.0,22100.0
2025-01-01,13495,5,9.0,9.8,0.0,21200.0
2025-01-01,13495,12,12.3,14.4,0.0,26500.0
2025-01-01,13495,11,11.1,14.0,0.0,25800.0
2025-01-01,13495,14,13.6,10.9,0.0,29200.0
2025-01-01,13495,9,9.0,7.6,0.0,20800.0
2025-01-01,13495,17,14.6,6.9,0.0,37200.0
2025-01-01,13495,20,10.5,7.2,0.0,26500.0
2025-01-01,13495,8,7.6,7.6,0.0,18900.0
2025-01-01,13495,21,9.8,7.2,0.0,23500.0
2025-01-01,11481,14,16.1,15.1,0.0,39600.0
2025-01-01,11481,7,7.9,8.7,0.0,22700.0
2025-01-01,11481,9,9.4,10.8,0.0,21600.0
2025-01-01,11481,6,8.3,10.0,0.0,22900.0
2025-01-01,11481,15,17.0,13.2,0.0,48400.0
2025-01-01,11481,10,11.1,16.2,0.0,25500.0
2025-01-01,11481,16,16.8,14.8,0.0,49100.0
2025-01-01,11481,8,7.5,7.5,0.0,20800.0
2025-01-01,10821,6,7.6,14.8,0.0,18800.0
2025-01-01,10821,19,5.8,23.4,0.0,41500.0
2025-01-01,10821,9,6.7,12.0,0.0,30500.0
2025-01-01,10821,13,9.2,31.0,0.0,39400.0
2025-01-01,10821,15,8.5,33.5,0.0,38500.0
2025-01-01,10821,8,7.9,24.5,0.0,32800.0
2025-01-01,10821,18,6.3,25.3,0.0,41500.0
2025-01-01,10821,7,7.9,18.8,0.0,24700.0
2025-01-01,10821,20,5.4,13.0,0.0,40700.0
2025-01-01,10821,12,8.7,28.2,0.0,35400.0
2025-01-01,10821,17,7.0,23.5,0.0,40000.0
2025-01-01,10821,14,9.3,32.4,0.0,39700.0
2025-01-01,10821,11,7.9,26.7,0.0,33500.0
2025-01-01,10821,10,6.8,26.3,0.0,34800.0
2025-01-01,10821,21,4.8,10.6,0.0,37400.0
2025-01-01,10821,16,8.2,28.6,0.0,40100.0
2025-01-01,10821,5,7.1,8.7,0.0,14700.0
2025-01-01,10821,22,4.2,8.9,0.0,30800.0
2025-01-01,12889,22,7.4,3.3,0.0,72500.0
2025-01-01,12889,0,5.8,8.0,0.0,58200.0
2025-01-01,12889,12,11.7,3.8,0.0,70200.0
2025-01-01,12889,8,2.7,6.8,0.0,54200.0
2025-01-01,12889,14,13.6,3.3,0.0,77600.0
2025-01-01,12889,7,3.2,9.3,0.0,53800.0
2025-01-01,12889,6,3.9,8.9,0.0,55200.0
2025-01-01,12889,10,7.6,0.7,0.0,53600.0
2025-01-01,12889,5,4.8,9.7,0.0,55000.0
2025-01-01,12889,9,4.1,3.4,0.0,44700.0
2025-01-01,12889,13,12.8,6.9,0.0,75100.0
2025-01-01,12889,18,11.9,2.6,0.0,80800.0
2025-01-01,12889,23,7.2,8.3,0.0,71800.0
2025-01-01,12889,16,14.2,5.2,0.0,76500.0
2025-01-01,12889,15,14.0,3.9,0.0,77100.0
2025-01-01,12889,11,10.1,1.0,0.0,61500.0
2025-01-01,12889,1,5.5,5.1,0.0,56700.0
2025-01-01,12889,17,13.7,4.1,0.0,78000.0
2025-01-01,12889,20,9.4,2.9,0.0,80400.0
2025-01-01,12889,19,10.6,1.8,0.0,81000.0
2025-01-01,12889,21,8.8,6.6,0.0,78900.0
2025-01-01,15304,9,17.6,7.9,0.0,12500.0
2025-01-01,15304,15,23.3,7.6,0.0,40100.0
2025-01-01,15304,13,21.7,4.7,0.0,35400.0
2025-01-01,15304,19,16.6,9.9,0.0,31400.0
2025-01-01,15304,16,23.5,10.6,0.0,55900.0
2025-01-01,15304,5,20.3,5.8,0.0,12800.0
2025-01-01,15304,18,19.6,13.5,0.0,41500.0
2025-01-01,15304,8,18.0,6.0,0.0,12800.0
2025-01-01,15304,17,22.4,13.9,0.0,50600.0
2025-01-01,15304,6,19.6,8.2,0.0,12900.0
2025-01-01,15304,12,20.6,7.8,0.0,26000.0
2025-01-01,15304,7,18.6,7.7,0.0,12600.0
2025-01-01,15304,11,19.0,10.5,0.0,18700.0
2025-01-01,15304,10,18.3,10.4,0.0,12800.0
2025-01-01,15304,14,22.5,4.0,0.0,34300.0
2025-01-01,15304,21,13.9,8.1,0.0,20400.0
2025-01-01,15304,22,13.2,8.8,0.0,19000.0
2025-01-01,15304,20,14.9,7.4,0.0,24400.0
2025-01-01,11638,23,8.5,5.0,0.0,19900.0
2025-01-01,11638,12,11.1,4.0,0.0,24700.0
2025-01-01,11638,6,5.0,1.0,0.0,18100.0
2025-01-01,11638,22,9.2,7.1,0.0,26900.0
2025-01-01,11638,20,10.7,3.2,0.0,29600.0
2025-01-01,11638,19,11.9,5.4,0.0,35700.0
2025-01-01,11638,11,8.3,4.5,0.0,22500.0
2025-01-01,11638,8,3.5,4.8,0.0,800.0
2025-01-01,11638,7,4.1,5.6,0.0,2100.0
2025-01-01,11638,15,15.1,6.6,0.0,42500.0
2025-01-01,11638,18,13.4,5.6,0.0,39400.0
2025-01-01,11638,16,15.3,5.6,0.0,40600.0
2025-01-01,11638,9,5.0,6.2,0.0,200.0
2025-01-01,11638,14,14.5,2.5,0.0,41500.0
2025-01-01,11638,5,5.7,1.5,0.0,17900.0
2025-01-01,11638,13,13.1,2.9,0.0,31900.0
2025-01-01,10792,6,3.3,18.8,1.8,200.0
2025-01-01,10792,11,1.7,22.0,0.7,7200.0
2025-01-01,10792,19,1.0,17.6,0.0,19300.0
2025-01-01,10792,14,1.9,24.8,0.0,13400.0
2025-01-01,10792,10,2.0,19.1,0.4,13900.0
2025-01-01,10792,17,1.9,17.4,0.0,19800.0
2025-01-01,10792,20,0.7,16.9,0.0,20100.0
2025-01-01,10792,13,2.3,22.0,0.0,14400.0
2025-01-01,10792,8,2.2,16.5,0.4,13300.0
2025-01-01,10792,5,3.9,18.4,1.1,200.0
2025-01-01,10792,12,1.9,24.9,0.4,13900.0
2025-01-01,10792,7,2.9,19.6,0.4,12400.0
2025-01-01,10792,16,2.3,22.4,0.0,22200.0
2025-01-01,10792,18,1.8,17.6,0.0,20700.0
2025-01-01,10792,15,2.6,24.0,0.0,20600.0
2025-01-01,10792,9,2.0,18.3,0.4,12800.0
2025-01-01,10800,12,19.2,6.3,0.0,66700.0
2025-01-01,10800,7,8.6,5.6,0.0,41000.0
2025-01-01,10800,10,13.3,2.2,0.0,59600.0
2025-01-01,10800,20,14.4,3.4,0.0,37100.0
2025-01-01,10800,9,10.1,2.9,0.0,55000.0
2025-01-01,10800,17,19.4,6.5,0.0,48700.0
2025-01-01,10800,14,20.7,6.6,0.0,49800.0
2025-01-01,10800,16,21.0,8.5,0.0,50700.0
2025-01-01,10800,13,21.1,9.7,0.0,59800.0
2025-01-01,10800,11,16.9,7.1,0.0,61300.0
2025-01-01,10800,19,15.2,7.2,0.0,42500.0
2025-01-01,10800,15,21.4,12.1,0.0,51400.0
2025-01-01,10800,8,8.8,4.7,0.0,43500.0
2025-01-01,10800,18,17.1,5.0,0.0,46800.0
2025-01-01,10140,10,0.9,0.8,0.0,35000.0
2025-01-01,10140,8,-3.5,3.6,0.0,38900.0
2025-01-01,10140,5,-0.9,8.9,0.0,40100.0
2025-01-01,10140,13,8.1,4.2,0.0,66600.0
2025-01-01,10140,17,10.3,1.1,0.0,74000.0
2025-01-01,10140,15,10.1,5.5,0.0,71100.0
2025-01-01,10140,7,-2.2,3.8,0.0,42800.0
2025-01-01,10140,11,3.9,3.7,0.0,44600.0
2025-01-01,10140,6,-1.1,7.6,0.0,44200.0
2025-01-01,10140,9,-3.2,4.1,0.0,35200.0
2025-01-01,10140,14,9.3,4.1,0.0,68600.0
2025-01-01,10140,12,6.2,5.4,0.0,54200.0
2025-01-01,10140,18,8.6,4.1,0.0,82200.0
2025-01-01,10140,16,10.7,4.0,0.0,74500.0
2025-01-01,14869,5,-3.5,6.4,0.0,40600.0
2025-01-01,14869,16,5.7,7.6,0.0,55200.0
2025-01-01,14869,11,-0.1,5.6,0.0,36100.0
2025-01-01,14869,13,2.8,4.9,0.0,42700.0
2025-01-01,14869,7,-3.4,8.9,0.0,35100.0
2025-01-01,14869,23,4.8,5.4,0.0,39100.0
2025-01-01,14869,0,-3.9,7.8,0.0,31900.0
2025-01-01,14869,8,-3.1,2.7,0.0,33300.0
2025-01-01,14869,12,0.9,8.4,0.0,35900.0
2025-01-01,14869,17,5.5,7.6,0.0,56600.0
2025-01-01,14869,22,4.8,4.7,0.0,36700.0
2025-01-01,14869,15,5.1,8.1,0.0,52800.0
2025-01-01,14869,21,4.0,6.5,0.0,40800.0
2025-01-01,14869,9,-3.6,9.8,0.0,25600.0
2025-01-01,14869,6,-3.6,6.4,0.0,40400.0
2025-01-01,14869,20,4.7,7.9,0.0,50400.0
2025-01-01,14869,14,4.4,5.6,0.0,47800.0
2025-01-01,14869,19,4.1,7.8,0.0,46400.0
2025-01-01,14869,10,-2.5,6.1,0.0,35000.0
2025-01-01,14869,18,4.7,7.1,0.0,51100.0
2025-01-01,11624,14,23.9,16.2,0.0,15300.0
2025-01-01,11624,18,22.6,14.4,0.0,16200.0
2025-01-01,11624,13,23.7,15.1,0.0,15400.0
2025-01-01,11624,17,23.3,14.1,0.0,15400.0
2025-01-01,11624,16,24.0,12.7,0.0,16200.0
2025-01-01,11624,8,21.2,11.3,0.0,13400.0
2025-01-01,11624,12,24.0,14.6,0.0,15400.0
2025-01-01,11624,11,23.3,13.8,0.0,15700.0
2025-01-01,11624,15,24.1,14.4,0.0,15600.0
2025-01-01,11624,10,22.5,11.9,0.0,14200.0
2025-01-01,11624,19,21.3,15.9,0.0,17300.0
2025-01-01,10299,20,-11.2,11.1,0.0,24140.0
2025-01-01,10299,22,-10.6,10.6,0.0,21300.0
2025-01-01,10299,1,-12.0,9.7,0.0,24140.0
2025-01-01,10299,17,-11.3,11.4,0.0,24140.0
2025-01-01,10299,0,-11.7,10.1,0.0,24140.0
2025-01-01,10299,10,-12.9,12.2,0.0,24140.0
2025-01-01,10299,6,-12.8,11.8,0.0,24140.0
2025-01-01,10299,11,-12.7,12.5,0.0,24140.0
2025-01-01,10299,7,-12.6,11.4,0.0,24140.0
2025-01-01,10299,2,-12.2,10.4,0.0,24140.0
2025-01-01,10299,19,-11.1,11.1,0.0,24140.0
2025-01-01,10299,5,-13.0,11.5,0.0,24140.0
2025-01-01,10299,9,-12.9,11.9,0.0,24140.0
2025-01-01,10299,23,-10.2,10.7,0.0,20120.0
2025-01-01,10299,14,-11.1,11.8,0.0,24140.0
2025-01-01,10299,13,-11.7,12.1,0.0,24140.0
2025-01-01,14057,23,4.5,5.2,0.0,14700.0
2025-01-01,14057,11,4.8,3.6,0.0,12200.0
2025-01-01,14057,13,5.4,5.7,0.0,12200.0
2025-01-01,14057,5,4.4,4.7,0.0,13500.0
2025-01-01,14057,14,5.9,5.8,0.0,13700.0
2025-01-01,14057,12,5.0,3.6,0.0,12200.0
2025-01-01,14057,22,4.7,6.4,0.0,14800.0
2025-01-01,14057,8,4.6,4.1,0.0,4700.0
2025-01-01,14057,7,4.6,6.4,0.0,13400.0
2025-01-01,14057,10,4.7,6.4,0.0,12800.0
2025-01-01,14057,19,5.3,3.6,0.7,15100.0
2025-01-01,14057,6,4.7,6.8,0.0,13800.0
2025-01-01,14057,21,4.9,4.7,0.0,14800.0
2025-01-01,14057,17,6.1,2.9,0.0,15900.0
2025-01-01,14057,15,6.2,6.8,0.0,14800.0
2025-01-01,14057,18,5.6,4.4,0.0,13300.0
2025-01-01,14057,20,4.9,3.0,0.0,14600.0
2025-01-01,14057,9,4.4,5.4,0.0,12200.0
2025-01-01,14057,16,6.0,4.0,0.0,15200.0
2025-01-01,14307,11,9.0,8.5,0.0,13500.0
2025-01-01,14307,6,8.4,2.3,0.0,12200.0
2025-01-01,14307,15,8.7,18.1,0.0,19600.0
2025-01-01,14307,7,8.2,6.6,0.0,12200.0
2025-01-01,14307,18,7.5,7.7,0.0,17400.0
2025-01-01,14307,10,8.5,4.9,0.0,3100.0
2025-01-01,14307,8,8.1,6.0,0.0,12200.0
2025-01-01,14307,14,9.3,16.6,0.0,19700.0
2025-01-01,14307,12,9.5,10.6,0.0,14400.0
2025-01-01,14307,17,8.2,11.8,0.0,18600.0
2025-01-01,14307,5,8.6,7.0,0.0,13000.0
2025-01-01,14307,13,9.5,14.3,0.0,15400.0
2025-01-01,14307,16,8.6,14.1,0.0,19600.0
2025-01-01,14683,14,16.0,14.5,0.0,42200.0
2025-01-01,14683,9,8.5,13.8,0.0,27500.0
2025-01-01,14683,12,13.2,18.4,0.0,34800.0
2025-01-01,14683,5,9.8,15.0,0.0,34200.0
2025-01-01,14683,20,13.8,5.9,0.0,45900.0
2025-01-01,14683,8,8.5,13.1,0.0,26600.0
2025-01-01,14683,6,9.3,16.6,0.0,30100.0
2025-01-01,14683,7,8.8,16.8,0.0,28200.0
2025-01-01,14683,18,16.7,11.5,0.0,52400.0
2025-01-01,14683,10,9.5,16.1,0.0,27600.0
2025-01-01,14683,19,14.5,10.8,0.0,49700.0
2025-01-01,14683,17,17.2,13.1,0.0,48600.0
2025-01-01,14683,13,14.8,17.8,0.0,34900.0
2025-01-01,14683,11,11.5,17.9,0.0,28700.0
2025-01-01,14683,16,17.2,13.0,0.0,47200.0
2025-01-01,14683,15,16.6,12.9,0.0,45200.0
2025-01-01,14683,21,12.4,9.4,0.0,35000.0
2025-01-01,10994,5,10.8,14.1,0.0,30700.0
2025-01-01,10994,19,11.4,5.4,0.0,37600.0
2025-01-01,10994,20,9.6,5.4,0.0,25800.0
2025-01-01,10994,6,9.6,12.6,0.0,27200.0
2025-01-01,10994,9,8.1,14.2,0.0,25400.0
2025-01-01,10994,8,8.4,11.9,0.0,26600.0
2025-01-01,10994,18,13.5,11.7,0.0,41600.0
2025-01-01,10994,17,15.1,15.2,0.0,43800.0
2025-01-01,10994,15,14.9,15.7,0.0,42000.0
2025-01-01,10994,13,13.2,15.4,0.0,36700.0
2025-01-01,10994,12,12.1,17.4,0.0,33000.0
2025-01-01,10994,7,9.0,12.4,0.0,26800.0
2025-01-01,10994,10,9.6,17.8,0.0,26600.0
2025-01-01,10994,14,14.3,15.5,0.0,39800.0
2025-01-01,10994,11,10.8,18.0,0.0,28400.0
2025-01-01,10994,16,15.3,17.3,0.0,42700.0
2025-01-01,13891,10,14.0,1.6,0.0,61200.0
2025-01-01,13891,6,8.6,1.8,0.0,55500.0
2025-01-01,13891,12,19.6,1.1,0.0,72400.0
2025-01-01,13891,22,9.5,8.7,0.0,25500.0
2025-01-01,13891,23,10.9,10.5,0.0,47600.0
2025-01-01,13891,14,23.6,5.2,0.0,81000.0
2025-01-01,13891,7,7.8,6.4,0.0,54800.0
2025-01-01,13891,5,7.1,0.0,0.0,40300.0
2025-01-01,13891,13,21.1,6.9,0.0,81400.0
2025-01-01,13891,15,23.2,10.5,0.0,72200.0
2025-01-01,13891,0,8.9,6.4,0.0,25700.0
2025-01-01,13891,16,22.2,13.8,0.0,69000.0
2025-01-01,13891,18,17.2,9.4,0.0,50200.0
2025-01-01,13891,11,16.3,6.1,0.0,67500.0
2025-01-01,13891,9,8.1,8.2,0.0,49900.0
2025-01-01,13891,19,14.7,8.7,0.0,42800.0
2025-01-01,13891,8,7.3,4.6,0.0,45400.0
2025-01-01,14679,6,10.2,7.0,0.0,200.0
2025-01-01,14679,14,15.5,10.0,0.0,18900.0
2025-01-01,14679,21,9.8,1.5,0.0,13300.0
2025-01-01,14679,10,10.2,1.6,0.0,200.0
2025-01-01,14679,12,14.5,3.2,0.0,19300.0
2025-01-01,14679,9,9.1,6.5,0.0,200.0
2025-01-01,14679,16,15.1,10.7,0.0,16700.0
2025-01-01,14679,11,12.5,5.9,0.0,200.0
2025-01-01,14679,13,15.9,7.3,0.0,21400.0
2025-01-01,14679,22,9.4,6.2,0.0,14000.0
2025-01-01,14679,8,9.0,4.4,0.0,200.0
2025-01-01,14679,7,9.9,8.3,0.0,200.0
2025-01-01,14679,15,15.5,11.5,0.0,17200.0
2025-01-01,14679,18,14.1,5.8,0.0,18300.0
2025-01-01,14679,20,11.0,4.1,0.0,17700.0
2025-01-01,14679,19,11.7,4.8,0.0,14900.0
2025-01-01,14679,17,15.2,9.9,0.0,18200.0
2025-01-01,14685,13,13.7,13.2,0.0,40400.0
2025-01-01,14685,6,10.2,11.7,0.0,33500.0
2025-01-01,14685,8,8.7,10.6,0.0,32200.0
2025-01-01,14685,16,15.5,17.6,0.0,49200.0
2025-01-01,14685,10,9.8,13.0,0.0,29400.0
2025-01-01,14685,20,10.2,6.6,0.0,34400.0
2025-01-01,14685,12,12.4,16.2,0.0,35900.0
2025-01-01,14685,17,15.0,17.4,0.0,50900.0
2025-01-01,14685,9,8.3,9.0,0.0,28200.0
2025-01-01,14685,14,14.5,15.4,0.0,43300.0
2025-01-01,14685,7,9.5,12.4,0.0,31300.0
2025-01-01,14685,18,13.8,11.3,0.0,49500.0
2025-01-01,14685,11,11.2,16.3,0.0,32100.0
2025-01-01,14685,19,12.0,7.3,0.0,44700.0
2025-01-01,14685,15,15.2,17.6,0.0,45300.0
2025-01-01,14893,12,11.2,3.5,0.0,22900.0
2025-01-01,14893,23,8.9,5.9,0.0,15700.0
2025-01-01,14893,6,4.2,3.1,0.0,14100.0
2025-01-01,14893,13,12.2,4.4,0.0,21100.0
2025-01-01,14893,11,9.9,2.3,0.0,21600.0
2025-01-01,14893,0,6.5,6.4,0.0,17800.0
2025-01-01,14893,22,9.7,5.9,0.0,14900.0
2025-01-01,14893,14,11.8,6.0,0.0,20700.0
2025-01-01,14893,8,4.9,6.2,0.0,14700.0
2025-01-01,14893,15,12.3,4.7,0.0,24600.0
2025-01-01,14893,17,11.8,2.3,0.0,21100.0
2025-01-01,14893,5,4.1,4.9,0.0,13000.0
2025-01-01,14893,7,4.1,3.9,0.0,14600.0
2025-01-01,14893,16,12.4,0.8,0.0,22400.0
2025-01-01,14893,19,10.8,5.4,0.0,16400.0
2025-01-01,14893,9,6.1,2.3,0.0,14600.0
2025-01-01,14893,10,7.4,2.5,0.0,13500.0
2025-01-01,14893,18,10.9,3.7,0.0,22400.0
2025-01-01,14893,20,10.4,3.3,0.0,13400.0
2025-01-01,15016,13,2.9,17.3,0.0,29600.0
2025-01-01,15016,11,2.3,15.0,0.0,29100.0
2025-01-01,15016,5,0.4,17.0,0.0,23500.0
2025-01-01,15016,6,0.2,13.6,0.0,25400.0
2025-01-01,15016,17,3.6,12.2,0.0,34600.0
2025-01-01,15016,10,1.2,14.8,0.0,26100.0
2025-01-01,15016,7,0.3,11.5,0.0,24700.0
2025-01-01,15016,14,3.6,16.9,0.0,32600.0
2025-01-01,15016,9,0.2,14.2,0.0,24500.0
2025-01-01,15016,12,2.6,18.9,0.0,31100.0
2025-01-01,15016,15,3.9,14.4,0.0,32900.0
2025-01-01,15016,18,2.5,8.3,0.0,32800.0
2025-01-01,15016,8,0.1,10.5,0.0,23900.0
2025-01-01,15016,16,4.1,15.8,0.0,34500.0
2025-01-01,15016,20,0.9,5.5,0.0,30200.0
2025-01-01,15016,19,1.6,6.8,0.0,29800.0
2025-01-01,15027,18,27.0,13.6,0.0,20620.0
2025-01-01,15027,16,28.4,16.4,0.0,24140.0
2025-01-01,15027,15,28.6,18.0,0.0,24140.0
2025-01-01,15027,17,27.6,16.1,0.0,17820.0
2025-01-01,14843,18,26.6,19.6,0.0,24140.0
2025-01-01,14843,13,25.9,14.1,0.1,17420.0
2025-01-01,14843,14,25.9,16.1,0.2,18220.0
2025-01-01,14843,9,25.1,9.0,0.2,15400.0
2025-01-01,14843,6,23.1,11.1,0.1,14460.0
2025-01-01,14843,16,26.4,17.0,0.0,24140.0
2025-01-01,14843,7,23.0,10.1,0.1,18440.0
2025-01-01,14843,5,23.1,10.8,0.0,24140.0
2025-01-01,14843,22,26.3,14.2,0.0,24140.0
2025-01-01,14843,19,26.3,15.7,0.0,24140.0
2025-01-01,14843,12,25.7,11.7,0.1,23420.0
2025-01-01,14843,17,27.0,20.1,0.0,24140.0
2025-01-01,14843,3,23.5,9.0,0.1,22480.0
2025-01-01,14843,21,26.0,15.4,0.0,24140.0
2025-01-01,14843,10,25.4,12.6,0.0,18140.0
2025-01-01,14843,20,26.2,17.6,0.0,24140.0
2025-01-01,14843,4,23.2,10.7,0.0,16580.0
2025-01-01,14843,11,25.6,13.1,0.1,18200.0
2025-01-01,14843,15,25.8,17.0,0.1,23320.0
2025-01-01,14843,8,23.3,8.9,0.2,13320.0
2025-01-01,14843,2,23.2,11.2,0.3,23280.0
2025-01-01,14843,23,25.8,13.7,0.0,24140.0
2025-01-01,11697,12,23.4,7.6,0.0,19700.0
2025-01-01,11697,13,24.3,9.8,0.0,22700.0
2025-01-01,11697,15,26.2,6.7,0.0,38600.0
2025-01-01,11697,11,22.5,7.9,0.0,17700.0
2025-01-01,11697,17,26.8,14.2,0.0,43100.0
2025-01-01,11697,19,24.1,10.2,0.0,57000.0
2025-01-01,11697,6,20.9,7.0,0.0,13400.0
2025-01-01,11697,8,20.0,6.8,0.0,12900.0
2025-01-01,11697,7,20.5,6.2,0.0,14200.0
2025-01-01,11697,18,25.7,8.9,0.0,43900.0
2025-01-01,11697,14,25.2,8.4,0.0,27400.0
2025-01-01,11697,16,26.5,10.0,0.0,41800.0
2025-01-01,11697,10,21.4,8.0,0.0,17300.0
2025-01-01,11697,9,20.3,4.9,0.0,12800.0
2025-01-01,11697,20,21.4,9.4,0.0,41000.0
2025-01-01,11697,21,20.0,8.8,0.0,49000.0
2025-01-01,11697,22,19.2,5.0,0.0,39400.0
2025-01-01,13244,5,3.4,7.0,0.0,15200.0
2025-01-01,13244,6,3.0,4.5,0.0,15200.0
2025-01-01,13244,7,4.4,7.8,0.0,16300.0
2025-01-01,13244,14,4.1,12.6,0.0,22500.0
2025-01-01,13244,10,4.2,14.7,0.0,19400.0
2025-01-01,13244,16,4.8,9.8,0.0,28300.0
2025-01-01,13244,18,3.3,3.1,0.0,25000.0
2025-01-01,13244,17,4.4,7.2,0.0,25600.0
2025-01-01,13244,9,4.6,12.7,0.0,19500.0
2025-01-01,13244,19,2.1,1.0,0.0,22100.0
2025-01-01,13244,13,4.1,15.0,0.0,22200.0
2025-01-01,13244,11,4.1,16.1,0.0,20400.0
2025-01-01,13244,20,1.3,3.7,0.0,22300.0
2025-01-01,13244,15,4.5,11.6,0.0,25900.0
2025-01-01,13244,8,4.5,10.5,0.0,18100.0
2025-01-01,13244,12,4.1,14.4,0.0,20700.0
2025-01-01,12266,7,7.8,10.9,0.0,17400.0
2025-01-01,12266,18,14.4,6.2,0.0,29500.0
2025-01-01,12266,14,14.6,7.2,0.0,29400.0
2025-01-01,12266,10,9.4,13.7,0.0,17700.0
2025-01-01,12266,6,8.4,12.7,0.0,19100.0
2025-01-01,12266,17,15.2,5.1,0.0,33600.0
2025-01-01,12266,16,15.6,6.8,0.0,31500.0
2025-01-01,12266,5,8.9,11.2,0.0,20000.0
2025-01-01,12266,9,8.0,10.7,0.0,17800.0
2025-01-01,12266,8,7.9,10.1,0.0,17000.0
2025-01-01,12266,11,10.8,14.5,0.0,21500.0
2025-01-01,12266,19,13.1,3.4,0.0,28900.0
2025-01-01,12266,12,12.0,14.1,0.0,22100.0
2025-01-01,12266,21,11.0,5.9,0.0,22600.0
2025-01-01,12266,20,12.3,7.4,0.0,26400.0
2025-01-01,12266,15,15.3,4.5,0.0,31800.0
2025-01-01,12266,22,10.2,4.7,0.0,20000.0
2025-01-01,12266,13,13.3,12.5,0.0,26500.0
2025-01-01,12266,23,10.0,4.7,0.0,18200.0
2025-01-01,15096,17,1.9,25.6,0.4,13400.0
2025-01-01,15096,5,3.5,11.9,0.4,13700.0
2025-01-01,15096,11,2.6,5.4,0.4,12200.0
2025-01-01,15096,6,3.3,8.8,0.0,13000.0
2025-01-01,15096,19,1.4,30.7,1.1,14700.0
2025-01-01,15096,7,3.2,6.9,0.0,12200.0
2025-01-01,15096,16,2.1,24.1,0.4,14000.0
2025-01-01,15096,14,2.4,24.6,0.0,12800.0
2025-01-01,15096,18,1.7,28.8,0.7,15500.0
2025-01-01,15096,13,3.2,23.1,0.4,10100.0
2025-01-01,15096,12,3.3,16.1,0.7,6200.0
2025-01-01,15096,8,3.0,4.5,0.0,9500.0
2025-01-01,14570,6,-0.9,5.2,0.0,13400.0
2025-01-01,14570,12,8.4,13.8,0.0,44800.0
2025-01-01,14570,11,5.7,5.1,0.0,26500.0
2025-01-01,14570,14,11.1,18.1,0.0,51800.0
2025-01-01,14570,23,6.3,2.6,0.0,28300.0
2025-01-01,14570,15,10.8,20.4,0.0,44500.0
2025-01-01,14570,22,6.5,3.7,0.0,30500.0
2025-01-01,14570,13,11.1,15.5,0.0,54900.0
2025-01-01,14570,20,7.3,7.8,0.0,32700.0
2025-01-01,14570,16,10.8,17.1,0.0,45300.0
2025-01-01,14570,18,8.7,12.4,0.0,33700.0
2025-01-01,14570,7,0.1,1.1,0.0,19900.0
2025-01-01,14570,9,0.2,5.4,0.0,24600.0
2025-01-01,14570,10,3.8,4.1,0.0,29000.0
2025-01-01,14570,8,0.7,6.9,0.0,32900.0
2025-01-01,14570,5,-0.7,2.7,0.0,16000.0
2025-01-01,14570,17,9.8,17.6,0.0,39100.0
2025-01-01,14570,19,7.2,1.3,0.0,33100.0
2025-01-01,10529,13,8.9,9.2,0.0,18600.0
2025-01-01,10529,7,5.6,7.9,0.0,14400.0
2025-01-01,10529,18,7.5,17.7,2.2,8900.0
2025-01-01,10529,19,5.6,17.2,0.0,19200.0
2025-01-01,10529,6,5.6,6.3,0.0,12700.0
2025-01-01,10529,5,5.7,11.7,0.0,12600.0
2025-01-01,10529,11,7.5,5.6,0.0,3100.0
2025-01-01,10529,10,6.4,1.4,0.0,200.0
2025-01-01,10529,15,9.2,12.8,0.0,23300.0
2025-01-01,10529,22,4.3,15.1,0.0,21800.0
2025-01-01,10529,9,5.5,3.1,0.0,2100.0
2025-01-01,10529,16,9.1,10.0,0.0,20600.0
2025-01-01,10529,21,4.8,9.7,0.0,19500.0
2025-01-01,10529,14,9.1,7.7,0.0,18300.0
2025-01-01,10529,17,8.4,8.5,0.0,17300.0
2025-01-01,10529,12,8.0,8.3,0.0,17300.0
2025-01-01,10529,8,5.5,2.9,0.0,200.0
2025-01-01,14908,6,10.5,3.4,0.0,2100.0
2025-01-01,14908,7,10.1,6.6,0.0,2100.0
2025-01-01,14908,18,15.3,1.5,0.0,25800.0
2025-01-01,14908,10,9.9,3.2,0.0,12200.0
2025-01-01,14908,11,10.9,8.0,0.0,12300.0
2025-01-01,14908,12,13.9,9.2,0.0,19100.0
2025-01-01,14908,13,15.1,8.5,0.0,18300.0
2025-01-01,14908,14,16.5,6.6,0.0,19100.0
2025-01-01,14908,16,18.0,5.9,0.0,29000.0
2025-01-01,14908,8,9.9,5.1,0.0,200.0
2025-01-01,14908,19,13.9,1.8,0.0,26100.0
2025-01-01,14908,17,17.1,5.9,0.0,26900.0
2025-01-01,14908,9,9.2,2.6,0.0,200.0
2025-01-01,14908,15,17.1,6.4,0.0,22100.0
2025-01-01,14908,21,10.9,4.0,0.0,14800.0
2025-01-01,14908,20,12.5,5.8,0.0,17500.0
2025-01-01,12441,12,10.3,10.1,0.0,30700.0
2025-01-01,12441,15,13.3,12.2,0.0,41400.0
2025-01-01,12441,13,11.4,12.0,0.0,32700.0
2025-01-01,12441,7,3.5,5.5,0.0,17400.0
2025-01-01,12441,14,12.4,11.4,0.0,36000.0
2025-01-01,12441,16,13.4,15.5,0.0,45000.0
2025-01-01,12441,10,6.9,11.9,0.0,19900.0
2025-01-01,12441,8,2.9,4.1,0.0,16100.0
2025-01-01,12441,18,10.6,11.0,0.0,35100.0
2025-01-01,13487,6,-6.4,16.1,0.0,23300.0
2025-01-01,13487,14,-6.7,17.5,0.0,22100.0
2025-01-01,13487,18,-7.2,13.6,0.0,22700.0
2025-01-01,13487,8,-6.4,14.5,0.0,24000.0
2025-01-01,13487,10,-7.1,17.0,0.0,22800.0
2025-01-01,13487,13,-6.8,17.7,0.0,21800.0
2025-01-01,13487,15,-6.9,17.4,0.0,22600.0
2025-01-01,13487,5,-5.9,16.0,0.0,22700.0
2025-01-01,13487,16,-6.7,15.1,0.0,23800.0
2025-01-01,13487,7,-6.5,13.2,0.0,22900.0
2025-01-01,13487,11,-7.1,17.5,0.0,23100.0
2025-01-01,13487,9,-6.9,15.8,0.0,23100.0
2025-01-01,13487,21,-6.8,13.2,0.0,23800.0
2025-01-01,13487,12,-6.7,16.0,0.0,23300.0
2025-01-01,13487,20,-6.8,11.6,0.0,25500.0
2025-01-01,13487,19,-6.8,11.4,0.0,24200.0
2025-01-01,13487,17,-7.1,13.8,0.0,21600.0
2025-01-01,13487,22,-6.8,8.1,0.0,23700.0
2025-01-01,14730,11,0.6,17.8,0.0,18600.0
2025-01-01,14730,6,3.2,13.2,0.0,18900.0
2025-01-01,14730,7,2.7,13.8,0.0,19100.0
2025-01-01,14730,16,1.7,17.8,0.0,28600.0
2025-01-01,14730,8,1.9,16.8,0.0,19000.0
2025-01-01,14730,13,0.7,15.3,0.0,21500.0
2025-01-01,14730,14,1.3,17.6,0.0,24400.0
2025-01-01,14730,20,1.0,10.6,0.0,26300.0
2025-01-01,14730,18,1.6,13.0,0.0,27200.0
2025-01-01,14730,19,1.2,11.0,0.0,25400.0
2025-01-01,14730,15,1.3,15.8,0.0,25700.0
2025-01-01,14730,12,0.5,16.2,0.0,20100.0
2025-01-01,14730,17,1.6,15.9,0.0,28800.0
2025-01-01,14730,9,1.2,17.4,0.0,16300.0
2025-01-01,14730,10,0.8,16.6,0.0,17000.0
2025-01-01,12339,5,1.5,15.1,0.0,17100.0
2025-01-01,12339,14,0.8,21.2,0.0,25800.0
2025-01-01,12339,15,0.4,21.3,0.0,25400.0
2025-01-01,12339,19,-0.1,18.7,0.0,27600.0
2025-01-01,12339,11,-0.5,18.4,0.0,20600.0
2025-01-01,12339,6,1.0,16.8,0.0,17100.0
2025-01-01,12339,20,0.0,17.4,0.0,27700.0
2025-01-01,12339,17,0.4,22.8,0.0,29200.0
2025-01-01,12339,8,-0.3,21.8,0.0,16400.0
2025-01-01,12339,18,0.1,20.2,0.0,29100.0
2025-01-01,12339,7,0.6,19.1,0.0,18500.0
2025-01-01,12339,12,-0.0,19.8,0.0,22900.0
2025-01-01,12339,9,-0.6,19.1,0.0,17800.0
2025-01-01,12339,10,-0.7,18.0,0.0,18500.0
2025-01-01,12339,16,0.6,23.5,0.0,28500.0
2025-01-01,12339,13,-0.0,20.3,0.0,24400.0
2025-01-01,12339,21,0.0,10.8,0.0,23900.0
2025-01-01,15370,15,6.9,3.2,0.0,37900.0
2025-01-01,15370,6,0.6,7.3,0.0,21500.0
2025-01-01,15370,18,6.1,3.6,0.0,40800.0
2025-01-01,15370,7,-0.7,6.9,0.0,21700.0
2025-01-01,15370,10,0.3,5.8,0.0,19900.0
2025-01-01,15370,9,-1.1,3.8,0.0,20700.0
2025-01-01,15370,12,3.3,5.4,0.0,27800.0
2025-01-01,15370,16,7.4,3.3,0.0,41900.0
2025-01-01,15370,17,7.3,2.6,0.0,42900.0
2025-01-01,15370,14,5.8,4.5,0.0,33100.0
2025-01-01,15370,20,2.7,5.6,0.0,31200.0
2025-01-01,15370,8,-1.0,4.6,0.0,21200.0
2025-01-01,15370,11,2.0,6.3,0.0,22900.0
2025-01-01,15370,5,1.2,9.4,0.0,22700.0
2025-01-01,15370,13,4.6,6.3,0.0,31300.0
2025-01-01,15370,19,4.5,4.5,0.0,38700.0
2025-01-01,14747,22,3.0,3.6,0.0,15600.0
2025-01-01,14747,7,3.5,4.8,0.0,13900.0
2025-01-01,14747,13,5.8,1.1,0.0,17000.0
2025-01-01,14747,14,6.3,2.6,0.0,17500.0
2025-01-01,14747,23,2.4,6.3,0.0,16000.0
2025-01-01,14747,15,6.8,2.7,0.0,18800.0
2025-01-01,14747,5,4.1,9.2,0.4,8000.0
2025-01-01,14747,11,4.3,3.1,0.0,15200.0
2025-01-01,14747,0,3.8,6.4,0.0,17800.0
2025-01-01,14747,10,3.9,0.7,0.0,14500.0
2025-01-01,14747,19,4.6,6.6,0.0,16600.0
2025-01-01,14747,9,3.7,3.9,0.0,15300.0
2025-01-01,14747,12,5.0,7.6,0.0,14900.0
2025-01-01,14747,20,3.7,3.0,0.0,14100.0
2025-01-01,14747,17,6.0,4.0,0.0,17500.0
2025-01-01,14747,8,3.6,4.3,0.0,14600.0
2025-01-01,14747,16,6.8,5.4,0.0,19000.0
2025-01-01,14747,21,3.3,3.4,0.0,14400.0
2025-01-01,14747,18,5.2,5.2,0.0,15700.0
2025-01-01,14747,6,3.5,7.9,0.4,14900.0
2025-01-01,14193,19,11.2,8.6,0.0,45800.0
2025-01-01,14193,15,16.3,17.7,0.0,50700.0
2025-01-01,14193,11,11.0,16.4,0.0,32500.0
2025-01-01,14193,6,7.0,14.6,0.0,23800.0
2025-01-01,14193,8,5.8,11.2,0.0,24000.0
2025-01-01,14193,16,16.1,15.9,0.0,50900.0
2025-01-01,14193,12,12.4,14.4,0.0,41000.0
2025-01-01,14193,9,7.3,12.8,0.0,24400.0
2025-01-01,14193,17,15.3,12.8,0.0,54500.0
2025-01-01,14193,7,6.4,12.4,0.0,24400.0
2025-01-01,14193,18,12.6,8.7,0.0,45000.0
2025-01-01,14193,5,7.5,15.5,0.0,24300.0
2025-01-01,14193,14,15.3,13.3,0.0,41900.0
2025-01-01,14193,10,9.4,17.3,0.0,31200.0
2025-01-01,11066,19,-0.2,19.2,0.0,25800.0
2025-01-01,11066,15,0.3,23.6,0.0,18300.0
2025-01-01,11066,5,2.2,20.6,0.0,17100.0
2025-01-01,11066,7,2.2,17.6,0.0,19900.0
2025-01-01,11066,8,2.3,14.1,0.0,19300.0
2025-01-01,11066,6,2.4,19.5,0.0,18400.0
2025-01-01,11066,11,2.7,19.1,0.0,18200.0
2025-01-01,11066,13,1.6,21.1,0.0,15300.0
2025-01-01,11066,10,2.7,15.1,0.0,18400.0
2025-01-01,11066,12,2.3,17.8,0.0,18600.0
2025-01-01,11066,21,-0.1,17.3,0.0,25100.0
2025-01-01,11066,20,-0.2,17.3,0.0,25700.0
2025-01-01,11066,18,-0.2,20.2,0.0,27900.0
2025-01-01,11066,9,2.4,12.5,0.0,17600.0
2025-01-01,11066,14,0.8,22.0,0.0,15700.0
2025-01-01,11066,16,0.2,20.2,0.0,22900.0
2025-01-01,11066,17,-0.2,23.4,0.0,25300.0
2025-01-01,10868,16,14.8,13.0,0.0,54900.0
2025-01-01,10868,7,6.7,5.2,0.0,25100.0
2025-01-01,10868,11,10.1,11.1,0.0,35200.0
2025-01-01,10868,9,5.9,5.6,0.0,26200.0
2025-01-01,10868,20,8.8,5.0,0.0,33300.0
2025-01-01,10868,19,10.6,4.3,0.0,41900.0
2025-01-01,10868,6,7.6,6.2,0.0,32500.0
2025-01-01,10868,17,14.7,11.4,0.0,55500.0
2025-01-01,11603,13,7.1,6.4,0.7,14200.0
2025-01-01,11603,5,5.6,6.5,1.4,14100.0
2025-01-01,11603,8,5.9,6.2,0.0,14600.0
2025-01-01,11603,15,7.2,5.4,0.4,10000.0
2025-01-01,11603,11,6.6,10.6,0.0,15400.0
2025-01-01,11603,17,7.4,5.6,0.0,12400.0
2025-01-01,11603,6,5.8,8.7,0.4,13800.0
2025-01-01,11603,18,7.4,8.5,2.2,3800.0
2025-01-01,11603,14,7.2,7.2,0.0,12900.0
2025-01-01,11986,6,1.5,10.8,0.0,16200.0
2025-01-01,11986,19,-2.1,10.7,0.0,17900.0
2025-01-01,11986,14,-0.4,18.8,0.0,9400.0
2025-01-01,11986,11,-0.1,15.9,0.0,16400.0
2025-01-01,11986,5,1.6,10.4,0.0,15600.0
2025-01-01,11986,7,1.0,12.5,0.0,15900.0
2025-01-01,11986,16,-0.8,18.4,0.0,8500.0
2025-01-01,11986,12,-0.4,15.9,0.0,16300.0
2025-01-01,11986,20,-2.1,9.0,0.0,18600.0
2025-01-01,11986,8,0.7,15.6,0.0,16100.0
2025-01-01,11986,9,0.5,12.4,0.4,10500.0
2025-01-01,11986,15,-0.2,18.6,0.0,17300.0
2025-01-01,11986,18,-1.6,14.0,0.0,15800.0
2025-01-01,11986,10,0.1,15.6,0.0,2600.0
2025-01-01,11986,17,-1.0,16.6,0.0,2600.0
2025-01-01,11986,13,-0.5,15.8,0.0,15900.0
2025-01-01,15412,16,5.5,14.1,0.0,23200.0
2025-01-01,15412,18,4.3,12.3,0.0,23200.0
2025-01-01,15412,11,5.3,9.7,0.0,19400.0
2025-01-01,15412,5,5.1,3.6,0.0,15800.0
2025-01-01,15412,6,5.5,6.9,0.0,16600.0
2025-01-01,15412,8,4.2,4.8,0.0,14900.0
2025-01-01,15412,13,6.1,10.9,0.0,25000.0
2025-01-01,15412,15,5.6,11.6,0.0,22600.0
2025-01-01,15412,9,3.8,5.4,0.0,14200.0
2025-01-01,15412,21,2.8,8.2,0.0,20100.0
2025-01-01,15412,12,5.7,11.5,0.0,21300.0
2025-01-01,15412,19,3.4,9.5,0.0,21300.0
2025-01-01,15412,7,4.8,6.2,0.0,15700.0
2025-01-01,15412,14,5.8,9.2,0.0,23900.0
2025-01-01,15412,17,5.0,13.2,0.0,23600.0
2025-01-01,11193,12,-0.0,20.6,0.0,16300.0
2025-01-01,11193,10,1.1,15.1,0.0,17700.0
2025-01-01,11193,17,0.3,21.1,0.0,27100.0
2025-01-01,11193,7,1.7,13.5,0.0,17400.0
2025-01-01,11193,5,2.3,14.6,0.0,15900.0
2025-01-01,11193,9,1.3,14.0,0.0,17100.0
2025-01-01,11193,18,-0.2,14.4,0.0,27300.0
2025-01-01,11193,6,2.0,12.5,0.0,16600.0
2025-01-01,11193,14,-0.1,20.5,0.0,18900.0
2025-01-01,11193,8,1.4,13.8,0.0,17400.0
2025-01-01,11193,13,0.2,19.5,0.0,19100.0
2025-01-01,11193,15,-0.3,16.9,0.0,21400.0
2025-01-01,11193,11,0.5,17.7,0.0,17300.0
2025-01-01,11193,16,0.5,18.7,0.0,24600.0
2025-01-01,11193,21,-0.5,10.7,0.0,23800.0
2025-01-01,11193,20,-0.3,14.6,0.0,28400.0
2025-01-01,11423,14,-0.6,17.1,0.0,24800.0
2025-01-01,11423,5,-0.8,16.7,0.0,21700.0
2025-01-01,11423,6,-0.5,20.3,0.0,26100.0
2025-01-01,11423,17,-0.1,12.8,0.0,25900.0
2025-01-01,11423,13,-0.8,18.9,0.0,24400.0
2025-01-01,11423,15,-0.2,16.3,0.0,24300.0
2025-01-01,11423,11,-1.5,24.8,0.0,24900.0
2025-01-01,11423,12,-1.3,21.9,0.0,25000.0
2025-01-01,11423,8,-1.1,20.5,0.0,27400.0
2025-01-01,11423,16,-0.3,15.6,0.0,25000.0
2025-01-01,13342,18,-3.4,22.0,0.0,25600.0
2025-01-01,13342,6,-1.3,14.8,0.0,5900.0
2025-01-01,13342,7,-1.5,15.1,0.0,19900.0
2025-01-01,13342,16,-1.6,20.2,0.0,26400.0
2025-01-01,13342,14,-1.4,20.6,0.0,22600.0
2025-01-01,13342,11,-1.1,18.0,0.0,20500.0
2025-01-01,13342,5,-1.2,16.0,0.0,18800.0
2025-01-01,13342,15,-1.4,24.8,0.0,26000.0
2025-01-01,13342,17,-2.4,19.4,0.0,24800.0
2025-01-01,13342,13,-1.2,18.4,0.0,23000.0
2025-01-01,13342,9,-1.4,15.5,0.0,22900.0
2025-01-01,13342,8,-1.2,15.1,0.0,22500.0
2025-01-01,13342,12,-0.8,19.8,0.0,21700.0
2025-01-01,13342,10,-1.4,16.6,0.0,21600.0
2025-01-01,10257,16,5.6,10.8,0.0,19000.0
2025-01-01,10257,5,4.1,6.6,0.0,6600.0
2025-01-01,10257,11,3.8,2.4,0.0,2100.0
2025-01-01,10257,20,3.7,6.4,0.0,18900.0
2025-01-01,10257,10,3.7,3.4,0.0,2100.0
2025-01-01,10257,6,3.9,8.2,3.2,8600.0
2025-01-01,10257,14,4.7,3.1,0.0,12700.0
2025-01-01,10257,12,4.5,0.8,0.0,2100.0
2025-01-01,10257,17,5.1,10.1,0.0,19900.0
2025-01-01,10257,7,3.9,4.7,0.4,14100.0
2025-01-01,10257,18,4.2,7.6,0.0,18800.0
2025-01-01,10257,9,3.6,4.7,0.0,1000.0
2025-01-01,12264,17,6.1,9.4,0.0,40800.0
2025-01-01,12264,6,6.1,20.2,0.0,32400.0
2025-01-01,12264,18,4.6,11.2,0.0,39000.0
2025-01-01,12264,9,5.0,11.3,0.0,35500.0
2025-01-01,12264,7,5.8,15.7,0.0,34900.0
2025-01-01,12264,12,8.0,15.6,0.0,41000.0
2025-01-01,12264,10,6.0,23.0,0.0,35700.0
2025-01-01,12264,16,7.2,10.5,0.0,40700.0
2025-01-01,12264,21,3.2,12.7,0.0,38600.0
2025-01-01,12264,15,8.0,13.0,0.0,43300.0
2025-01-01,12264,8,5.4,8.5,0.0,34700.0
2025-01-01,12264,20,3.6,6.4,0.0,40900.0
2025-01-01,12264,13,8.2,20.2,0.0,42200.0
2025-01-01,12264,14,8.3,14.4,0.0,42900.0
2025-01-01,12264,22,3.5,11.2,0.0,44500.0
2025-01-01,12264,19,3.7,11.2,0.0,38300.0
2025-01-01,14122,19,1.1,18.8,0.0,16500.0
2025-01-01,14122,17,2.5,13.8,0.0,15500.0
2025-01-01,14122,9,1.9,19.8,0.0,16600.0
2025-01-01,14122,13,3.0,22.0,0.0,20300.0
2025-01-01,14122,15,3.7,20.2,0.0,21300.0
2025-01-01,14122,7,2.1,25.0,0.4,15800.0
2025-01-01,14122,6,2.2,23.0,0.4,11200.0
2025-01-01,14122,8,2.1,22.1,0.0,16600.0
2025-01-01,14122,10,1.9,21.0,0.0,16200.0
2025-01-01,14122,11,1.8,21.6,0.0,16800.0
2025-01-01,14122,16,2.7,18.4,0.0,2200.0
2025-01-01,14122,12,2.1,20.2,0.0,18100.0
2025-01-01,14122,5,2.6,23.8,0.4,14400.0
2025-01-01,14122,20,0.1,23.6,0.0,18600.0
2025-01-01,14122,18,2.0,17.4,0.0,18800.0
2025-01-01,14122,14,3.2,20.4,0.0,19800.0
2025-01-01,14262,13,23.1,6.1,0.0,76900.0
2025-01-01,14262,14,23.1,10.8,0.0,73100.0
2025-01-01,14262,6,13.2,6.9,0.0,48600.0
2025-01-01,14262,10,17.5,1.8,0.0,56600.0
2025-01-01,14262,12,21.1,6.1,0.0,66100.0
2025-01-01,14262,15,23.9,11.7,0.0,83500.0
2025-01-01,14262,17,22.3,3.9,0.0,81900.0
2025-01-01,14262,11,19.5,6.6,0.0,54300.0
2025-01-01,14262,9,12.7,3.4,0.0,52900.0
2025-01-01,14262,7,13.0,7.4,0.0,55500.0
2025-01-01,14262,18,19.6,5.4,0.0,82800.0
2025-01-01,14262,16,23.4,6.6,0.0,82100.0
2025-01-01,14262,8,11.8,7.4,0.0,70000.0
2025-01-01,14262,5,13.4,12.8,0.0,50700.0
2025-01-01,14262,23,13.6,6.8,0.0,72200.0
2025-01-01,13230,8,7.1,23.2,0.0,24900.0
2025-01-01,13230,5,5.8,3.4,0.0,3200.0
2025-01-01,13230,15,6.9,34.2,0.0,34700.0
2025-01-01,13230,6,5.7,2.5,0.0,12200.0
2025-01-01,13230,9,5.6,19.5,0.0,24200.0
2025-01-01,13230,12,7.0,28.7,0.0,29600.0
2025-01-01,14831,11,8.2,4.1,0.0,18000.0
2025-01-01,14831,14,13.5,3.7,0.0,31600.0
2025-01-01,14831,6,3.5,1.4,0.0,15600.0
2025-01-01,14831,15,14.3,3.7,0.0,36600.0
2025-01-01,14831,19,11.1,3.2,0.0,27200.0
2025-01-01,14831,10,5.6,3.9,0.0,14200.0
2025-01-01,14831,17,13.7,4.8,0.0,42700.0
2025-01-01,14831,12,10.3,0.4,0.0,20800.0
2025-01-01,14831,7,2.8,3.8,0.0,13500.0
2025-01-01,14831,5,3.9,5.0,0.0,17500.0
2025-01-01,14831,13,11.8,2.1,0.0,24700.0
2025-01-01,14831,21,9.1,1.1,0.0,19900.0
2025-01-01,14831,8,3.0,7.1,0.0,16100.0
2025-01-01,14831,20,10.0,1.1,0.0,24800.0
2025-01-01,14831,18,11.6,9.2,0.0,27200.0
2025-01-01,14831,16,14.1,5.4,0.0,39300.0
2025-01-01,14831,9,3.5,7.1,0.0,15100.0
2025-01-01,14831,22,8.7,6.0,0.0,19000.0
2025-01-01,15024,14,26.9,24.8,0.0,24140.0
2025-01-01,15024,17,26.9,24.9,0.0,24140.0
2025-01-01,15024,13,27.1,24.1,0.0,24140.0
2025-01-01,15024,18,26.8,24.2,0.0,24140.0
2025-01-01,15024,16,27.0,24.4,0.0,24140.0
2025-01-01,15024,12,27.3,22.9,0.0,24140.0
2025-01-01,15024,15,27.0,23.8,0.0,24140.0
2025-01-01,15024,11,27.4,24.0,0.0,24140.0
2025-01-01,10849,14,-4.0,7.5,0.0,19600.0
2025-01-01,10849,15,-4.0,7.1,0.0,18700.0
2025-01-01,10849,13,-4.4,7.1,0.0,20500.0
2025-01-01,10849,17,-3.8,2.6,0.0,20500.0
2025-01-01,10849,12,-4.7,6.0,0.0,3300.0
2025-01-01,10849,5,-8.2,7.9,0.0,37200.0
2025-01-01,10849,20,-5.9,4.3,0.0,23300.0
2025-01-01,10849,11,-5.9,0.7,0.0,25300.0
2025-01-01,10849,16,-3.7,6.3,0.0,19800.0
2025-01-01,10849,7,-8.7,5.4,0.0,34400.0
2025-01-01,10849,10,-8.1,5.6,0.0,26500.0
2025-01-01,10849,6,-8.4,4.7,0.0,38300.0
2025-01-01,10599,6,6.4,8.7,0.0,21800.0
2025-01-01,10599,7,6.0,7.5,0.0,20800.0
2025-01-01,10599,19,7.1,8.4,0.0,26200.0
2025-01-01,10599,5,5.6,5.4,0.0,19700.0
2025-01-01,10599,17,10.9,14.9,0.0,39200.0
2025-01-01,10599,13,10.4,12.7,0.0,30800.0
2025-01-01,10599,10,7.8,12.8,0.0,25800.0
2025-01-01,10599,12,9.3,12.1,0.0,27300.0
2025-01-01,10599,11,8.4,12.4,0.0,27000.0
2025-01-01,10599,14,11.1,13.8,0.0,35300.0
2025-01-01,10599,15,11.6,13.7,0.0,35900.0
2025-01-01,10599,8,6.2,2.8,0.0,21900.0
2025-01-01,10599,18,9.4,9.7,0.0,39500.0
2025-01-01,10599,16,11.6,14.5,0.0,39000.0
2025-01-01,13476,12,12.0,10.8,0.0,35700.0
2025-01-01,13476,9,4.5,5.9,0.0,22000.0
2025-01-01,13476,15,15.0,10.9,0.0,41300.0
2025-01-01,13476,14,14.7,9.0,0.0,42100.0
2025-01-01,13476,16,14.2,10.1,0.0,37600.0
2025-01-01,13476,7,4.2,4.6,0.0,18400.0
2025-01-01,13476,5,6.0,8.0,0.0,40400.0
2025-01-01,13931,6,10.7,17.1,0.0,23000.0
2025-01-01,13931,15,14.3,24.4,0.0,53700.0
2025-01-01,13931,19,10.2,10.1,0.0,49000.0
2025-01-01,13931,10,9.5,20.4,0.0,32600.0
2025-01-01,13931,8,8.7,17.0,0.0,27500.0
2025-01-01,13931,12,12.4,24.3,0.0,41600.0
2025-01-01,13931,16,13.7,24.7,0.0,55400.0
2025-01-01,13931,18,11.4,14.8,0.0,53600.0
2025-01-01,13931,9,8.3,15.1,0.0,27100.0
2025-01-01,13931,14,14.0,25.8,0.0,48600.0
2025-01-01,13931,13,13.6,25.7,0.0,46200.0
2025-01-01,13931,5,11.2,10.0,0.0,13800.0
2025-01-01,13931,11,11.0,22.8,0.0,34600.0
2025-01-01,13931,7,9.6,17.9,0.0,25700.0
2025-01-01,14698,12,16.8,22.5,0.0,53100.0
2025-01-01,14698,16,18.8,19.5,0.0,45500.0
2025-01-01,14698,6,10.3,31.0,0.0,40500.0
2025-01-01,14698,15,19.4,21.4,0.0,43000.0
2025-01-01,14698,18,15.8,12.4,0.0,48200.0
2025-01-01,14698,14,18.7,22.8,0.0,43600.0
2025-01-01,14698,19,14.6,21.7,0.0,49700.0
2025-01-01,14698,7,10.2,15.4,0.0,41300.0
2025-01-01,14698,5,8.9,22.1,0.0,35200.0
2025-01-01,15624,12,12.9,15.6,0.0,37200.0
2025-01-01,15624,16,15.3,11.6,0.0,42800.0
2025-01-01,15624,13,13.9,14.4,0.0,38400.0
2025-01-01,15624,9,8.3,9.4,0.0,22300.0
2025-01-01,15624,6,7.6,9.2,0.0,23700.0
2025-01-01,15624,10,10.4,13.7,0.0,30700.0
2025-01-01,15624,17,14.6,8.4,0.0,40700.0
2025-01-01,15624,11,11.6,16.3,0.0,32700.0
2025-01-01,15624,19,10.3,5.9,0.0,28600.0
2025-01-01,15624,7,7.2,10.1,0.0,23200.0
2025-01-01,15624,14,15.0,15.8,0.0,41200.0
2025-01-01,15919,17,5.8,5.1,0.0,36800.0
2025-01-01,15919,5,-0.3,16.7,0.0,17700.0
2025-01-01,15919,18,4.6,2.3,0.0,35500.0
2025-01-01,15919,14,4.3,8.5,0.0,28700.0
2025-01-01,15919,19,2.5,1.9,0.0,33000.0
2025-01-01,15919,8,-0.7,12.0,0.0,19000.0
2025-01-01,15919,9,-0.7,11.2,0.0,20300.0
2025-01-01,15919,7,-0.7,13.8,0.0,19000.0
2025-01-01,15919,10,-0.1,11.7,0.0,20700.0
2025-01-01,15919,12,2.0,7.3,0.0,22700.0
2025-01-01,15919,6,-0.7,15.2,0.0,18200.0
2025-01-01,15919,16,5.6,5.6,0.0,34300.0
2025-01-01,15919,11,0.8,11.5,0.0,21000.0
2025-01-01,11884,6,0.3,3.5,0.0,12200.0
2025-01-01,11884,5,0.2,1.4,0.0,13700.0
2025-01-01,11884,23,0.9,2.5,0.0,12300.0
2025-01-01,11884,13,1.2,1.9,0.0,12500.0
2025-01-01,11884,7,0.3,3.9,0.0,12200.0
2025-01-01,11884,12,1.0,1.8,0.7,8900.0
2025-01-01,11884,11,0.6,3.6,0.0,3000.0
2025-01-01,11884,14,1.0,3.1,0.0,12300.0
2025-01-01,11884,17,1.4,1.9,0.0,13800.0
2025-01-01,11884,15,1.1,1.9,0.0,12600.0
2025-01-01,11884,19,0.6,3.3,0.0,12700.0
2025-01-01,11884,18,0.7,3.6,0.0,13900.0
2025-01-01,11996,16,13.1,2.7,0.0,50100.0
2025-01-01,11996,6,5.4,12.9,0.0,33400.0
2025-01-01,11996,11,7.9,12.0,0.0,36300.0
2025-01-01,11996,17,13.7,4.8,0.0,56300.0
2025-01-01,11996,10,6.1,4.7,0.0,32200.0
2025-01-01,11996,7,5.2,5.0,0.0,38800.0
2025-01-01,11996,19,8.6,9.4,0.0,41600.0
2025-01-01,11996,8,4.2,7.2,0.0,34900.0
2025-01-01,11996,12,9.7,16.4,0.0,41400.0
2025-01-01,11996,9,3.4,9.4,0.0,27100.0
2025-01-01,11996,14,11.9,9.4,0.0,47700.0
2025-01-01,11996,18,11.1,9.8,0.0,50000.0
2025-01-01,11996,15,12.6,3.3,0.0,48000.0
2025-01-01,12012,12,-15.8,6.2,0.0,14700.0
2025-01-01,12012,14,-11.0,3.1,0.0,19900.0
2025-01-01,12012,13,-13.3,3.7,0.0,15600.0
2025-01-01,12012,15,-9.4,4.0,0.0,21700.0
2025-01-01,12012,7,-21.8,8.7,0.0,12200.0
2025-01-01,12094,13,-7.0,8.1,0.0,29900.0
2025-01-01,12094,14,-4.8,8.0,0.0,37600.0
2025-01-01,12094,15,-3.8,4.9,0.0,41300.0
2025-01-01,12094,12,-8.5,7.2,0.0,28500.0
2025-01-01,12094,16,-3.7,1.8,0.0,38800.0
2025-01-01,12094,11,-10.9,1.6,0.0,28000.0
2025-01-01,12094,7,-15.9,1.6,0.0,21300.0
2025-01-01,12982,16,24.9,15.9,0.1,24140.0
2025-01-01,12982,22,22.6,13.9,0.0,24140.0
2025-01-01,12982,23,22.6,13.8,0.0,24140.0
2025-01-01,12982,14,24.2,17.1,0.3,24140.0
2025-01-01,12982,21,22.7,13.2,0.0,24140.0
2025-01-01,12982,9,22.5,15.5,0.3,24140.0
2025-01-01,12982,8,21.5,14.3,0.2,18100.0
2025-01-01,12982,10,22.8,16.7,0.4,24140.0
2025-01-01,12982,11,23.4,15.7,0.2,18980.0
2025-01-01,12982,12,23.6,16.9,0.3,18880.0
2025-01-01,12982,13,23.6,16.8,0.2,22700.0
2025-01-01,12982,15,25.2,15.6,0.1,24140.0
2025-01-01,12982,17,24.4,14.6,0.0,24140.0
2025-01-01,12982,19,23.0,13.0,0.0,24140.0
2025-01-01,12982,20,22.7,12.8,0.0,24140.0
2025-01-01,12982,6,21.6,12.8,0.1,24140.0
2025-01-01,11775,13,-3.8,15.9,0.0,21500.0
2025-01-01,11775,6,-6.4,16.1,0.0,19300.0
2025-01-01,11775,5,-6.1,19.8,0.0,22000.0
2025-01-01,11775,20,-4.8,3.6,0.0,19900.0
2025-01-01,11775,15,-3.0,13.9,0.0,21700.0
2025-01-01,11775,17,-2.6,10.2,0.0,22900.0
2025-01-01,11775,16,-2.7,11.9,0.0,22800.0
2025-01-01,11775,14,-3.6,15.1,0.0,20300.0
2025-01-01,11775,9,-5.6,17.6,0.0,19400.0
2025-01-01,11775,7,-6.4,12.4,0.0,19300.0
2025-01-01,14689,13,16.8,6.9,0.0,33800.0
2025-01-01,14689,12,16.3,6.8,0.0,30500.0
2025-01-01,14689,18,14.2,2.5,0.0,30500.0
2025-01-01,14689,5,7.6,5.4,0.0,13500.0
2025-01-01,14689,7,6.1,1.9,0.0,12500.0
2025-01-01,14689,6,7.3,5.6,0.0,24700.0
2025-01-01,14689,16,16.8,7.1,0.0,28500.0
2025-01-01,14689,11,14.4,1.8,0.0,19900.0
2025-01-01,14689,14,18.3,4.3,0.0,34500.0
2025-01-01,14689,10,10.6,2.0,0.0,12200.0
2025-01-01,12323,9,9.5,11.9,0.0,32000.0
2025-01-01,12323,7,10.8,14.5,0.0,34000.0
2025-01-01,12323,6,11.4,13.8,0.0,33800.0
2025-01-01,12323,10,11.0,17.9,0.0,35600.0
2025-01-01,12323,17,14.8,17.4,0.0,54000.0
2025-01-01,12323,19,10.8,6.1,0.0,39500.0
2025-01-01,12323,12,13.5,24.4,0.0,44300.0
2025-01-01,12323,16,15.5,18.4,0.0,56200.0
2025-01-01,12323,14,15.1,21.1,0.0,53500.0
2025-01-01,12323,11,12.4,24.9,0.0,42800.0
2025-01-01,13486,13,-1.6,4.0,0.0,21400.0
2025-01-01,13486,14,-1.7,4.0,0.0,18300.0
2025-01-01,13486,8,-4.4,7.9,0.0,29400.0
2025-01-01,13486,16,-1.8,4.1,0.0,15800.0
2025-01-01,13486,5,-3.5,3.8,0.0,34000.0
2025-01-01,13486,12,-2.3,5.8,0.0,21100.0
2025-01-01,13486,6,-4.0,3.6,0.0,35700.0
2025-01-01,14321,5,5.7,16.3,0.0,14200.0
2025-01-01,14321,15,4.2,15.9,0.0,12200.0
2025-01-01,14321,6,5.8,13.0,2.9,4200.0
2025-01-01,14321,12,5.4,26.9,0.4,12700.0
2025-01-01,14321,16,3.8,14.8,0.0,12400.0
2025-01-01,14321,8,5.1,34.7,2.5,4400.0
2025-01-01,14321,14,5.1,15.0,0.0,2100.0
2025-01-01,14321,13,5.4,16.2,0.4,13200.0
2025-01-01,14321,19,3.3,10.8,0.0,13800.0
2025-01-01,14321,7,4.4,21.3,11.9,3500.0
2025-01-01,14321,11,5.2,29.8,0.7,12800.0
2025-01-01,14321,17,3.6,13.6,0.0,13000.0
2025-01-01,12992,6,2.1,5.0,0.0,17300.0
2025-01-01,12992,18,7.0,3.0,0.0,37200.0
2025-01-01,12992,7,1.9,6.3,0.0,17600.0
2025-01-01,12992,16,7.9,2.5,0.0,37300.0
2025-01-01,12992,9,2.5,4.1,0.0,16600.0
2025-01-01,12992,20,3.3,3.2,0.0,24000.0
2025-01-01,12992,12,5.0,8.5,0.0,24900.0
2025-01-01,12992,11,4.7,12.6,0.0,24700.0
2025-01-01,12992,15,7.5,4.1,0.0,35800.0
2025-01-01,12992,17,8.0,2.3,0.0,37900.0
2025-01-01,12992,13,5.9,5.1,0.0,29100.0
2025-01-01,12992,8,1.5,1.5,0.0,17900.0
2025-01-01,12992,10,3.9,7.6,0.0,19800.0
2025-01-01,12992,14,6.8,4.8,0.0,33000.0
2025-01-01,12758,15,5.8,14.8,0.0,24140.0
2025-01-01,12758,21,-1.3,7.7,0.0,24140.0
2025-01-01,12758,20,-0.2,7.6,0.0,24140.0
2025-01-01,12758,16,5.2,15.5,0.0,24140.0
2025-01-01,12758,13,5.5,15.2,0.0,24140.0
2025-01-01,12758,17,3.6,14.4,0.0,24140.0
2025-01-01,12758,14,5.8,16.6,0.0,24140.0
2025-01-01,12758,23,-2.9,9.1,0.0,24140.0
2025-01-01,12758,11,1.6,7.9,0.0,24140.0
2025-01-01,12758,9,-1.9,8.5,0.0,24140.0
2025-01-01,12758,8,-2.5,9.7,0.0,24140.0
2025-01-01,12758,12,3.9,12.7,0.0,24140.0
2025-01-01,12758,10,-0.7,7.6,0.0,24140.0
2025-01-01,12758,18,1.9,10.8,0.0,24140.0
2025-01-01,12758,7,-2.4,13.7,0.0,24140.0
2025-01-01,12758,6,-2.5,14.1,0.0,24140.0
2025-01-01,11630,15,-28.6,3.2,0.0,24140.0
2025-01-01,11630,9,-28.3,3.7,0.0,23760.0
2025-01-01,11630,1,-25.8,3.4,0.0,24140.0
2025-01-01,11630,11,-28.4,3.2,0.0,24140.0
2025-01-01,11630,2,-25.9,3.5,0.0,24140.0
2025-01-01,11630,0,-25.7,3.4,0.0,24140.0
2025-01-01,11630,7,-28.8,3.5,0.0,24140.0
2025-01-01,13796,10,6.0,3.9,0.0,16700.0
2025-01-01,13796,15,11.5,6.8,0.0,21200.0
2025-01-01,13796,5,4.1,2.3,0.0,15100.0
2025-01-01,13796,7,3.8,2.1,0.0,16400.0
2025-01-01,13796,8,4.2,3.1,0.0,15900.0
2025-01-01,13796,9,4.1,5.8,0.0,16000.0
2025-01-01,13796,16,12.3,5.2,0.0,24300.0
2025-01-01,13796,21,9.8,3.4,0.0,17600.0
2025-01-01,13796,14,11.1,4.2,0.0,19400.0
2025-01-01,13796,11,8.6,1.5,0.0,17700.0
2025-01-01,13796,18,10.2,8.6,0.0,17200.0
2025-01-01,13796,12,10.4,3.1,0.0,19800.0
2025-01-01,13796,6,4.0,2.2,0.0,17700.0
2025-01-01,13796,19,10.1,3.0,0.0,19200.0
2025-01-01,13796,20,9.6,2.2,0.0,15300.0
2025-01-01,13796,13,11.3,4.2,0.0,21000.0
2025-01-01,13796,17,11.5,7.0,0.0,20800.0
2025-01-01,12523,8,-8.6,5.5,0.0,24140.0
2025-01-01,12523,5,-8.2,5.3,0.0,24140.0
2025-01-01,12523,9,-8.8,5.3,0.0,24140.0
2025-01-01,12523,20,-9.4,6.0,0.0,24140.0
2025-01-01,10165,14,0.4,7.8,0.0,24140.0
2025-01-01,14004,16,6.7,5.0,0.0,20900.0
2025-01-01,14004,7,2.8,8.2,0.0,14500.0
2025-01-01,14004,20,3.3,3.2,0.0,16800.0
2025-01-01,11259,17,11.2,2.6,0.0,34200.0
2025-01-01,11259,12,8.3,10.4,0.0,30800.0
2025-01-01,11259,8,2.9,5.1,0.0,18400.0
2025-01-01,11259,16,11.4,4.7,0.0,35200.0
2025-01-01,11259,6,3.8,4.8,0.0,18900.0
2025-01-01,11259,10,5.5,8.0,0.0,23900.0
2025-01-01,11259,15,10.9,7.4,0.0,35600.0
2025-01-01,11259,7,3.3,5.9,0.0,20600.0
2025-01-01,11259,13,9.4,8.0,0.0,36000.0
2025-01-01,11259,18,10.6,5.4,0.0,35600.0
2025-01-01,11259,20,7.4,2.6,0.0,28600.0
2025-01-01,11259,14,10.6,5.2,0.0,40800.0
2025-01-01,11259,11,6.9,8.7,0.0,23900.0
2025-01-01,11259,9,2.9,5.8,0.0,17900.0
2025-01-01,11259,19,9.0,1.5,0.0,37700.0
2025-01-01,11259,21,6.7,3.4,0.0,28200.0
2025-01-01,12819,13,0.7,8.3,0.0,24140.0
2025-01-01,12819,17,-0.7,6.6,0.0,24140.0
2025-01-01,14828,11,-1.5,13.3,0.0,24140.0
2025-01-01,14828,19,-2.3,13.6,0.0,24140.0
2025-01-01,12197,6,7.6,9.1,0.0,12200.0
2025-01-01,12197,18,4.8,28.5,0.0,23000.0
2025-01-01,12197,10,7.9,13.0,0.0,16200.0
2025-01-01,12197,15,7.7,21.1,0.0,21300.0
2025-01-01,12197,20,4.6,25.6,0.0,27400.0
2025-01-01,12197,19,4.7,30.7,0.0,28000.0
2025-01-01,12197,7,7.8,10.0,0.0,2600.0
2025-01-01,12197,8,7.8,12.1,0.0,13300.0
2025-01-01,12197,14,9.3,18.9,0.0,23100.0
2025-01-01,12197,16,6.9,27.1,0.0,22600.0
2025-01-01,12197,13,9.5,21.9,0.0,20400.0
2025-01-01,12197,9,7.1,9.3,0.0,13800.0
2025-01-01,12197,12,9.3,17.0,0.0,18300.0
2025-01-01,12197,11,9.0,15.7,0.0,16400.0
2025-01-01,12197,17,5.8,32.1,0.0,24600.0
2025-01-01,14254,1,20.5,3.6,0.0,24140.0
2025-01-01,14254,10,22.5,5.9,0.0,24140.0
2025-01-01,14254,4,20.7,1.1,0.0,24140.0
2025-01-01,14254,12,25.7,10.6,0.1,24140.0
2025-01-01,10732,17,25.4,11.8,0.1,24140.0
2025-01-01,10732,2,21.7,9.9,0.0,24140.0
2025-01-01,10732,21,22.7,9.0,0.0,24140.0
2025-01-01,10732,4,21.1,11.9,0.0,24140.0
2025-01-01,10732,20,23.5,9.1,0.0,24140.0
2025-01-01,10732,3,21.3,9.7,0.0,24140.0
2025-01-01,10732,1,22.9,9.2,0.0,24140.0
2025-01-01,13933,13,6.6,8.7,0.0,13200.0
2025-01-01,13933,16,6.4,10.7,0.0,16400.0
2025-01-01,13933,15,6.7,12.2,0.0,15500.0
2025-01-01,12391,12,10.2,16.3,0.0,17500.0
2025-01-01,12391,16,7.6,27.5,0.0,21700.0
2025-01-01,12391,14,10.4,22.7,0.0,24500.0
2025-01-01,12391,10,8.4,13.6,0.0,3200.0
2025-01-01,12391,20,4.7,25.7,0.0,29200.0
2025-01-01,12391,5,9.1,10.9,0.0,13300.0
2025-01-01,12391,21,4.5,26.7,0.0,29800.0
2025-01-01,12391,6,8.1,14.3,0.0,200.0
2025-01-01,12391,7,7.9,13.7,0.0,13200.0
2025-01-01,12391,18,5.5,29.2,0.0,25600.0
2025-01-01,12391,11,9.4,15.9,0.0,15700.0
2025-01-01,12191,15,15.3,4.5,0.0,31800.0
2025-01-01,12191,10,9.4,13.7,0.0,17700.0
2025-01-01,12191,6,8.4,12.7,0.0,19100.0
2025-01-01,12191,19,13.1,3.4,0.0,28900.0
2025-01-01,12191,18,14.4,6.2,0.0,29500.0
2025-01-01,12191,20,12.3,7.4,0.0,26400.0
2025-01-01,12191,16,15.6,6.8,0.0,31500.0
2025-01-01,12191,8,7.9,10.1,0.0,17000.0
2025-01-01,12191,11,10.8,14.5,0.0,21500.0
2025-01-01,12191,9,8.0,10.7,0.0,17800.0
2025-01-01,12191,14,14.6,7.2,0.0,29400.0
2025-01-01,12191,7,7.8,10.9,0.0,17400.0
2025-01-01,12191,13,13.3,12.5,0.0,26500.0
2025-01-01,12191,21,11.0,5.9,0.0,22600.0
2025-01-01,12191,12,12.0,14.1,0.0,22100.0
2025-01-01,12191,17,15.2,5.1,0.0,33600.0
2025-01-01,13232,10,-1.3,21.7,0.0,22900.0
2025-01-01,13232,6,-0.7,18.9,0.0,21100.0
2025-01-01,13232,15,-1.2,20.5,0.0,24800.0
2025-01-01,13232,9,-1.0,20.8,0.0,25800.0
2025-01-01,13232,14,-0.9,20.5,0.0,24100.0
2025-01-01,13232,8,-0.7,19.8,0.0,22500.0
2025-01-01,13232,22,-1.5,21.6,0.0,26000.0
2025-01-01,13232,12,-0.5,19.5,0.0,24100.0
2025-01-01,13232,11,-1.3,19.1,0.0,17100.0
2025-01-01,13232,17,-1.5,21.9,0.0,25300.0
2025-01-01,13232,16,-1.2,19.5,0.0,24600.0
2025-01-01,13232,20,-2.4,18.4,0.0,23700.0
2025-01-01,13232,7,-0.6,17.3,0.0,21400.0
2025-01-01,13232,18,-1.8,19.8,0.0,25200.0
2025-01-01,13232,19,-2.2,19.5,0.0,24500.0
2025-01-01,13232,13,-0.9,22.1,0.0,24000.0
2025-01-01,13577,9,7.7,11.3,0.0,24200.0
2025-01-01,13577,11,11.3,19.4,0.0,33900.0
2025-01-01,13577,12,12.8,20.1,0.0,39900.0
2025-01-01,13577,6,9.5,16.0,0.0,30400.0
2025-01-01,13577,16,15.2,16.1,0.0,51200.0
2025-01-01,13577,17,14.9,15.5,0.0,50900.0
2025-01-01,13577,18,12.9,11.8,0.0,46100.0
2025-01-01,13577,20,9.2,6.8,0.0,29100.0
2025-01-01,13577,10,9.6,13.5,0.0,27900.0
2025-01-01,13577,7,8.7,12.2,0.0,27100.0
2025-01-01,13577,14,14.8,17.4,0.0,52000.0
2025-01-01,13577,19,10.8,5.7,0.0,37700.0
2025-01-01,13577,8,7.7,10.5,0.0,25400.0
2025-01-01,13577,13,14.0,17.8,0.0,49100.0
2025-01-01,12954,13,14.3,9.9,0.0,15900.0
2025-01-01,12954,7,10.2,6.1,0.0,200.0
2025-01-01,12954,9,10.1,3.6,0.0,200.0
2025-01-01,12954,6,11.0,8.9,0.0,1800.0
2025-01-01,12954,18,15.6,6.9,0.0,27200.0
2025-01-01,12954,11,11.5,4.8,0.0,200.0
2025-01-01,12954,8,10.0,6.6,0.0,200.0
2025-01-01,12954,10,10.7,1.1,0.0,200.0
2025-01-01,12954,12,14.3,4.0,0.0,25400.0
2025-01-01,12954,14,15.3,7.3,0.0,18400.0
2025-01-01,12954,15,16.6,7.5,0.0,21900.0
2025-01-01,12954,17,18.0,3.6,0.0,28300.0
2025-01-01,12954,19,12.9,6.2,0.0,18300.0
2025-01-01,12954,16,17.5,6.4,0.0,22400.0
2025-01-01,12954,20,11.7,7.2,0.0,16200.0
2025-01-01,11953,6,13.5,8.5,0.0,16700.0
2025-01-01,11953,10,11.9,13.0,0.0,26400.0
2025-01-01,11953,17,18.2,9.7,0.0,56700.0
2025-01-01,11953,16,18.3,10.6,0.0,52600.0
2025-01-01,10620,5,-7.8,7.9,0.0,14200.0
2025-01-01,10620,6,-8.2,6.0,0.0,16100.0
2025-01-01,10620,18,-3.5,4.3,0.0,19400.0
2025-01-01,10620,16,-2.2,2.3,0.0,18100.0
2025-01-01,10620,13,-3.3,7.5,0.0,16200.0
2025-01-01,10620,11,-6.3,5.6,0.0,13800.0
2025-01-01,10620,10,-7.5,10.1,0.0,17200.0
2025-01-01,10620,17,-3.0,4.4,0.0,16000.0
2025-01-01,10620,14,-2.2,5.8,0.0,20500.0
2025-01-01,10620,7,-8.1,7.3,0.0,16900.0
2025-01-01,10785,5,3.7,6.6,0.0,31400.0
2025-01-01,10785,18,3.0,6.2,0.0,13300.0
2025-01-01,10785,11,2.0,6.1,0.0,12200.0
2025-01-01,10785,7,2.2,6.6,0.4,2900.0
2025-01-01,10785,16,3.2,5.0,0.0,12200.0
2025-01-01,10785,12,2.7,5.0,0.0,12200.0
2025-01-01,10785,14,3.3,4.4,0.0,13200.0
2025-01-01,10785,17,3.1,7.0,0.0,13100.0
2025-01-01,10785,15,3.1,4.2,0.0,12500.0
2025-01-01,10785,6,3.2,4.7,0.4,24900.0
2025-01-01,10785,9,1.9,7.6,1.4,12800.0
2025-01-01,13360,6,19.4,10.2,0.0,12800.0
2025-01-01,13360,11,19.7,11.4,0.0,16500.0
2025-01-01,13360,17,19.4,8.2,0.0,22200.0
2025-01-01,13360,19,16.9,8.1,0.0,19400.0
2025-01-01,13360,13,21.8,6.6,0.0,26300.0
2025-01-01,15249,8,7.6,5.9,0.0,21500.0
2025-01-01,15249,6,9.5,10.0,0.0,25200.0
2025-01-01,15249,18,15.5,11.7,0.0,53300.0
2025-01-01,15249,11,11.3,16.3,0.0,30800.0
2025-01-01,15249,20,10.8,4.7,0.0,33400.0
2025-01-01,15249,7,8.6,8.3,0.0,24000.0
2025-01-01,15249,13,14.2,15.5,0.0,36800.0
2025-01-01,11252,7,17.0,11.1,0.0,13700.0
2025-01-01,11252,14,15.2,17.3,0.0,28900.0
2025-01-01,11252,11,15.4,17.7,0.0,26000.0
2025-01-01,11252,6,17.8,11.6,0.0,13900.0
2025-01-01,11252,13,15.7,18.4,0.0,26600.0
2025-01-01,11252,17,15.6,9.4,0.0,27100.0
2025-01-01,11648,5,-2.1,0.4,0.0,20000.0
2025-01-01,11648,14,-0.4,4.5,0.0,17600.0
2025-01-01,11648,12,-1.5,5.8,0.0,16600.0
2025-01-01,11648,6,-1.8,4.1,0.0,17500.0
2025-01-01,11648,17,-0.1,6.1,0.0,18400.0
2025-01-01,12278,5,-3.3,6.7,0.0,19200.0
2025-01-01,12278,10,-4.3,4.6,0.0,14700.0
2025-01-01,12278,20,0.1,6.1,0.0,26500.0
2025-01-01,12278,14,3.9,3.1,0.0,31400.0
2025-01-01,12278,18,3.4,6.8,0.0,34300.0
2025-01-01,12278,12,1.2,6.4,0.0,24200.0
2025-01-01,12278,9,-5.8,3.9,0.0,13600.0
2025-01-01,12278,13,2.5,4.2,0.0,28100.0
2025-01-01,12278,6,-4.1,5.9,0.0,17600.0
2025-01-01,12278,11,-1.4,5.2,0.0,18400.0
2025-01-01,12278,17,4.5,6.2,0.0,37200.0
2025-01-01,12278,8,-5.7,5.1,0.0,13300.0
2025-01-01,12278,7,-4.9,4.7,0.0,14800.0
2025-01-01,12278,15,4.5,5.6,0.0,34400.0
2025-01-01,15380,6,0.3,6.0,0.0,18200.0
2025-01-01,15380,20,-0.4,16.3,0.0,20400.0
2025-01-01,15380,19,-0.3,20.3,0.0,20900.0
2025-01-01,15380,5,0.6,12.3,0.0,20000.0
2025-01-01,15380,13,0.9,11.8,0.0,18800.0
2025-01-01,15380,17,-0.0,15.5,0.0,18800.0
2025-01-01,15380,12,0.4,10.0,0.0,15100.0
2025-01-01,15380,14,1.0,11.5,0.0,17900.0
2025-01-01,12280,6,-7.9,8.9,0.0,20600.0
2025-01-01,12280,13,-2.9,15.8,0.0,19800.0
2025-01-01,12280,7,-7.4,7.5,0.0,21100.0
2025-01-01,12280,5,-8.7,3.3,0.0,22000.0
2025-01-01,12280,17,-2.9,10.0,0.7,2400.0
2025-01-01,12280,10,-5.8,7.8,0.0,18500.0
2025-01-01,11637,6,-12.0,18.9,0.0,19400.0
2025-01-01,11637,19,-11.0,9.9,0.0,18000.0
2025-01-01,11637,20,-11.0,14.6,0.0,18800.0
2025-01-01,11637,7,-12.1,17.4,0.0,19200.0
2025-01-01,11637,5,-12.2,21.4,0.0,19800.0
2025-01-01,11637,13,-9.8,19.3,0.0,21200.0
2025-01-01,11637,16,-9.1,11.9,0.0,20600.0
2025-01-01,11637,12,-10.3,17.7,0.0,19500.0
2025-01-01,11637,11,-11.3,14.8,0.0,17500.0
2025-01-01,11637,17,-9.5,13.9,0.0,21400.0
2025-01-01,11637,14,-9.4,20.1,0.0,21000.0
2025-01-01,11637,8,-12.3,17.3,0.0,19000.0
2025-01-01,11977,5,-0.4,7.6,0.0,18600.0
2025-01-01,11977,6,-0.4,10.2,0.0,19400.0
2025-01-01,11977,7,-0.9,9.7,0.0,13800.0
2025-01-01,11977,14,-1.2,18.3,0.0,22800.0
2025-01-01,11977,16,-1.5,19.5,0.0,22300.0
2025-01-01,14574,6,5.8,9.8,0.0,24700.0
2025-01-01,14574,21,4.7,5.8,0.0,32400.0
2025-01-01,14574,10,5.5,20.1,0.0,29000.0
2025-01-01,14574,17,6.5,18.1,0.0,36400.0
2025-01-01,12217,5,5.4,7.9,0.0,16600.0
2025-01-01,12217,17,6.7,12.6,0.0,27500.0
2025-01-01,12217,11,6.5,13.7,0.0,24000.0
2025-01-01,12217,10,5.9,12.2,0.0,22400.0
2025-01-01,12217,6,5.7,7.9,0.0,18000.0
2025-01-01,12217,7,5.9,7.4,0.0,20900.0
2025-01-01,12217,13,6.5,13.7,0.0,25100.0
2025-01-01,12217,18,5.6,10.4,0.0,25900.0
2025-01-01,12217,8,5.9,11.0,0.0,22800.0
2025-01-01,12217,15,7.3,13.8,0.0,31000.0
2025-01-01,15356,8,7.2,8.6,0.0,13200.0
2025-01-01,15356,12,8.4,25.9,0.0,26400.0
2025-01-01,15356,14,8.1,27.9,0.0,29600.0
2025-01-01,15356,6,8.1,9.6,0.0,12700.0
2025-01-01,14112,15,23.5,10.0,0.0,33700.0
2025-01-01,14112,9,17.3,8.7,0.0,12700.0
2025-01-01,14112,6,19.8,8.8,0.0,12500.0
2025-01-01,14112,11,19.2,11.8,0.0,17200.0
2025-01-01,14112,19,15.9,10.7,0.0,24900.0
2025-01-01,14112,12,20.7,7.5,0.0,21800.0
2025-01-01,14112,13,22.0,4.9,0.0,27700.0
2025-01-01,14112,18,18.7,14.3,0.0,35100.0
2025-01-01,14112,16,23.1,13.3,0.0,48400.0
2025-01-01,14112,17,20.9,14.3,0.0,44400.0
2025-01-01,14112,10,18.2,11.9,0.0,13300.0
2025-01-01,10431,15,5.7,24.0,0.0,26500.0
2025-01-01,10431,11,4.4,22.4,0.0,25600.0
2025-01-01,10431,10,3.3,27.4,0.0,22300.0
2025-01-01,10431,14,6.2,26.2,0.0,29200.0
2025-01-01,10431,16,5.0,22.3,0.0,27600.0
2025-01-01,10431,6,3.5,29.1,0.0,21500.0
2025-01-01,10431,13,6.5,24.2,0.0,32400.0
2025-01-01,10431,18,3.8,17.8,0.0,29000.0
2025-01-01,12544,16,12.1,15.8,0.0,49300.0
2025-01-01,12544,13,11.8,16.8,0.0,46300.0
2025-01-01,12544,18,10.9,10.2,0.0,50500.0
2025-01-01,14025,14,2.6,7.1,0.0,13000.0
2025-01-01,14025,16,3.1,5.0,0.0,13400.0
2025-01-01,14108,18,0.0,17.7,0.0,27100.0
2025-01-01,14108,10,-0.4,21.3,0.0,24400.0
2025-01-01,14108,12,-0.5,29.5,0.0,26600.0
2025-01-01,14108,6,-0.9,16.8,0.0,24900.0
2025-01-01,14108,15,1.0,24.8,0.0,27700.0
2025-01-01,14108,14,0.8,24.2,0.0,26500.0
2025-01-01,14108,11,-0.2,28.7,0.0,28100.0
2025-01-01,14082,14,25.4,9.5,0.0,35900.0
2025-01-01,14082,11,22.0,11.7,0.0,18200.0
2025-01-01,14082,15,25.8,9.0,0.0,37800.0
2025-01-01,14082,12,23.3,5.9,0.0,23600.0
2025-01-01,14082,7,20.8,5.1,0.0,12200.0
2025-01-01,14082,16,25.7,10.1,0.0,42100.0
2025-01-01,14082,10,21.1,11.5,0.0,14200.0
2025-01-01,14082,20,20.0,14.6,0.0,32400.0
2025-01-01,14082,8,20.5,3.6,0.0,2200.0
2025-01-01,14082,9,20.6,2.3,0.0,300.0
2025-01-01,14082,17,25.3,17.1,0.0,42700.0
2025-01-01,10581,15,3.8,11.3,0.4,5800.0
2025-01-01,10581,14,3.9,18.1,0.7,7300.0
2025-01-01,10581,13,4.5,14.8,2.9,4400.0
2025-01-01,10581,17,4.4,12.3,0.0,13400.0
2025-01-01,10581,8,3.0,4.3,0.0,12500.0
2025-01-01,14761,17,21.3,11.2,0.0,49100.0
2025-01-01,14761,10,17.2,17.1,0.0,16600.0
2025-01-01,14761,13,18.8,9.4,0.0,25300.0
2025-01-01,14761,12,18.0,12.1,0.0,23300.0
2025-01-01,14761,16,21.4,8.9,0.0,46600.0
2025-01-01,14761,9,16.6,12.6,0.0,14100.0
2025-01-01,14761,18,19.5,7.0,0.0,40400.0
2025-01-01,14761,6,18.6,12.4,0.0,13900.0
2025-01-01,14761,19,18.0,8.1,0.0,40000.0
2025-01-01,14761,15,21.2,4.7,0.0,46300.0
2025-01-01,14761,14,20.1,4.4,0.0,34400.0
2025-01-01,14761,11,17.2,16.9,0.0,22000.0
2025-01-01,14761,20,15.6,9.8,0.0,22300.0
2025-01-01,14696,13,-0.7,20.0,0.0,25000.0
2025-01-01,14696,19,-1.3,18.8,0.0,25700.0
2025-01-01,14696,14,-0.9,16.3,0.0,18500.0
2025-01-01,14696,6,1.1,13.7,0.0,15700.0
2025-01-01,14696,11,-0.7,16.9,0.0,20500.0
2025-01-01,14696,17,-0.8,21.9,0.0,23100.0
2025-01-01,14696,7,0.5,18.4,0.0,16200.0
2025-01-01,14696,8,0.0,17.5,0.0,18200.0
2025-01-01,14696,9,-0.2,20.4,0.0,19000.0
2025-01-01,14696,18,-1.3,20.2,0.0,23400.0
2025-01-01,14696,16,-0.6,20.5,0.0,23500.0
2025-01-01,14696,12,-0.8,16.3,1.1,16900.0
2025-01-01,14696,10,-0.5,16.6,0.0,19500.0
2025-01-01,12917,9,2.4,12.5,0.0,17600.0
2025-01-01,12917,19,-0.2,19.2,0.0,25800.0
2025-01-01,10408,12,-2.3,14.6,0.0,17000.0
2025-01-01,10408,10,-2.7,11.9,0.0,13600.0
2025-01-01,10408,13,-2.4,15.0,0.0,19400.0
2025-01-01,10408,6,-1.1,11.5,0.0,15500.0
2025-01-01,10408,5,-0.8,10.5,0.0,18800.0
2025-01-01,10408,17,-5.0,17.3,0.0,20000.0
2025-01-01,10408,8,-2.3,9.8,0.0,2600.0
2025-01-01,10408,15,-3.2,18.8,0.0,20900.0
2025-01-01,14314,12,1.9,8.6,0.0,43300.0
2025-01-01,14314,7,0.1,11.5,0.0,32600.0
2025-01-01,14314,11,-0.3,3.8,0.0,31600.0
2025-01-01,14314,5,-0.5,8.9,0.0,32300.0
2025-01-01,14314,13,3.6,14.7,0.0,53900.0
2025-01-01,14314,8,0.4,12.1,0.0,31500.0
2025-01-01,10466,15,21.9,0.4,0.0,77200.0
2025-01-01,10466,16,21.5,2.0,0.0,79800.0
2025-01-01,10466,8,6.7,6.0,0.0,37600.0
2025-01-01,10466,21,13.0,4.8,0.0,61400.0
2025-01-01,10466,10,12.8,1.8,0.0,51200.0
2025-01-01,10466,13,19.6,1.5,0.0,66000.0
2025-01-01,10466,9,9.4,2.3,0.0,41600.0
2025-01-01,14716,14,12.1,2.9,0.0,24800.0
2025-01-01,12945,12,1.0,17.5,0.0,15000.0
2025-01-01,12945,21,-0.4,13.2,0.0,23500.0
2025-01-01,12945,15,0.5,19.4,0.0,21700.0
2025-01-01,12945,5,3.2,14.2,0.0,15700.0
2025-01-01,12945,6,2.6,14.9,0.0,15300.0
2025-01-01,12945,19,0.2,11.9,0.0,25000.0
2025-01-01,12945,14,0.7,22.3,0.0,17500.0
2025-01-01,12945,8,2.5,13.7,0.0,17500.0
2025-01-01,12945,11,1.7,15.9,0.0,16200.0
2025-01-01,12945,17,0.2,18.5,0.0,23600.0
2025-01-01,14783,20,-0.7,4.6,0.0,26400.0
2025-01-01,14783,8,-1.0,12.6,0.0,21000.0
2025-01-01,14783,14,3.7,12.1,0.0,31100.0
2025-01-01,14783,16,4.8,11.3,0.0,33900.0
2025-01-01,14783,7,-1.0,12.7,0.0,20200.0
2025-01-01,14783,19,0.7,5.1,0.0,31400.0
2025-01-01,14783,5,-0.6,14.0,0.0,19600.0
2025-01-01,14783,10,-0.5,11.2,0.0,21100.0
2025-01-01,14783,11,0.5,14.3,0.0,23000.0
2025-01-01,14783,18,2.7,7.2,0.0,35300.0
2025-01-01,14783,13,2.9,10.8,0.0,29100.0
2025-01-01,14783,15,4.4,10.0,0.0,33200.0
2025-01-01,14783,6,-0.7,13.7,0.0,20200.0
2025-01-01,10666,9,3.1,6.2,0.0,24100.0
2025-01-01,10666,10,3.6,1.8,0.0,26200.0
2025-01-01,10666,5,2.5,4.0,0.0,17400.0
2025-01-01,10666,14,5.8,4.3,0.0,19000.0
2025-01-01,15295,21,-0.3,21.3,0.0,21900.0
2025-01-01,11823,21,-1.3,18.1,0.0,24300.0
2025-01-01,11823,19,-0.9,21.7,0.0,24100.0
2025-01-01,11823,9,0.4,18.9,0.0,14500.0
2025-01-01,11823,18,-0.7,21.8,0.0,23200.0
2025-01-01,11823,6,1.6,17.0,0.0,14900.0
2025-01-01,11823,12,-1.0,21.1,0.0,16400.0
2025-01-01,11823,5,1.6,15.6,0.0,14600.0
2025-01-01,11823,11,-0.6,22.8,0.0,16100.0
2025-01-01,11823,13,-0.5,20.5,0.0,20800.0
2025-01-01,11823,16,-0.6,21.3,0.0,24800.0
2025-01-01,11537,13,2.7,23.5,1.1,2200.0
2025-01-01,11537,6,5.5,3.9,0.0,15400.0
2025-01-01,14512,11,-2.4,20.9,0.0,22600.0
2025-01-01,14512,13,-2.0,23.1,0.0,23100.0
2025-01-01,14512,18,-2.5,18.2,0.0,27200.0
2025-01-01,10676,18,2.5,8.6,0.0,33000.0
2025-01-01,10676,12,2.5,19.9,0.0,31200.0
2025-01-01,10676,19,1.6,5.8,0.0,30400.0
2025-01-01,11721,15,0.1,17.7,0.0,15400.0
2025-01-01,11721,11,0.3,9.0,0.0,13200.0
2025-01-01,11721,8,0.6,10.9,0.0,14700.0
2025-01-01,11721,12,0.6,12.5,0.0,12200.0
2025-01-01,11721,7,0.0,10.9,0.0,13700.0
2025-01-01,11721,17,-0.3,18.5,0.0,16800.0
2025-01-01,14814,18,12.0,6.6,0.0,37700.0
2025-01-01,14814,17,12.9,7.6,0.0,37100.0
2025-01-01,14814,8,2.8,3.1,0.0,14500.0
2025-01-01,14814,15,12.8,6.3,0.0,37000.0
2025-01-01,14814,12,10.0,6.6,0.0,29300.0
2025-01-01,14814,10,6.0,8.6,0.0,18200.0
2025-01-01,14814,13,11.4,5.6,0.0,33500.0
2025-01-01,14814,7,3.0,2.9,0.0,14200.0
2025-01-01,14814,6,3.3,4.2,0.0,15000.0
2025-01-01,10874,15,1.5,21.9,0.0,17800.0
2025-01-01,10874,11,1.3,21.3,0.0,16400.0
2025-01-01,10874,6,1.0,24.6,0.0,16000.0
2025-01-01,10874,18,-0.3,24.2,0.0,6700.0
2025-01-01,10874,8,0.8,20.8,0.0,11600.0
2025-01-01,10874,13,1.7,22.7,0.0,17700.0
2025-01-01,13433,12,-13.2,22.0,0.0,23000.0
2025-01-01,13433,16,-11.9,19.9,0.0,25100.0
2025-01-01,13433,8,-14.0,18.7,0.0,21200.0
2025-01-01,13433,15,-12.1,19.5,0.0,24900.0
2025-01-01,13433,7,-13.1,21.4,0.0,21700.0
2025-01-01,14457,19,-4.7,4.1,0.0,17200.0
2025-01-01,14457,5,-7.3,0.8,0.0,20800.0
2025-01-01,14457,12,-1.8,3.6,0.0,19900.0
2025-01-01,14457,16,-1.8,11.3,0.0,20600.0
2025-01-01,14457,6,-7.7,2.1,0.0,22800.0
2025-01-01,14457,15,-0.7,7.9,0.0,23000.0
2025-01-01,14457,7,-8.1,3.1,0.0,19700.0
2025-01-01,14457,13,-0.5,2.9,0.0,21900.0
2025-01-01,14457,18,-4.3,5.6,0.0,17300.0
2025-01-01,14457,8,-7.0,3.3,0.0,20700.0
2025-01-01,11980,14,2.4,16.7,0.0,25100.0
2025-01-01,11980,15,3.4,15.8,0.0,30000.0
2025-01-01,11980,6,-7.3,9.7,0.0,18900.0
2025-01-01,14952,18,0.9,12.7,0.0,28500.0
2025-01-01,12265,11,1.5,24.8,0.7,4100.0
2025-01-01,14259,14,6.2,12.3,0.0,13400.0
2025-01-01,12402,8,18.8,11.5,0.0,24140.0
2025-01-01,12402,9,21.7,7.5,0.0,24140.0
2025-01-01,12402,10,23.0,6.0,0.0,24140.0
2025-01-01,12402,11,24.2,6.3,0.0,24140.0
2025-01-01,12402,12,25.0,6.3,0.0,24140.0
2025-01-01,12402,13,25.3,8.7,0.0,24140.0
2025-01-01,12402,15,24.8,9.7,0.0,24140.0
2025-01-01,12402,16,24.3,6.8,0.0,24140.0
2025-01-01,12402,18,21.8,7.2,0.0,24140.0
2025-01-01,12402,19,21.1,4.7,0.1,23820.0
2025-01-01,12402,6,17.8,9.5,0.0,24140.0
2025-01-01,11111,7,-0.5,10.8,0.0,22400.0
2025-01-01,11111,12,1.9,20.2,0.0,28300.0
2025-01-01,11111,5,-0.4,9.7,0.0,20900.0
2025-01-01,11111,19,0.8,4.3,0.0,27400.0
2025-01-01,10781,5,8.3,8.0,0.0,21300.0
2025-01-01,10781,10,9.7,12.5,0.0,23900.0
2025-01-01,10781,14,15.3,12.7,0.0,36800.0
2025-01-01,10781,18,14.9,5.8,0.0,43200.0
2025-01-01,10781,16,16.1,11.5,0.0,41500.0
2025-01-01,10781,12,12.9,14.9,0.0,30300.0
2025-01-01,10781,7,7.4,6.6,0.0,20800.0
2025-01-01,10781,19,12.6,6.5,0.0,37700.0
2025-01-01,13061,5,9.3,6.3,0.0,42700.0
2025-01-01,13061,18,18.4,10.8,0.0,38800.0
2025-01-01,13061,14,18.6,9.8,0.0,41800.0
2025-01-01,13061,16,19.7,9.3,0.0,42100.0
2025-01-01,13061,10,11.7,13.9,0.0,200.0
2025-01-01,13377,5,3.8,2.8,0.0,17300.0
2025-01-01,13377,18,11.3,9.2,0.0,39600.0
2025-01-01,13377,10,6.5,10.1,0.0,18800.0
2025-01-01,12124,14,15.0,14.2,0.0,45900.0
2025-01-01,12124,17,15.7,17.2,0.0,49500.0
2025-01-01,12124,12,12.5,15.0,0.0,37100.0
2025-01-01,10136,18,11.2,7.3,0.0,41100.0
2025-01-01,10136,10,2.0,6.4,0.0,15000.0
2025-01-01,10136,6,0.8,5.8,0.0,14400.0
2025-01-01,10136,8,0.6,6.0,0.0,16300.0
2025-01-01,10136,14,9.8,8.3,0.0,31900.0
2025-01-01,11140,12,15.8,18.0,0.0,23600.0
2025-01-01,11140,16,17.6,21.7,0.0,26400.0
2025-01-01,11140,18,17.5,21.6,0.0,30800.0
2025-01-01,11140,10,14.8,20.2,0.0,22100.0
2025-01-01,11140,6,13.4,20.2,0.0,23000.0
2025-01-01,11140,5,12.9,18.7,0.0,21600.0
2025-01-01,11140,8,13.6,22.7,0.0,21800.0
2025-01-01,11140,7,13.3,19.3,0.0,23500.0
2025-01-01,11921,12,0.7,10.8,0.0,39200.0
2025-01-01,11921,6,-6.0,8.1,0.0,23800.0
2025-01-01,11921,11,-0.5,11.6,0.0,40000.0
2025-01-01,11921,9,-4.5,10.0,0.0,31500.0
2025-01-01,11921,15,4.3,4.2,0.0,54900.0
2025-01-01,11921,5,-5.8,8.4,0.0,23600.0
2025-01-01,11921,18,2.7,5.4,0.0,47000.0
2025-01-01,11921,7,-5.8,9.4,0.0,27500.0
2025-01-01,11921,13,1.8,9.1,0.0,39900.0
2025-01-01,13459,6,-2.2,11.5,0.0,19900.0
2025-01-01,13459,16,-2.2,19.5,0.0,25900.0
2025-01-01,13422,17,13.8,10.9,0.0,39900.0
2025-01-01,13422,5,7.3,11.1,0.0,20000.0
2025-01-01,13422,13,13.5,11.6,0.0,35900.0
2025-01-01,11867,5,-3.4,1.0,0.0,18500.0
2025-01-01,11867,15,6.0,21.0,0.0,38400.0
2025-01-01,10747,14,24.3,14.6,0.0,16800.0
2025-01-01,10747,10,20.0,8.3,0.0,12500.0
2025-01-01,10747,5,18.5,10.5,0.0,12700.0
2025-01-01,10747,17,21.5,20.5,0.0,14200.0
2025-01-01,10747,19,20.9,11.4,0.7,14100.0
2025-01-01,11612,15,2.6,16.3,0.0,29500.0
2025-01-01,11612,6,0.7,17.4,0.0,17300.0
2025-01-01,13367,6,-1.1,18.4,0.0,23500.0
2025-01-01,13367,15,0.1,27.4,0.0,29900.0
2025-01-01,13367,5,-1.2,16.6,0.0,23800.0
2025-01-01,13367,8,-1.5,21.8,0.0,23100.0
2025-01-01,13367,17,-0.3,24.5,0.0,30100.0
2025-01-01,13367,10,-2.3,23.3,0.0,22400.0
2025-01-01,11982,6,4.4,8.4,0.0,17700.0
2025-01-01,11982,10,5.6,12.9,0.0,16300.0
2025-01-01,11982,17,13.7,7.7,0.0,43000.0
2025-01-01,11982,8,3.9,10.7,0.0,16700.0
2025-01-01,11778,10,2.8,7.4,0.0,23500.0
2025-01-01,11778,18,7.7,1.9,0.0,40800.0
2025-01-01,11778,6,3.2,10.7,0.0,20600.0
2025-01-01,14960,6,-0.1,6.9,0.0,16300.0
2025-01-01,14960,14,6.6,5.1,0.0,33300.0
2025-01-01,12951,5,7.8,8.1,0.0,19100.0
2025-01-01,12951,16,15.1,13.3,0.0,39700.0
2025-01-01,12951,13,13.9,15.5,0.0,35900.0
2025-01-01,12951,10,9.3,11.9,0.0,19000.0
2025-01-01,12951,7,7.0,8.5,0.0,18200.0
2025-01-01,12951,18,12.9,10.2,0.0,35600.0
2025-01-01,15023,12,10.2,3.1,0.0,17000.0
2025-01-01,15023,13,10.2,4.3,0.0,16900.0
2025-01-01,15023,11,8.5,1.1,0.0,13400.0
2025-01-01,15023,19,10.0,2.4,0.0,17400.0
2025-01-01,15023,17,10.3,1.5,0.0,16800.0
2025-01-01,15023,6,4.3,2.5,0.0,12200.0
2025-01-01,15023,8,3.9,6.6,0.0,12200.0
2025-01-01,15023,14,9.5,5.6,0.0,15200.0
2025-01-01,15023,15,10.1,1.3,0.0,19600.0
2025-01-01,10980,17,7.1,15.2,0.0,32000.0
2025-01-01,10980,5,5.0,6.9,0.0,19100.0
2025-01-01,10980,7,4.4,5.5,0.0,17800.0
2025-01-01,10980,14,8.1,14.8,0.0,29100.0
2025-01-01,10980,9,5.1,5.7,0.0,19600.0
2025-01-01,10980,12,6.9,15.1,0.0,24700.0
2025-01-01,11267,13,0.7,21.9,0.0,18800.0
2025-01-01,11267,7,2.5,15.9,0.0,17400.0
2025-01-01,11267,8,2.4,14.7,0.0,17200.0
2025-01-01,11267,6,2.6,13.9,0.0,15800.0
2025-01-01,11267,17,0.0,20.9,0.0,26900.0
2025-01-01,11267,14,0.2,21.5,0.0,20700.0
2025-01-01,11267,19,0.1,17.8,0.0,25000.0
2025-01-01,10158,14,8.4,29.3,0.0,30100.0
2025-01-01,10158,17,6.8,27.2,0.0,33300.0
2025-01-01,10158,19,5.0,28.8,0.0,32700.0
2025-01-01,10158,15,8.3,31.3,0.0,29600.0
2025-01-01,10158,6,8.1,10.7,0.0,13100.0
2025-01-01,10158,10,8.8,20.8,0.0,19100.0
2025-01-01,12898,12,1.5,26.5,0.0,15100.0
2025-01-01,10208,16,15.5,14.7,0.0,54100.0
2025-01-01,10208,18,14.0,12.0,0.0,54300.0
2025-01-01,10208,7,7.4,9.1,0.0,31500.0
2025-01-01,10208,10,8.9,12.9,0.0,31300.0
2025-01-01,13296,12,5.0,10.3,0.0,2100.0
2025-01-01,13296,16,4.3,10.6,0.0,13700.0
2025-01-01,13296,17,4.2,6.3,0.0,14200.0
2025-01-01,13296,5,4.2,13.0,6.8,5300.0
2025-01-01,13296,8,5.3,16.8,0.0,14500.0
2025-01-01,13296,11,4.8,11.8,1.1,12000.0
2025-01-01,13296,6,4.7,17.8,0.4,15200.0
2025-01-01,13296,18,3.7,4.0,0.0,13400.0
2025-01-01,13296,15,4.1,10.8,0.0,12900.0
2025-01-01,13296,14,4.6,11.8,0.0,2100.0
2025-01-01,11641,19,10.7,5.8,0.0,42300.0
2025-01-01,14487,15,8.1,3.5,0.0,18900.0
2025-01-01,14487,18,8.2,2.3,0.0,17800.0
2025-01-01,14487,10,6.9,5.4,0.0,19400.0
2025-01-01,14487,5,6.0,7.1,0.0,19300.0
2025-01-01,14487,20,7.2,4.5,0.0,17200.0
2025-01-01,13264,13,3.3,4.5,0.0,12200.0
2025-01-01,13264,5,2.2,3.7,0.0,12800.0
2025-01-01,13264,12,2.9,8.7,0.0,6100.0
2025-01-01,13264,7,2.3,1.6,1.1,6100.0
2025-01-01,13264,6,2.2,3.1,0.0,12200.0
2025-01-01,13264,18,4.7,5.6,0.0,12200.0
2025-01-01,13264,14,3.8,5.6,0.0,12200.0
2025-01-01,10372,14,-4.6,4.8,0.0,39000.0
2025-01-01,10372,12,-6.7,4.5,0.0,40200.0
2025-01-01,10372,13,-5.2,5.4,0.0,40500.0
2025-01-01,10372,10,-11.4,5.4,0.0,41500.0
2025-01-01,10372,8,-13.3,10.4,0.0,41000.0
2025-01-01,10372,15,-3.5,2.7,0.0,37800.0
2025-01-01,10372,7,-13.5,5.2,0.0,34800.0
2025-01-01,10372,16,-3.5,1.1,0.0,40400.0
2025-01-01,10372,11,-9.0,4.1,0.0,33600.0
2025-01-01,10372,9,-12.7,4.6,0.0,41200.0
2025-01-01,10372,19,-4.9,3.1,0.0,39700.0
2025-01-01,13127,7,3.0,9.2,0.0,22900.0
2025-01-01,13127,12,2.9,4.5,0.0,14300.0
2025-01-01,13127,5,2.4,9.9,0.0,24200.0
2025-01-01,15389,6,-0.7,10.4,0.0,10000.0
2025-01-01,12003,5,-8.3,5.9,0.0,14700.0
2025-01-01,12003,13,-6.3,2.2,0.0,14600.0
2025-01-01,12003,14,-6.5,3.1,0.0,2900.0
2025-01-01,12003,7,-9.1,3.4,0.0,200.0
2025-01-01,13277,6,5.6,6.6,0.0,21800.0
2025-01-01,13277,11,11.3,13.2,0.0,34300.0
2025-01-01,13277,17,14.5,15.8,0.0,51300.0
2025-01-01,13277,12,12.6,12.6,0.0,39200.0
2025-01-01,14113,6,-4.0,24.4,0.0,28000.0
2025-01-01,14633,18,-7.0,14.8,0.0,22100.0
2025-01-01,14633,5,-5.5,18.2,0.0,21200.0
2025-01-01,10469,6,1.1,14.1,0.0,15700.0
2025-01-01,10469,14,-0.6,16.3,0.0,17200.0
2025-01-01,12156,5,-7.8,6.8,0.0,17500.0
2025-01-01,12156,6,-8.2,8.0,0.0,17400.0
2025-01-01,12156,14,-2.7,2.1,0.0,27700.0
2025-01-01,11337,17,-8.5,15.7,0.0,26000.0
2025-01-01,11337,5,-6.0,19.1,0.0,23900.0
2025-01-01,11337,15,-7.0,19.6,0.0,29700.0
2025-01-01,11337,7,-7.2,26.3,0.0,24400.0
2025-01-01,12884,5,0.0,11.8,0.0,14000.0
2025-01-01,12884,14,-0.6,22.2,0.0,17100.0
2025-01-01,12129,16,-11.5,15.7,0.0,18800.0
2025-01-01,14794,9,0.1,6.7,0.0,56100.0
2025-01-01,14794,15,10.6,3.9,0.0,67400.0
2025-01-01,14794,17,11.1,3.6,0.0,72900.0
2025-01-01,14794,5,1.1,6.0,0.0,57400.0
2025-01-01,14794,11,3.6,2.8,0.0,44000.0
2025-01-01,14794,13,8.6,1.3,0.0,59600.0
2025-01-01,14794,12,6.0,3.1,0.0,50300.0
2025-01-01,14794,6,1.9,3.2,0.0,59600.0
2025-01-01,10141,10,-8.2,9.5,0.0,19700.0
2025-01-01,11587,9,-0.3,6.5,0.0,20300.0
2025-01-01,12343,16,-10.5,16.9,0.0,21700.0
2025-01-01,11013,11,-0.8,13.0,0.0,16100.0
2025-01-01,16869,15,-10.5,4.4,0.0,17500.0
2025-01-01,16869,10,-14.9,5.9,0.0,15000.0
2025-01-01,16869,7,-12.1,13.0,0.0,16800.0
2025-01-01,16869,18,-11.4,8.0,0.0,18000.0
2025-01-01,10333,14,1.9,14.1,0.0,26000.0
2025-01-01,14520,10,-5.0,11.3,0.0,20800.0
2025-01-01,10739,16,-8.4,11.7,0.0,23800.0
2025-01-01,10631,10,-12.5,20.3,0.0,17700.0
2025-01-01,11525,8,-2.9,1.3,0.0,21000.0
2025-01-01,10779,13,-6.1,1.1,0.0,17400.0
2025-01-01,10918,13,6.3,5.8,0.0,56600.0
2025-01-01,14150,17,-0.0,14.8,0.0,19600.0
2025-01-01,10990,6,6.7,6.5,0.0,29500.0
2025-01-01,10990,17,7.3,16.1,0.0,40900.0
2025-01-01,11122,13,-2.3,35.1,0.0,36900.0
2025-01-01,11122,18,-2.0,17.7,0.0,29100.0
2025-01-01,11122,11,-4.5,34.5,0.0,31100.0
2025-01-01,11122,5,-9.6,26.4,0.0,29700.0
2025-01-01,11122,15,-0.6,34.4,0.0,45400.0
2025-01-01,11122,7,-9.2,22.9,0.0,28100.0
2025-01-01,11413,11,-2.1,3.4,0.0,31800.0
2025-01-01,11413,12,-0.6,4.5,0.0,32100.0
2025-01-01,11413,16,3.3,5.7,0.0,42400.0
2025-01-01,11413,17,2.9,8.4,0.0,41800.0
2025-01-01,11413,5,-7.5,8.2,0.0,36000.0
2025-01-01,11413,15,2.5,8.7,0.0,36700.0
2025-01-01,11413,6,-7.8,6.4,0.0,28700.0
2025-01-01,11413,7,-8.0,6.6,0.0,25400.0
2025-01-01,11413,13,0.8,5.9,0.0,36000.0
2025-01-01,16218,11,18.0,15.5,0.0,76600.0
2025-01-01,16218,7,6.1,1.5,0.0,53800.0
2025-01-01,16218,13,21.6,10.3,0.0,85600.0
2025-01-01,11695,12,10.1,17.4,0.0,90000.0
2025-01-01,11695,5,-4.1,4.5,0.0,49600.0
2025-01-01,11695,6,-6.9,6.9,0.0,33500.0
2025-01-01,11695,13,11.0,17.3,0.0,90000.0
2025-01-01,15074,6,-1.7,8.1,0.0,19700.0
2025-01-01,15074,14,5.6,2.6,0.0,33300.0
2025-01-01,15401,6,1.2,4.9,0.0,14800.0
2025-01-01,15401,14,11.3,3.8,0.0,34300.0
2025-01-01,14842,6,1.1,8.9,0.0,17600.0
2025-01-01,14842,10,3.4,10.3,0.0,17400.0
2025-01-01,14842,18,12.1,9.7,0.0,39900.0
2025-01-01,12915,18,15.7,5.9,0.0,45900.0
2025-01-01,12915,12,13.4,14.3,0.0,33000.0
2025-01-01,12915,5,7.8,10.1,0.0,20600.0
2025-01-01,12511,7,0.1,9.5,0.0,22900.0
2025-01-01,12888,10,-7.8,22.2,0.0,46900.0
2025-01-01,12888,18,-2.8,11.9,0.0,51600.0
2025-01-01,11288,10,0.1,19.1,0.0,23700.0
2025-01-01,11288,15,1.3,23.1,0.0,27900.0
2025-01-01,11447,18,-13.3,19.7,0.0,20600.0
2025-01-01,11447,11,-11.6,23.9,0.0,16700.0
2025-01-01,12519,17,-9.4,19.8,0.0,22500.0
2025-01-01,12519,13,-10.3,25.2,0.0,22900.0
2025-01-01,12559,14,1.1,30.3,0.4,11400.0
2025-01-01,12559,6,2.2,21.3,1.4,2600.0
2025-01-01,12255,19,1.8,10.8,0.0,35800.0
2025-01-01,12255,6,-9.5,7.4,0.0,15200.0
2025-01-01,12902,11,0.5,8.9,0.0,17900.0
2025-01-01,12902,19,3.3,17.1,0.0,25800.0
2025-01-01,11233,6,-11.5,11.0,0.0,25400.0
2025-01-01,11233,14,-1.4,16.3,0.0,48600.0
2025-01-01,11865,14,-3.6,6.7,0.0,29200.0
2025-01-01,11865,5,-8.0,15.1,0.0,22700.0
2025-01-01,11725,14,-1.7,23.0,0.0,23200.0
2025-01-01,11725,10,-5.0,24.3,0.0,21400.0
2025-01-01,14812,5,-9.1,2.9,0.0,17300.0
2025-01-01,14812,11,-6.6,1.8,0.0,15500.0
2025-01-01,15569,5,8.5,13.1,0.0,22800.0
2025-01-01,15569,16,17.8,15.9,0.0,38000.0
2025-01-01,11471,5,-3.9,10.4,0.0,20400.0
2025-01-01,11471,12,-5.0,16.1,0.0,22400.0
2025-01-01,14543,14,-2.8,11.3,0.0,40500.0
2025-01-01,14543,5,-12.8,9.7,0.0,26400.0
2025-01-01,13241,8,2.1,0.8,0.0,14200.0
2025-01-01,13241,13,11.6,13.0,0.0,32100.0
2025-01-01,14237,18,10.1,8.6,0.0,90000.0
2025-01-01,14237,9,1.8,4.9,0.0,66700.0
2025-01-01,15048,7,-3.1,14.1,0.0,24500.0
2025-01-01,15048,15,0.5,12.9,0.0,24900.0
2025-01-01,13211,10,-6.5,26.4,0.0,21200.0
2025-01-01,13211,14,-5.2,25.1,0.0,23100.0
2025-01-01,11315,17,-6.2,5.9,0.0,27300.0
2025-01-01,11315,8,-10.6,7.1,0.0,14600.0
2025-01-01,11097,7,-5.3,7.2,0.0,49600.0
2025-01-01,11097,13,-0.8,20.3,0.0,51600.0
2025-01-01,12899,11,-7.3,3.0,0.0,15300.0
2025-01-01,14877,6,-5.8,3.1,0.0,16500.0
2025-01-01,14877,18,4.5,11.3,0.0,40900.0
2025-01-01,13282,6,2.9,24.5,0.4,7700.0
2025-01-01,13282,11,2.4,21.5,0.0,19300.0
2025-01-01,11468,6,-8.2,9.4,0.0,14400.0
2025-01-01,10558,18,1.7,3.6,0.0,57600.0
2025-01-01,11283,11,-0.6,13.7,0.0,14800.0
2025-01-01,11283,19,3.2,14.4,0.0,36100.0
2025-01-01,13029,9,-4.3,10.9,0.0,21700.0
2025-01-01,13029,17,4.2,13.5,0.0,34800.0
2025-01-01,13029,6,-1.3,12.4,0.0,28100.0
2025-01-01,13029,13,1.5,13.1,0.0,30200.0
2025-01-01,13029,15,3.6,14.2,0.0,31500.0
2025-01-01,10617,14,10.2,2.8,0.0,58700.0
2025-01-01,10617,12,5.3,1.9,0.0,42200.0
2025-01-01,12177,7,-1.2,13.1,0.0,18400.0
2025-01-01,12177,8,-1.4,14.7,0.0,15600.0
2025-01-01,14674,13,4.9,12.5,0.0,66700.0
2025-01-01,14674,18,3.2,5.2,0.0,71500.0
2025-01-01,14674,10,-0.2,10.2,0.0,55300.0
2025-01-01,14674,7,-3.9,16.6,0.0,54200.0
2025-01-01,14674,6,-3.2,13.2,0.0,55500.0
2025-01-01,14674,12,3.6,11.2,0.0,60400.0
2025-01-01,14674,16,6.0,13.7,0.0,68100.0
2025-01-01,15411,6,3.1,6.8,0.0,17100.0
2025-01-01,15411,10,5.4,9.4,0.0,18700.0
2025-01-01,15411,18,11.5,6.0,0.0,38900.0
2025-01-01,10155,6,3.7,5.9,0.0,16900.0
2025-01-01,10155,10,5.4,10.9,0.0,16200.0
2025-01-01,10155,18,11.0,7.4,0.0,38300.0
2025-01-01,10185,5,5.2,4.2,0.0,17400.0
2025-01-01,10185,11,10.2,11.1,0.0,29300.0
2025-01-01,10185,18,13.6,9.2,0.0,44000.0
2025-01-01,14588,17,9.5,16.2,0.0,42500.0
2025-01-01,14588,5,-1.1,4.8,0.0,37000.0
2025-01-01,14588,12,6.3,10.4,0.0,35800.0
2025-01-01,11905,6,3.1,7.5,0.0,16900.0
2025-01-01,11905,14,10.9,6.4,0.0,25700.0
2025-01-01,12016,8,27.9,17.8,0.0,24140.0
2025-01-01,12016,7,26.0,13.8,0.0,24140.0
2025-01-01,14955,9,27.6,15.9,0.0,24140.0
2025-01-02,12478,6,2.2,25.4,0.0,33400.0
2025-01-02,12478,17,4.2,32.3,0.0,49100.0
2025-01-02,12478,18,3.0,28.3,0.0,48900.0
2025-01-02,12478,15,5.7,32.6,0.0,51200.0
2025-01-02,12478,19,2.6,26.0,0.0,45800.0
2025-01-02,12478,7,2.0,26.4,0.0,34100.0
2025-01-02,12478,14,6.1,33.9,0.0,51400.0
2025-01-02,12478,9,1.8,25.6,0.0,36200.0
2025-01-02,12478,21,1.7,24.5,0.0,44400.0
2025-01-02,12478,8,1.6,24.7,0.0,33700.0
2025-01-02,12478,16,5.0,30.6,0.0,48100.0
2025-01-02,12478,12,5.0,31.4,0.0,40700.0
2025-01-02,12478,11,4.1,27.7,0.0,37800.0
2025-01-02,12478,10,2.8,28.2,0.0,34000.0
2025-01-02,12478,5,2.6,26.2,0.0,27400.0
2025-01-02,12478,13,5.5,30.6,0.0,45700.0
2025-01-02,12478,20,2.2,29.5,0.0,44400.0
2025-01-02,12478,22,1.3,24.4,0.0,41700.0
2025-01-02,12478,23,0.8,24.8,0.0,41200.0
2025-01-02,12892,22,10.6,5.0,0.0,19100.0
2025-01-02,12892,8,7.9,10.3,0.0,41400.0
2025-01-02,12892,7,8.0,9.0,0.0,46500.0
2025-01-02,12892,10,14.9,4.3,0.0,53600.0
2025-01-02,12892,16,24.3,8.3,0.0,65000.0
2025-01-02,12892,9,9.2,8.1,0.0,42400.0
2025-01-02,12892,12,21.0,3.1,0.0,77900.0
2025-01-02,12892,14,25.3,6.6,0.0,90000.0
2025-01-02,12892,11,20.5,6.0,0.0,86700.0
2025-01-02,12892,13,23.9,6.8,0.0,90000.0
2025-01-02,12892,17,22.0,8.8,0.0,51800.0
2025-01-02,12892,21,11.4,3.2,0.0,22600.0
2025-01-02,12892,19,15.2,3.6,0.0,31800.0
2025-01-02,12892,23,10.1,4.8,0.0,12300.0
2025-01-02,12892,0,9.1,14.6,0.0,20300.0
2025-01-02,12892,6,8.5,7.9,0.0,42600.0
2025-01-02,12892,18,19.1,5.2,0.0,49400.0
2025-01-02,12892,15,25.8,10.0,0.0,87900.0
2025-01-02,12892,5,10.1,11.3,0.0,44700.0
2025-01-02,12892,20,12.9,3.4,0.0,22400.0
2025-01-02,13485,6,-6.4,6.8,0.0,22500.0
2025-01-02,13485,11,-4.6,7.2,0.0,23000.0
2025-01-02,13485,17,-2.2,13.4,0.0,29300.0
2025-01-02,13485,16,-1.9,13.4,0.0,30200.0
2025-01-02,13485,7,-6.8,6.1,0.0,22300.0
2025-01-02,13485,13,-2.7,8.6,0.0,27500.0
2025-01-02,13485,10,-5.6,7.6,0.0,22900.0
2025-01-02,13485,14,-2.2,8.7,0.0,29000.0
2025-01-02,13485,15,-1.8,12.8,0.0,31800.0
2025-01-02,13485,12,-3.8,5.1,0.0,23500.0
2025-01-02,13485,8,-7.1,5.8,0.0,22000.0
2025-01-02,13485,5,-6.2,9.2,0.0,23800.0
2025-01-02,14100,18,3.2,25.9,0.0,44400.0
2025-01-02,14100,21,1.5,20.9,0.0,40100.0
2025-01-02,14100,10,3.3,23.3,0.0,37100.0
2025-01-02,14100,20,1.8,23.8,0.0,42200.0
2025-01-02,14100,8,2.1,18.8,0.0,39700.0
2025-01-02,14100,13,5.8,29.2,0.0,44800.0
2025-01-02,14100,16,4.4,28.8,0.0,50700.0
2025-01-02,14100,6,2.6,23.4,0.0,37600.0
2025-01-02,14100,11,4.4,27.7,0.0,40700.0
2025-01-02,14100,15,5.0,30.3,0.0,48000.0
2025-01-02,14100,14,5.8,30.3,0.0,48500.0
2025-01-02,14100,9,2.3,15.8,0.0,37500.0
2025-01-02,14100,12,5.3,28.1,0.0,42700.0
2025-01-02,14100,7,2.3,18.9,0.0,38900.0
2025-01-02,14100,5,2.7,24.7,0.0,36800.0
2025-01-02,14100,17,3.8,25.6,0.0,46700.0
2025-01-02,14100,19,2.4,24.4,0.0,46100.0
2025-01-02,13930,8,-4.7,13.7,0.0,20400.0
2025-01-02,13930,20,-1.9,11.9,0.0,7800.0
2025-01-02,13930,11,-2.4,14.0,0.0,27800.0
2025-01-02,13930,13,-0.4,13.7,0.0,36600.0
2025-01-02,13930,21,-1.9,14.4,0.0,16300.0
2025-01-02,13930,18,-0.7,12.4,0.0,31000.0
2025-01-02,13930,19,-1.5,13.6,0.0,17600.0
2025-01-02,13930,10,-3.7,15.5,0.0,20000.0
2025-01-02,13930,12,-1.4,13.0,0.0,31000.0
2025-01-02,13930,17,-0.4,10.8,0.0,36500.0
2025-01-02,13930,6,-5.0,9.7,0.0,23000.0
2025-01-02,13930,16,-0.3,11.6,0.0,38800.0
2025-01-02,13930,7,-4.9,11.3,0.0,21400.0
2025-01-02,13930,14,-0.2,12.2,0.0,35100.0
2025-01-02,13930,9,-4.8,13.2,0.0,19800.0
2025-01-02,13930,15,0.1,12.1,0.0,37300.0
2025-01-02,13930,5,-5.0,11.9,0.0,25500.0
2025-01-02,13930,22,-2.4,14.1,0.0,15700.0
2025-01-02,11109,16,11.2,24.6,0.0,64700.0
2025-01-02,11109,10,-2.0,5.8,0.0,25100.0
2025-01-02,11109,5,-3.6,1.5,0.0,29700.0
2025-01-02,11109,13,6.1,8.9,0.0,43400.0
2025-01-02,11109,8,-5.8,13.9,0.0,16000.0
2025-01-02,11109,15,11.5,27.2,0.0,73700.0
2025-01-02,11109,17,10.1,17.6,0.0,70600.0
2025-01-02,11109,18,6.3,8.2,0.0,61500.0
2025-01-02,11109,6,-5.0,15.5,0.0,25400.0
2025-01-02,11109,12,2.6,16.8,0.0,30700.0
2025-01-02,11109,7,-4.1,12.8,0.0,26900.0
2025-01-02,11109,9,-3.3,3.6,0.0,24100.0
2025-01-02,11109,11,2.3,13.5,0.0,32700.0
2025-01-02,11109,14,9.2,5.1,0.0,53200.0
2025-01-02,11109,19,3.9,4.6,0.0,56800.0
2025-01-02,11298,15,15.4,14.2,0.0,35700.0
2025-01-02,11298,20,11.1,4.4,0.0,26800.0
2025-01-02,11298,14,15.2,14.8,0.0,36000.0
2025-01-02,11298,17,15.2,15.9,0.0,34000.0
2025-01-02,11298,9,3.1,4.6,0.0,15500.0
2025-01-02,11298,16,15.6,13.3,0.0,32900.0
2025-01-02,11298,21,10.5,5.7,0.0,21700.0
2025-01-02,11298,7,2.7,0.8,0.0,17600.0
2025-01-02,11298,18,14.1,14.2,0.0,32000.0
2025-01-02,11298,12,11.6,13.0,0.0,24200.0
2025-01-02,11298,19,12.4,8.6,0.0,29700.0
2025-01-02,11298,13,14.0,13.7,0.0,34500.0
2025-01-02,11298,22,9.7,6.5,0.0,18800.0
2025-01-02,11298,8,3.0,2.2,0.0,17600.0
2025-01-02,11298,11,8.9,9.0,0.0,19400.0
2025-01-02,11298,10,5.7,6.9,0.0,15300.0
2025-01-02,11298,5,2.8,4.1,0.0,17600.0
2025-01-02,11298,6,2.8,2.3,0.0,18000.0
2025-01-02,11298,23,9.0,3.3,0.0,18200.0
2025-01-02,11057,20,3.9,3.4,0.0,48300.0
2025-01-02,11057,21,2.3,5.8,0.0,43000.0
2025-01-02,11057,16,8.7,8.0,0.0,58400.0
2025-01-02,11057,7,-1.5,4.1,0.0,26100.0
2025-01-02,11057,13,6.6,3.2,0.0,50800.0
2025-01-02,11057,14,7.5,7.9,0.0,52300.0
2025-01-02,11057,22,1.2,1.8,0.0,33500.0
2025-01-02,11057,18,7.5,4.3,0.0,60200.0
2025-01-02,11057,9,-2.9,5.8,0.0,23500.0
2025-01-02,11057,11,3.9,11.3,0.0,41300.0
2025-01-02,11057,19,5.1,3.3,0.0,51500.0
2025-01-02,11057,8,-2.1,3.8,0.0,24500.0
2025-01-02,11057,12,5.1,7.9,0.0,44200.0
2025-01-02,11057,10,1.3,5.5,0.0,30600.0
2025-01-02,11057,15,8.2,8.5,0.0,56400.0
2025-01-02,11057,17,8.7,8.0,0.0,59900.0
2025-01-02,11057,23,0.7,5.0,0.0,32600.0
2025-01-02,11057,5,-0.4,4.4,0.0,27000.0
2025-01-02,11057,6,-0.9,5.4,0.0,25100.0
2025-01-02,12953,19,2.6,26.0,0.0,45800.0
2025-01-02,12953,9,1.8,25.6,0.0,36200.0
2025-01-02,12953,16,5.0,30.6,0.0,48100.0
2025-01-02,12953,5,2.6,26.2,0.0,27400.0
2025-01-02,12953,18,3.0,28.3,0.0,48900.0
2025-01-02,12953,11,4.1,27.7,0.0,37800.0
2025-01-02,12953,6,2.2,25.4,0.0,33400.0
2025-01-02,12953,7,2.0,26.4,0.0,34100.0
2025-01-02,12953,17,4.2,32.3,0.0,49100.0
2025-01-02,12953,12,5.0,31.4,0.0,40700.0
2025-01-02,12953,10,2.8,28.2,0.0,34000.0
2025-01-02,12953,20,2.2,29.5,0.0,44400.0
2025-01-02,12953,14,6.1,33.9,0.0,51400.0
2025-01-02,12953,13,5.5,30.6,0.0,45700.0
2025-01-02,12953,15,5.7,32.6,0.0,51200.0
2025-01-02,12953,8,1.6,24.7,0.0,33700.0
2025-01-02,12953,21,1.7,24.5,0.0,44400.0
2025-01-02,12953,22,1.3,24.4,0.0,41700.0
2025-01-02,11503,11,1.1,7.8,0.0,24000.0
2025-01-02,11503,8,-1.2,3.8,0.0,17900.0
2025-01-02,11503,12,1.8,9.8,0.0,30500.0
2025-01-02,11503,10,0.7,5.4,0.0,18600.0
2025-01-02,11503,14,4.2,26.8,0.0,37500.0
2025-01-02,11503,15,5.1,22.4,0.0,41400.0
2025-01-02,11503,17,4.3,17.0,0.0,41500.0
2025-01-02,11503,13,2.8,17.0,0.0,31700.0
2025-01-02,11503,7,-1.4,6.4,0.0,16000.0
2025-01-02,11503,9,-1.2,7.1,0.0,15600.0
2025-01-02,13303,12,23.0,12.6,0.0,26400.0
2025-01-02,13303,19,21.1,12.1,0.0,32000.0
2025-01-02,13303,17,23.6,15.4,0.0,29200.0
2025-01-02,13303,8,15.7,10.6,0.0,18000.0
2025-01-02,13303,21,19.8,6.3,0.0,20800.0
2025-01-02,13303,20,20.0,6.6,0.0,26100.0
2025-01-02,13303,7,15.5,10.8,0.0,16200.0
2025-01-02,13303,18,22.9,13.5,0.0,31000.0
2025-01-02,13303,5,16.3,12.4,0.0,14000.0
2025-01-02,13303,11,21.9,14.5,0.0,22600.0
2025-01-02,13303,9,16.6,9.8,0.0,16700.0
2025-01-02,13303,16,24.6,14.6,0.0,32100.0
2025-01-02,13303,13,24.3,16.9,0.0,31000.0
2025-01-02,13303,15,24.6,15.3,0.0,30500.0
2025-01-02,13303,22,19.3,7.8,0.0,19900.0
2025-01-02,13303,14,24.8,17.9,0.0,31100.0
2025-01-02,13303,6,15.8,11.0,0.0,14100.0
2025-01-02,13303,23,18.3,8.2,0.0,18600.0
2025-01-02,13303,10,19.3,11.2,0.0,20100.0
2025-01-02,14107,7,6.9,5.8,0.0,55900.0
2025-01-02,14107,5,7.2,9.5,0.0,42700.0
2025-01-02,14107,9,11.3,4.0,0.0,63600.0
2025-01-02,14107,11,17.3,4.5,0.0,70200.0
2025-01-02,14107,21,15.0,4.7,0.0,80700.0
2025-01-02,14107,17,22.9,2.9,0.0,90000.0
2025-01-02,14107,13,21.5,1.1,0.0,80300.0
2025-01-02,14107,8,7.4,6.2,0.0,57300.0
2025-01-02,14107,16,24.1,0.7,0.0,90000.0
2025-01-02,14107,10,14.3,5.0,0.0,68800.0
2025-01-02,14107,22,13.5,6.9,0.0,77200.0
2025-01-02,14107,15,24.0,0.7,0.0,90000.0
2025-01-02,14107,14,23.1,0.7,0.0,86100.0
2025-01-02,14107,23,12.9,5.4,0.0,75500.0
2025-01-02,14107,18,20.4,5.5,0.0,90000.0
2025-01-02,14107,12,19.0,5.1,0.0,74700.0
2025-01-02,14107,0,11.1,4.7,0.0,65100.0
2025-01-02,14107,6,7.1,7.6,0.0,53700.0
2025-01-02,14107,20,15.6,1.8,0.0,80300.0
2025-01-02,14107,19,18.1,4.6,0.0,90000.0
2025-01-02,14107,1,9.6,7.1,0.0,58000.0
2025-01-02,12173,18,23.7,12.0,0.0,24140.0
2025-01-02,12173,19,23.1,9.6,0.0,24140.0
2025-01-02,12173,23,22.2,6.4,0.0,24140.0
2025-01-02,12173,7,21.5,8.3,0.0,24140.0
2025-01-02,12173,14,26.8,19.0,0.0,24140.0
2025-01-02,12173,22,22.4,7.8,0.0,24140.0
2025-01-02,12173,21,22.7,7.8,0.0,24140.0
2025-01-02,12173,12,26.9,18.3,0.0,24140.0
2025-01-02,12173,13,26.9,19.0,0.0,24140.0
2025-01-02,12173,15,26.9,15.9,0.0,24140.0
2025-01-02,12173,16,26.1,17.6,0.0,24140.0
2025-01-02,12173,11,26.2,17.3,0.0,24140.0
2025-01-02,12173,17,24.8,16.2,0.0,24140.0
2025-01-02,12173,8,22.3,9.9,0.0,24140.0
2025-01-02,12173,20,23.0,8.9,0.0,24140.0
2025-01-02,12173,5,21.9,13.9,0.0,24140.0
2025-01-02,12173,6,21.7,11.9,0.0,24140.0
2025-01-02,12173,9,24.2,15.9,0.0,24140.0
2025-01-02,12173,10,25.3,18.1,0.0,24140.0
2025-01-02,11433,5,-0.9,18.8,0.0,19700.0
2025-01-02,11433,15,-1.8,20.9,0.0,24900.0
2025-01-02,11433,19,-2.8,16.3,0.0,25500.0
2025-01-02,11433,7,-1.1,20.4,0.0,24000.0
2025-01-02,11433,10,-1.4,18.8,0.0,24200.0
2025-01-02,11433,11,-1.9,21.6,0.0,24700.0
2025-01-02,11433,18,-1.7,21.4,0.0,28600.0
2025-01-02,11433,8,-1.3,19.9,0.0,25200.0
2025-01-02,11433,6,-1.0,20.9,0.0,23900.0
2025-01-02,11433,17,-1.8,19.1,0.0,25900.0
2025-01-02,11433,16,-1.6,20.2,0.0,26800.0
2025-01-02,11433,20,-2.9,14.4,0.0,25800.0
2025-01-02,11433,13,-2.1,18.8,0.0,25300.0
2025-01-02,11433,21,-2.8,14.5,0.0,25300.0
2025-01-02,11433,12,-2.2,20.6,0.0,26300.0
2025-01-02,11433,14,-2.0,21.3,0.0,28000.0
2025-01-02,11433,9,-1.4,20.3,0.0,27500.0
2025-01-02,11433,22,-2.7,12.8,0.0,25400.0
2025-01-02,15376,8,1.7,6.9,0.0,66400.0
2025-01-02,15376,5,3.7,8.4,0.0,79600.0
2025-01-02,15376,6,3.5,2.5,0.0,72400.0
2025-01-02,15376,13,23.0,3.3,0.0,90000.0
2025-01-02,15376,10,13.4,2.2,0.0,90000.0
2025-01-02,15376,14,24.4,8.4,0.0,90000.0
2025-01-02,15376,12,20.8,4.5,0.0,90000.0
2025-01-02,15376,9,7.6,4.6,0.0,79100.0
2025-01-02,15376,16,24.6,11.2,0.0,90000.0
2025-01-02,15376,15,25.0,10.0,0.0,90000.0
2025-01-02,15376,7,2.9,5.3,0.0,72100.0
2025-01-02,15376,17,22.1,8.7,0.0,90000.0
2025-01-02,15376,19,15.4,5.2,0.0,90000.0
2025-01-02,15376,11,18.4,0.8,0.0,90000.0
2025-01-02,15376,18,17.7,9.2,0.0,90000.0
2025-01-02,15376,23,8.1,8.4,0.0,72700.0
2025-01-02,15376,21,11.0,9.5,0.0,85700.0
2025-01-02,15376,20,13.6,5.2,0.0,90000.0
2025-01-02,14262,11,20.2,4.8,0.0,75700.0
2025-01-02,14262,10,18.3,0.7,0.0,72600.0
2025-01-02,14262,13,22.6,8.7,0.0,76800.0
2025-01-02,14262,14,23.5,6.0,0.0,84500.0
2025-01-02,14262,6,11.3,12.1,0.0,65600.0
2025-01-02,14262,12,21.3,4.1,0.0,76200.0
2025-01-02,14262,19,18.9,14.1,0.0,90000.0
2025-01-02,14262,15,24.1,6.6,0.0,90000.0
2025-01-02,14262,17,22.9,1.1,0.0,90000.0
2025-01-02,14262,18,19.6,13.8,0.0,90000.0
2025-01-02,14262,9,13.0,2.5,0.0,68100.0
2025-01-02,14262,7,11.7,8.2,0.0,67100.0
2025-01-02,14262,16,24.3,5.7,0.0,90000.0
2025-01-02,14262,8,11.4,5.6,0.0,68600.0
2025-01-02,14262,5,12.0,5.2,0.0,70000.0
2025-01-02,14262,23,14.2,11.9,0.0,84900.0
2025-01-02,11618,19,2.6,21.7,0.0,43600.0
2025-01-02,11618,5,2.9,19.1,0.0,27900.0
2025-01-02,11618,6,2.5,18.0,0.0,32200.0
2025-01-02,11618,8,1.9,20.8,0.0,34500.0
2025-01-02,11618,13,5.7,25.6,0.0,45200.0
2025-01-02,11618,16,4.9,27.4,0.0,44300.0
2025-01-02,11618,17,4.3,26.5,0.0,48800.0
2025-01-02,11618,12,5.1,26.0,0.0,40600.0
2025-01-02,11618,9,2.0,20.4,0.0,35400.0
2025-01-02,11618,7,2.1,19.8,0.0,33500.0
2025-01-02,11618,18,3.3,23.3,0.0,49500.0
2025-01-02,11618,10,3.0,22.8,0.0,33800.0
2025-01-02,11618,15,5.8,29.1,0.0,51800.0
2025-01-02,11618,14,6.2,29.5,0.0,50900.0
2025-01-02,11618,21,1.7,21.7,0.0,42600.0
2025-01-02,11618,11,4.4,24.0,0.0,38000.0
2025-01-02,11618,20,2.2,22.1,0.0,42800.0
2025-01-02,11618,22,1.3,20.2,0.0,42700.0
2025-01-02,11618,23,0.9,20.7,0.0,41300.0
2025-01-02,14524,16,6.9,12.3,0.0,51800.0
2025-01-02,14524,6,0.9,6.2,0.0,42300.0
2025-01-02,14524,13,5.7,14.1,0.0,49200.0
2025-01-02,14524,20,2.1,3.4,0.0,41200.0
2025-01-02,14524,15,6.9,12.6,0.0,54200.0
2025-01-02,14524,19,3.2,4.1,0.0,46500.0
2025-01-02,14524,10,2.0,9.7,0.0,40600.0
2025-01-02,14524,5,1.7,8.4,0.0,41100.0
2025-01-02,14524,9,-0.5,5.5,0.0,33500.0
2025-01-02,14524,18,4.9,5.6,0.0,51200.0
2025-01-02,14524,8,-0.6,5.6,0.0,33500.0
2025-01-02,14524,14,6.6,15.1,0.0,51200.0
2025-01-02,14524,7,-0.1,7.0,0.0,37400.0
2025-01-02,14524,12,5.1,18.2,0.0,47700.0
2025-01-02,14524,17,6.3,10.8,0.0,50100.0
2025-01-02,14524,11,4.0,16.4,0.0,43200.0
2025-01-02,12896,18,19.5,7.1,0.0,90000.0
2025-01-02,12896,7,-1.3,10.2,0.0,18700.0
2025-01-02,12896,5,-1.0,3.3,0.0,18700.0
2025-01-02,12896,6,-1.9,5.4,0.0,16900.0
2025-01-02,12896,10,1.9,9.0,0.0,19500.0
2025-01-02,12896,12,11.5,16.1,0.0,55000.0
2025-01-02,12896,16,19.7,9.0,0.0,85100.0
2025-01-02,12896,17,20.1,7.2,0.0,89200.0
2025-01-02,12896,19,15.6,8.1,0.0,77800.0
2025-01-02,12896,13,15.9,18.1,0.0,73200.0
2025-01-02,12896,11,6.7,15.6,0.0,33500.0
2025-01-02,12896,15,19.3,8.2,0.0,81700.0
2025-01-02,13871,6,-1.3,5.6,0.4,1600.0
2025-01-02,13871,9,-1.9,8.6,0.0,12200.0
2025-01-02,13871,19,-4.2,6.9,0.0,17400.0
2025-01-02,13871,14,-2.4,13.0,0.0,12200.0
2025-01-02,13871,5,-0.9,7.2,0.4,15000.0
2025-01-02,13871,13,-2.2,16.6,0.0,12700.0
2025-01-02,13871,15,-1.8,12.6,0.0,15400.0
2025-01-02,13871,7,-1.6,4.9,0.0,4400.0
2025-01-02,13871,18,-2.7,8.6,0.0,19600.0
2025-01-02,13871,11,-1.1,9.7,0.0,12500.0
2025-01-02,13871,12,-1.4,14.9,0.0,12300.0
2025-01-02,13871,17,-1.6,11.2,0.0,19500.0
2025-01-02,13871,8,-2.1,1.5,0.0,12900.0
2025-01-02,13871,20,-4.9,6.8,0.0,16200.0
2025-01-02,13871,21,-6.0,5.4,0.0,17300.0
2025-01-02,10397,11,1.9,14.1,0.0,27200.0
2025-01-02,10397,8,-1.2,13.0,0.0,19400.0
2025-01-02,10397,12,4.2,11.7,0.0,38700.0
2025-01-02,10397,14,7.9,13.8,0.0,56000.0
2025-01-02,10397,19,6.8,7.6,0.0,62000.0
2025-01-02,10397,18,9.0,8.7,0.0,68600.0
2025-01-02,10397,7,-1.1,12.2,0.0,19000.0
2025-01-02,10397,6,-1.0,11.7,0.0,19700.0
2025-01-02,10397,17,9.8,9.7,0.0,67700.0
2025-01-02,10397,20,5.3,6.6,0.0,55600.0
2025-01-02,10397,5,-0.7,10.9,0.0,19600.0
2025-01-02,10397,15,9.0,14.1,0.0,60900.0
2025-01-02,10397,9,-1.5,10.6,0.0,19000.0
2025-01-02,10397,13,6.2,14.4,0.0,48900.0
2025-01-02,10397,21,4.0,4.6,0.0,50100.0
2025-01-02,10397,16,9.6,9.7,0.0,63200.0
2025-01-02,10397,10,-0.5,13.3,0.0,19900.0
2025-01-02,10397,22,3.1,4.5,0.0,44400.0
2025-01-02,13495,9,7.3,8.9,0.0,18700.0
2025-01-02,13495,13,14.5,11.9,0.0,24900.0
2025-01-02,13495,19,11.8,6.5,0.0,24200.0
2025-01-02,13495,16,16.0,9.5,0.0,29300.0
2025-01-02,13495,10,9.7,10.4,0.0,17600.0
2025-01-02,13495,6,6.4,6.6,0.0,19500.0
2025-01-02,13495,18,13.6,8.5,0.0,28900.0
2025-01-02,13495,15,15.7,8.4,0.0,25300.0
2025-01-02,13495,12,13.9,14.2,0.0,25700.0
2025-01-02,13495,7,6.5,8.3,0.0,20200.0
2025-01-02,13495,5,6.6,6.0,0.0,18800.0
2025-01-02,13495,11,12.3,12.7,0.0,21000.0
2025-01-02,13495,14,14.9,11.6,0.0,25000.0
2025-01-02,13495,17,15.5,8.6,0.0,29800.0
2025-01-02,13495,8,6.1,8.0,0.0,18900.0
2025-01-02,13495,22,10.8,3.7,0.0,17900.0
2025-01-02,13495,20,11.3,4.8,0.0,19600.0
2025-01-02,13495,21,11.0,2.3,0.0,19000.0
2025-01-02,10721,12,4.3,30.3,0.0,49000.0
2025-01-02,10721,10,2.0,25.9,0.0,42800.0
2025-01-02,10721,7,1.0,22.3,0.0,35600.0
2025-01-02,10721,6,1.2,23.2,0.0,32000.0
2025-01-02,10721,17,4.1,32.8,0.0,49200.0
2025-01-02,10721,18,3.1,30.0,0.0,43500.0
2025-01-02,10721,5,1.8,24.0,0.0,30000.0
2025-01-02,10721,13,5.2,33.6,0.0,55900.0
2025-01-02,10721,8,0.9,24.7,0.0,42400.0
2025-01-02,10721,14,5.9,34.5,0.0,62200.0
2025-01-02,10721,16,5.5,32.1,0.0,60500.0
2025-01-02,10721,9,1.0,25.4,0.0,42500.0
2025-01-02,10721,11,3.2,28.7,0.0,46200.0
2025-01-02,10721,19,1.8,29.1,0.0,27800.0
2025-01-02,10721,15,6.3,36.5,0.0,64100.0
2025-01-02,10721,20,2.0,24.1,0.0,42400.0
2025-01-02,10721,21,1.4,25.5,0.0,38400.0
2025-01-02,10721,22,1.2,28.4,0.0,40700.0
2025-01-02,14576,6,0.1,20.6,0.0,17200.0
2025-01-02,14576,17,-0.5,24.2,0.0,30900.0
2025-01-02,14576,11,0.2,26.0,0.0,21400.0
2025-01-02,14576,19,-0.9,26.6,0.0,30100.0
2025-01-02,14576,12,0.7,31.6,0.0,22700.0
2025-01-02,14576,18,-0.7,25.7,0.0,29500.0
2025-01-02,14576,5,0.4,19.8,0.0,18600.0
2025-01-02,14576,16,0.3,29.4,0.0,31800.0
2025-01-02,14576,7,0.1,21.0,0.0,18100.0
2025-01-02,10423,11,11.5,2.3,0.0,22700.0
2025-01-02,10423,17,16.8,9.1,0.0,25400.0
2025-01-02,10423,6,7.6,5.0,0.0,21200.0
2025-01-02,10423,20,15.6,4.6,0.0,20800.0
2025-01-02,10423,18,16.2,6.4,0.0,25900.0
2025-01-02,10423,15,16.3,2.0,0.0,26900.0
2025-01-02,10423,12,13.9,7.6,0.0,27400.0
2025-01-02,10423,10,10.2,3.8,0.0,22400.0
2025-01-02,10423,14,15.8,5.5,0.0,28900.0
2025-01-02,10423,7,8.8,3.7,0.0,20500.0
2025-01-02,10423,9,9.9,2.5,0.0,22400.0
2025-01-02,10423,5,5.4,4.0,0.0,200.0
2025-01-02,10423,8,9.7,3.6,0.0,200.0
2025-01-02,10423,13,14.6,3.1,0.0,27600.0
2025-01-02,10423,19,15.5,3.1,0.0,21400.0
2025-01-02,10423,16,16.2,8.4,0.0,24500.0
2025-01-02,10423,22,15.6,3.8,0.0,19100.0
2025-01-02,10423,21,15.6,4.3,0.0,19700.0
2025-01-02,12451,11,9.0,11.2,0.0,28300.0
2025-01-02,12451,20,9.7,2.2,0.0,26100.0
2025-01-02,12451,19,11.9,6.0,0.0,42600.0
2025-01-02,12451,10,6.8,14.5,0.0,22400.0
2025-01-02,12451,18,15.0,5.1,0.0,50800.0
2025-01-02,12451,14,14.0,6.8,0.0,40500.0
2025-01-02,12451,6,5.5,5.6,0.0,19400.0
2025-01-02,12451,17,16.3,7.6,0.0,54300.0
2025-01-02,12451,7,4.9,6.4,0.0,18500.0
2025-01-02,12451,15,15.1,7.0,0.0,47200.0
2025-01-02,12451,8,4.5,8.4,0.0,19400.0
2025-01-02,12451,5,6.1,6.3,0.0,20700.0
2025-01-02,12451,16,16.2,6.5,0.0,52900.0
2025-01-02,12451,13,12.4,9.7,0.0,36000.0
2025-01-02,12451,12,11.0,8.1,0.0,33300.0
2025-01-02,12451,9,4.8,10.5,0.0,18900.0
2025-01-02,12451,21,8.7,1.8,0.0,27100.0
2025-01-02,12323,19,6.3,4.3,0.0,34900.0
2025-01-02,12323,5,2.6,5.1,0.0,19500.0
2025-01-02,12323,7,1.4,5.1,0.0,17200.0
2025-01-02,12323,17,10.1,12.3,0.0,47200.0
2025-01-02,12323,6,2.2,6.1,0.0,20400.0
2025-01-02,12323,10,4.0,10.8,0.0,23300.0
2025-01-02,12323,16,10.5,11.8,0.0,40500.0
2025-01-02,12323,9,2.1,9.2,0.0,19800.0
2025-01-02,12323,14,9.6,8.6,0.0,48100.0
2025-01-02,12323,11,6.0,13.6,0.0,28800.0
2025-01-02,12323,15,10.4,10.3,0.0,53500.0
2025-01-02,10693,5,-4.3,4.6,0.0,17000.0
2025-01-02,10693,15,9.2,3.1,0.0,54700.0
2025-01-02,10693,10,0.0,4.1,0.0,15700.0
2025-01-02,10693,7,-4.8,1.0,0.0,12200.0
2025-01-02,10693,11,3.6,1.8,0.0,21600.0
2025-01-02,10693,12,5.7,2.3,0.0,32100.0
2025-01-02,10693,16,9.5,2.3,0.0,60700.0
2025-01-02,10693,6,-4.7,3.1,0.0,12800.0
2025-01-02,10693,19,6.1,6.9,0.0,46900.0
2025-01-02,10693,17,8.6,4.0,0.0,55200.0
2025-01-02,10693,9,-3.5,1.9,0.0,12200.0
2025-01-02,10693,18,6.8,4.0,0.0,50800.0
2025-01-02,10693,14,8.4,4.2,0.0,49500.0
2025-01-02,10693,13,7.3,3.9,0.0,42300.0
2025-01-02,10693,8,-4.8,1.5,0.0,12700.0
2025-01-02,10693,21,4.5,4.5,0.0,35600.0
2025-01-02,10693,20,5.5,8.2,0.0,41900.0
2025-01-02,10693,22,4.1,4.0,0.0,38800.0
2025-01-02,11292,6,-4.7,6.6,0.0,22000.0
2025-01-02,11292,10,-0.7,4.2,0.0,26400.0
2025-01-02,11292,9,-4.1,2.2,0.0,19200.0
2025-01-02,11292,18,6.7,13.8,0.0,53400.0
2025-01-02,11292,8,-3.3,10.9,0.0,41200.0
2025-01-02,11292,0,-2.9,9.9,0.0,35800.0
2025-01-02,11292,16,10.8,13.7,0.0,65600.0
2025-01-02,11292,14,11.5,20.1,0.0,69500.0
2025-01-02,11292,12,7.7,3.7,0.0,46200.0
2025-01-02,11292,5,-4.7,7.7,0.0,25600.0
2025-01-02,11292,15,11.1,20.1,0.0,69200.0
2025-01-02,11292,11,3.2,3.3,0.0,36900.0
2025-01-02,11292,23,-0.9,7.5,0.0,23900.0
2025-01-02,11292,13,10.7,17.7,0.0,61100.0
2025-01-02,11292,20,2.7,5.8,0.0,34300.0
2025-01-02,11292,17,9.8,13.0,0.0,68200.0
2025-01-02,11292,21,1.4,9.5,0.0,34500.0
2025-01-02,11292,7,-4.2,6.5,0.0,25800.0
2025-01-02,11292,22,0.1,5.4,0.0,29700.0
2025-01-02,11292,19,4.5,12.7,0.0,41900.0
2025-01-02,12889,19,12.9,6.6,0.0,89000.0
2025-01-02,12889,22,8.3,5.9,0.0,76900.0
2025-01-02,12889,0,6.0,9.0,0.0,62000.0
2025-01-02,12889,12,13.1,4.6,0.0,73800.0
2025-01-02,12889,8,2.3,8.7,0.0,54100.0
2025-01-02,12889,16,16.8,3.3,0.0,85600.0
2025-01-02,12889,14,15.8,5.4,0.0,80900.0
2025-01-02,12889,9,4.4,5.7,0.0,52700.0
2025-01-02,12889,6,3.0,5.4,0.0,54200.0
2025-01-02,12889,10,9.0,2.4,0.0,60500.0
2025-01-02,12889,5,3.6,4.7,0.0,56100.0
2025-01-02,12889,13,14.9,4.0,0.0,77500.0
2025-01-02,12889,18,14.2,6.2,0.0,89200.0
2025-01-02,12889,23,7.2,6.7,0.0,66800.0
2025-01-02,12889,7,2.2,5.6,0.0,52400.0
2025-01-02,12889,15,16.6,4.0,0.0,85100.0
2025-01-02,12889,11,11.3,3.8,0.0,65200.0
2025-01-02,12889,1,5.6,9.2,0.0,59300.0
2025-01-02,12889,17,16.4,2.3,0.0,86700.0
2025-01-02,12889,20,10.2,10.0,0.0,82200.0
2025-01-02,12889,21,9.4,7.1,0.0,78200.0
2025-01-02,13851,20,8.4,9.7,0.0,27500.0
2025-01-02,13851,18,12.2,8.1,0.0,41200.0
2025-01-02,13851,10,2.5,11.7,0.0,18200.0
2025-01-02,13851,7,0.2,10.4,0.0,20800.0
2025-01-02,13851,6,0.1,9.0,0.0,20600.0
2025-01-02,13851,5,-0.1,7.9,0.0,20500.0
2025-01-02,13851,14,10.9,12.6,0.0,33000.0
2025-01-02,13851,11,4.8,15.5,0.0,19200.0
2025-01-02,13851,8,0.4,11.3,0.0,18900.0
2025-01-02,13851,16,13.2,5.1,0.0,44900.0
2025-01-02,13851,17,13.4,7.3,0.0,42500.0
2025-01-02,13851,12,7.5,17.6,0.0,25200.0
2025-01-02,13851,13,9.4,16.4,0.0,29400.0
2025-01-02,13851,9,0.6,9.4,0.0,19200.0
2025-01-02,13851,15,12.2,8.4,0.0,36300.0
2025-01-02,13851,21,6.6,6.6,0.0,22300.0
2025-01-02,13851,19,10.3,3.3,0.0,34900.0
2025-01-02,10561,5,4.2,2.6,0.0,14200.0
2025-01-02,10561,9,4.4,6.1,0.0,12900.0
2025-01-02,10561,12,11.6,4.3,0.0,19600.0
2025-01-02,10561,6,3.9,7.9,0.0,12200.0
2025-01-02,10561,16,16.7,4.9,0.0,31800.0
2025-01-02,10561,14,15.4,2.2,0.0,25800.0
2025-01-02,11278,11,1.4,7.1,0.0,38200.0
2025-01-02,11278,10,0.7,9.2,0.0,38800.0
2025-01-02,11278,18,2.5,8.4,0.0,47600.0
2025-01-02,11278,17,3.9,7.6,0.0,45000.0
2025-01-02,11278,13,2.9,9.8,0.0,42300.0
2025-01-02,11278,8,0.0,6.5,0.0,35800.0
2025-01-02,11278,9,0.0,3.6,0.0,31700.0
2025-01-02,11278,16,4.4,9.3,0.0,45800.0
2025-01-02,11278,7,0.1,8.7,0.0,36200.0
2025-01-02,11278,15,4.7,11.4,0.0,44900.0
2025-01-02,11278,20,1.1,8.5,0.0,47800.0
2025-01-02,11278,14,4.3,12.9,0.0,46300.0
2025-01-02,11278,6,0.2,6.1,0.0,38000.0
2025-01-02,11278,22,0.4,3.7,0.0,39700.0
2025-01-02,11278,5,0.4,7.1,0.0,40300.0
2025-01-02,11278,19,2.1,9.2,0.0,55100.0
2025-01-02,11278,12,2.1,11.2,0.0,37700.0
2025-01-02,11278,21,0.6,5.8,0.0,44900.0
2025-01-02,11540,5,4.6,12.2,0.0,74900.0
2025-01-02,11540,17,20.0,1.9,0.0,90000.0
2025-01-02,11540,6,2.5,10.4,0.0,61200.0
2025-01-02,11540,12,13.8,1.8,0.0,79100.0
2025-01-02,11540,8,1.7,9.9,0.0,58000.0
2025-01-02,11540,7,2.0,10.7,0.0,56500.0
2025-01-02,11540,14,18.8,1.0,0.0,90000.0
2025-01-02,11540,13,16.4,2.4,0.0,86700.0
2025-01-02,11540,21,11.9,3.9,0.0,90000.0
2025-01-02,11540,19,14.4,5.8,0.0,90000.0
2025-01-02,11540,18,17.7,3.3,0.0,90000.0
2025-01-02,11540,9,3.8,9.8,0.0,50500.0
2025-01-02,11540,15,19.4,0.0,0.0,90000.0
2025-01-02,11540,10,6.4,5.2,0.0,55000.0
2025-01-02,11540,20,13.1,3.3,0.0,90000.0
2025-01-02,11540,11,9.2,6.1,0.0,62200.0
2025-01-02,11540,16,20.5,1.6,0.0,90000.0
2025-01-02,14635,13,19.8,10.9,0.0,34700.0
2025-01-02,14635,6,10.9,8.6,0.0,17700.0
2025-01-02,14635,17,22.5,11.4,0.0,46400.0
2025-01-02,14635,7,10.5,5.9,0.0,16500.0
2025-01-02,14635,15,22.2,9.2,0.0,39600.0
2025-01-02,14635,19,19.2,7.6,0.0,43400.0
2025-01-02,14635,16,22.6,10.3,0.0,43000.0
2025-01-02,14635,14,21.3,10.1,0.0,36600.0
2025-01-02,14635,11,15.1,13.3,0.0,25000.0
2025-01-02,14635,8,10.1,5.9,0.0,16700.0
2025-01-02,14635,10,12.8,11.0,0.0,21500.0
2025-01-02,14635,20,17.3,6.6,0.0,33800.0
2025-01-02,14635,18,21.1,9.6,0.0,47800.0
2025-01-02,14635,12,17.8,12.0,0.0,28700.0
2025-01-02,14635,5,11.4,9.8,0.0,18400.0
2025-01-02,14635,9,10.6,5.1,0.0,16900.0
2025-01-02,14635,22,14.9,8.1,0.0,27000.0
2025-01-02,14635,21,16.3,7.6,0.0,29600.0
2025-01-02,13931,20,3.4,5.1,0.0,39300.0
2025-01-02,13931,6,3.0,10.9,0.0,37800.0
2025-01-02,13931,15,8.0,18.5,0.0,54300.0
2025-01-02,13931,19,4.6,5.9,0.0,45600.0
2025-01-02,13931,10,4.1,11.2,0.0,33100.0
2025-01-02,13931,8,1.8,7.2,0.0,31400.0
2025-01-02,13931,5,3.6,18.2,0.0,34100.0
2025-01-02,13931,18,6.0,9.5,0.0,51400.0
2025-01-02,13931,12,6.3,19.2,0.0,51000.0
2025-01-02,13931,14,7.6,17.0,0.0,53300.0
2025-01-02,13931,13,6.9,15.4,0.0,49100.0
2025-01-02,13931,9,2.3,8.8,0.0,31900.0
2025-01-02,13931,16,7.9,16.6,0.0,55000.0
2025-01-02,13931,11,5.7,17.7,0.0,51800.0
2025-01-02,13931,7,2.5,7.9,0.0,34400.0
2025-01-02,13931,17,7.4,13.3,0.0,53000.0
2025-01-02,10713,7,-1.6,3.3,0.0,100.0
2025-01-02,10713,14,-0.1,3.8,0.0,100.0
2025-01-02,10713,13,-0.6,2.3,0.0,100.0
2025-01-02,10713,15,0.4,2.2,0.0,1600.0
2025-01-02,10713,5,-0.9,4.7,0.0,12400.0
2025-01-02,10713,19,1.1,8.9,0.4,12200.0
2025-01-02,10713,23,1.3,7.2,0.4,9500.0
2025-01-02,10713,20,1.1,4.6,1.0,9300.0
2025-01-02,10713,11,-1.9,4.6,0.0,200.0
2025-01-02,10713,12,-1.1,5.2,0.0,100.0
2025-01-02,10713,10,-1.8,4.0,0.0,300.0
2025-01-02,10713,8,-1.8,2.9,0.0,300.0
2025-01-02,10713,6,-1.2,2.6,0.0,100.0
2025-01-02,10713,18,0.0,11.0,0.0,12200.0
2025-01-02,10713,17,0.8,6.2,0.0,12200.0
2025-01-02,10713,9,-1.8,4.0,0.0,300.0
2025-01-02,10713,16,0.9,1.6,0.0,12200.0
2025-01-02,14771,13,13.2,6.2,0.0,22000.0
2025-01-02,14771,6,7.3,4.2,0.0,16900.0
2025-01-02,14771,10,9.7,6.8,0.0,15800.0
2025-01-02,14771,18,12.3,6.4,0.0,20600.0
2025-01-02,14771,7,7.3,6.5,0.0,18300.0
2025-01-02,14771,12,12.0,2.9,0.0,17600.0
2025-01-02,14771,9,7.1,4.3,0.0,16600.0
2025-01-02,14771,17,13.7,7.2,0.0,21000.0
2025-01-02,14771,23,9.4,7.1,0.0,13700.0
2025-01-02,14771,0,7.9,8.4,0.0,15200.0
2025-01-02,14771,15,14.5,7.6,0.0,21400.0
2025-01-02,14771,22,9.6,7.8,0.0,15000.0
2025-01-02,14771,8,7.0,7.2,0.0,13000.0
2025-01-02,14771,16,14.7,6.5,0.0,22200.0
2025-01-02,14771,11,11.3,4.8,0.0,17400.0
2025-01-02,14771,14,14.1,7.3,0.0,22200.0
2025-01-02,14771,20,10.5,5.1,0.0,18500.0
2025-01-02,14771,19,11.4,5.4,0.0,22100.0
2025-01-02,14771,21,10.1,8.2,0.0,17300.0
2025-01-02,14771,5,7.5,7.3,0.0,15300.0
2025-01-02,13830,18,24.9,18.0,0.0,24140.0
2025-01-02,13830,15,27.5,20.6,0.0,24140.0
2025-01-02,13830,22,23.0,10.9,0.0,24140.0
2025-01-02,13830,11,27.4,28.4,0.0,24140.0
2025-01-02,13830,23,22.4,6.9,0.0,24140.0
2025-01-02,13830,14,27.3,31.6,0.0,24140.0
2025-01-02,13830,13,27.3,33.2,0.0,24140.0
2025-01-02,13830,16,26.6,19.9,0.0,24140.0
2025-01-02,13830,17,26.0,20.2,0.0,24140.0
2025-01-02,13830,21,23.5,11.5,0.0,24140.0
2025-01-02,13830,6,22.0,5.8,0.0,24140.0
2025-01-02,13830,7,22.6,7.4,0.0,24140.0
2025-01-02,13830,8,23.9,13.1,0.0,24140.0
2025-01-02,13830,9,25.6,20.6,0.0,24140.0
2025-01-02,13830,10,26.9,26.0,0.0,24140.0
2025-01-02,13830,12,27.5,31.6,0.0,24140.0
2025-01-02,13830,19,24.3,11.9,0.0,24140.0
2025-01-02,13830,20,23.9,10.5,0.0,24140.0
2025-01-02,13198,16,6.5,4.6,0.0,26700.0
2025-01-02,13198,19,4.5,11.2,0.0,23100.0
2025-01-02,13198,7,0.5,8.6,0.0,24800.0
2025-01-02,13198,12,3.9,6.3,0.0,24800.0
2025-01-02,13198,18,5.0,5.1,0.0,26000.0
2025-01-02,13198,5,0.2,6.6,0.0,23400.0
2025-01-02,13198,6,0.2,8.8,0.0,24400.0
2025-01-02,13198,13,4.8,10.7,0.0,28400.0
2025-01-02,13198,10,2.3,12.0,0.0,24100.0
2025-01-02,13198,14,5.9,10.0,0.0,30300.0
2025-01-02,13198,17,6.0,8.5,0.0,27300.0
2025-01-02,13198,8,0.9,6.5,0.0,24300.0
2025-01-02,13198,20,3.5,10.0,0.0,19900.0
2025-01-02,13198,9,1.4,8.8,0.0,23600.0
2025-01-02,13198,15,5.5,7.7,0.0,26800.0
2025-01-02,13198,21,1.9,16.6,0.0,17200.0
2025-01-02,13198,11,4.2,11.8,0.0,26300.0
2025-01-02,13198,22,-0.1,15.2,0.0,15900.0
2025-01-02,11042,9,-1.6,24.2,0.0,25100.0
2025-01-02,11042,7,-1.5,28.0,0.0,24700.0
2025-01-02,11042,13,-1.5,27.6,0.0,24100.0
2025-01-02,11042,12,-1.7,24.0,0.0,22700.0
2025-01-02,11042,5,-0.8,29.6,0.0,24400.0
2025-01-02,11042,17,-1.7,27.7,0.0,25400.0
2025-01-02,11042,8,-1.7,25.3,0.0,26200.0
2025-01-02,11042,6,-1.1,29.7,0.0,25500.0
2025-01-02,11042,20,-1.4,23.2,0.0,25800.0
2025-01-02,11042,18,-1.8,25.0,0.0,24300.0
2025-01-02,11042,11,-1.9,24.2,0.0,25900.0
2025-01-02,11042,19,-1.6,24.5,0.0,23900.0
2025-01-02,11042,14,-1.6,28.1,0.0,24600.0
2025-01-02,11042,10,-1.8,24.1,0.0,26300.0
2025-01-02,11042,16,-1.8,29.4,0.0,25100.0
2025-01-02,11042,21,-1.2,24.2,0.0,26800.0
2025-01-02,11042,15,-1.8,28.4,0.0,25100.0
2025-01-02,13204,15,18.2,9.0,0.0,42000.0
2025-01-02,13204,13,16.5,11.5,0.0,31600.0
2025-01-02,13204,18,17.2,8.4,0.0,46200.0
2025-01-02,13204,10,10.8,9.3,0.0,17100.0
2025-01-02,13204,19,15.3,4.5,0.0,41100.0
2025-01-02,13204,14,17.6,11.9,0.0,39000.0
2025-01-02,13204,16,18.4,8.4,0.0,45000.0
2025-01-02,13204,12,15.3,12.2,0.0,25600.0
2025-01-02,13204,17,18.1,9.1,0.0,44700.0
2025-01-02,13204,7,8.4,8.0,0.0,19000.0
2025-01-02,13204,8,8.3,8.2,0.0,17300.0
2025-01-02,13204,5,8.9,6.6,0.0,19000.0
2025-01-02,13204,6,8.5,6.6,0.0,18500.0
2025-01-02,13204,9,8.5,6.9,0.0,17800.0
2025-01-02,13204,11,13.3,10.9,0.0,21600.0
2025-01-02,13204,20,13.1,8.7,0.0,20600.0
2025-01-02,13204,21,12.2,6.3,0.0,20900.0
2025-01-02,13204,23,10.4,3.3,0.0,19800.0
2025-01-02,13204,22,11.2,3.6,0.0,19800.0
2025-01-02,11481,14,15.1,11.9,0.0,47400.0
2025-01-02,11481,7,3.5,6.2,0.0,18500.0
2025-01-02,11481,11,10.6,11.6,0.0,28900.0
2025-01-02,11481,17,15.4,6.5,0.0,51600.0
2025-01-02,11481,6,4.0,5.4,0.0,18700.0
2025-01-02,11481,15,15.8,6.4,0.0,54200.0
2025-01-02,11481,10,8.1,11.8,0.0,23400.0
2025-01-02,11481,16,16.0,6.1,0.0,52800.0
2025-01-02,11481,18,12.4,4.9,0.0,40500.0
2025-01-02,11481,9,5.6,7.9,0.0,16400.0
2025-01-02,10821,6,1.5,16.6,0.0,41300.0
2025-01-02,10821,19,1.8,8.4,0.0,40000.0
2025-01-02,10821,9,1.2,14.8,0.0,38000.0
2025-01-02,10821,5,1.6,19.2,0.0,41500.0
2025-01-02,10821,13,4.2,23.8,0.0,46300.0
2025-01-02,10821,15,3.8,23.8,0.0,43500.0
2025-01-02,10821,8,1.0,12.3,0.0,42600.0
2025-01-02,10821,18,2.5,13.7,0.0,42600.0
2025-01-02,10821,7,1.3,13.7,0.0,41700.0
2025-01-02,10821,20,1.1,6.8,0.0,36500.0
2025-01-02,10821,12,4.3,24.5,0.0,45700.0
2025-01-02,10821,10,2.9,21.9,0.0,47000.0
2025-01-02,10821,17,3.3,18.4,0.0,42500.0
2025-01-02,10821,14,4.2,23.5,0.0,43000.0
2025-01-02,10821,16,3.4,21.2,0.0,43400.0
2025-01-02,10821,11,3.8,25.6,0.0,48100.0
2025-01-02,10821,21,1.1,5.2,0.0,34700.0
2025-01-02,10821,22,0.7,4.0,0.0,31600.0
2025-01-02,10994,5,4.6,12.6,0.0,18500.0
2025-01-02,10994,19,7.9,3.3,0.0,24000.0
2025-01-02,10994,15,11.5,0.4,0.0,40100.0
2025-01-02,10994,20,6.2,8.0,0.0,20300.0
2025-01-02,10994,6,3.7,10.0,0.0,17000.0
2025-01-02,10994,8,3.1,7.8,0.0,200.0
2025-01-02,10994,18,9.8,5.7,0.0,26900.0
2025-01-02,10994,9,3.3,9.5,0.0,14300.0
2025-01-02,10994,17,10.8,7.2,0.0,30200.0
2025-01-02,10994,13,9.4,7.2,0.0,40100.0
2025-01-02,10994,11,6.6,15.1,0.0,27100.0
2025-01-02,10994,7,3.2,7.3,0.0,16400.0
2025-01-02,10994,14,10.6,4.3,0.0,38900.0
2025-01-02,10994,10,4.8,12.0,0.0,17400.0
2025-01-02,10994,12,8.3,10.2,0.0,37100.0
2025-01-02,10994,21,6.5,9.0,0.0,23100.0
2025-01-02,10994,16,11.4,4.1,0.0,39500.0
2025-01-02,15304,9,8.8,6.2,0.0,20900.0
2025-01-02,15304,15,20.2,8.1,0.0,54000.0
2025-01-02,15304,13,17.4,9.7,0.0,37000.0
2025-01-02,15304,19,16.3,7.6,0.0,44100.0
2025-01-02,15304,16,20.4,8.8,0.0,57200.0
2025-01-02,15304,5,9.8,9.9,0.0,22300.0
2025-01-02,15304,8,8.8,7.3,0.0,22400.0
2025-01-02,15304,18,18.6,7.9,0.0,51700.0
2025-01-02,15304,17,20.1,10.6,0.0,61000.0
2025-01-02,15304,6,9.2,7.8,0.0,20400.0
2025-01-02,15304,12,15.8,12.6,0.0,29600.0
2025-01-02,15304,7,9.1,8.8,0.0,21200.0
2025-01-02,15304,11,13.7,13.6,0.0,28400.0
2025-01-02,15304,10,11.3,12.0,0.0,24500.0
2025-01-02,15304,14,18.7,8.4,0.0,45200.0
2025-01-02,15304,21,13.5,6.1,0.0,30300.0
2025-01-02,15304,20,14.7,6.2,0.0,36800.0
2025-01-02,15304,22,12.2,5.2,0.0,26400.0
2025-01-02,11638,23,7.6,5.5,0.0,15700.0
2025-01-02,11638,19,12.5,6.1,0.0,27300.0
2025-01-02,11638,12,12.3,8.7,0.0,17800.0
2025-01-02,11638,6,4.3,1.1,0.0,13800.0
2025-01-02,11638,10,7.7,6.6,0.0,3100.0
2025-01-02,11638,22,8.1,5.6,0.0,18500.0
2025-01-02,11638,18,15.0,3.7,0.0,37700.0
2025-01-02,11638,21,9.8,5.9,0.0,22500.0
2025-01-02,11638,11,10.0,6.4,0.0,17300.0
2025-01-02,11638,8,4.2,2.9,0.0,3100.0
2025-01-02,11638,7,4.2,5.1,0.0,14500.0
2025-01-02,11638,15,16.6,4.3,0.0,33900.0
2025-01-02,11638,17,16.6,0.5,0.0,37400.0
2025-01-02,11638,16,17.0,2.1,0.0,37500.0
2025-01-02,11638,9,4.5,2.2,0.0,3100.0
2025-01-02,11638,14,15.6,3.6,0.0,30500.0
2025-01-02,11638,5,4.6,4.4,0.0,13600.0
2025-01-02,11638,13,14.0,4.3,0.0,24100.0
2025-01-02,10792,6,0.0,21.8,0.0,17600.0
2025-01-02,10792,11,0.1,26.0,0.0,23900.0
2025-01-02,10792,19,-1.3,22.7,0.0,30100.0
2025-01-02,10792,8,-0.0,24.2,0.0,22500.0
2025-01-02,10792,10,-0.2,26.8,0.0,21000.0
2025-01-02,10792,17,-1.1,25.3,0.0,28500.0
2025-01-02,10792,20,-1.5,20.7,0.0,27900.0
2025-01-02,10792,13,0.5,25.4,0.0,28000.0
2025-01-02,10792,12,0.3,24.3,0.0,25200.0
2025-01-02,10792,18,-1.2,25.4,0.0,29700.0
2025-01-02,10792,22,-2.4,25.1,0.0,30100.0
2025-01-02,10792,21,-2.6,25.1,0.0,29100.0
2025-01-02,10792,7,-0.0,21.6,0.0,18800.0
2025-01-02,10792,5,-0.0,18.9,0.0,15700.0
2025-01-02,10792,15,-0.2,25.8,0.0,29900.0
2025-01-02,10792,14,0.3,25.3,0.0,30800.0
2025-01-02,10800,12,20.7,8.4,0.0,84500.0
2025-01-02,10800,7,9.3,3.9,0.0,51300.0
2025-01-02,10800,10,14.1,4.2,0.0,59000.0
2025-01-02,10800,20,16.7,12.6,0.0,60200.0
2025-01-02,10800,9,9.9,0.8,0.0,44800.0
2025-01-02,10800,17,26.0,2.9,0.0,90000.0
2025-01-02,10800,14,25.7,6.6,0.0,90000.0
2025-01-02,10800,16,26.6,5.0,0.0,90000.0
2025-01-02,10800,13,24.5,3.6,0.0,90000.0
2025-01-02,10800,11,17.4,3.6,0.0,73900.0
2025-01-02,10800,15,26.7,5.4,0.0,90000.0
2025-01-02,10800,19,19.2,8.0,0.0,74500.0
2025-01-02,10800,8,10.0,0.7,0.0,58700.0
2025-01-02,10800,18,22.1,2.4,0.0,89600.0
2025-01-02,10140,10,2.3,3.7,0.0,49000.0
2025-01-02,10140,8,-3.2,3.6,0.0,48000.0
2025-01-02,10140,13,12.7,1.8,0.0,82100.0
2025-01-02,10140,19,10.3,5.8,0.0,76900.0
2025-01-02,10140,5,-2.1,5.4,0.0,54800.0
2025-01-02,10140,17,16.0,12.1,0.0,87800.0
2025-01-02,10140,15,15.8,2.3,0.0,89500.0
2025-01-02,10140,7,-2.2,5.5,0.0,54400.0
2025-01-02,10140,11,6.5,3.0,0.0,62600.0
2025-01-02,10140,6,-1.3,4.6,0.0,55900.0
2025-01-02,10140,9,-1.9,6.8,0.0,47100.0
2025-01-02,10140,14,14.7,0.8,0.0,87400.0
2025-01-02,10140,18,13.3,10.5,0.0,83600.0
2025-01-02,10140,12,9.6,2.2,0.0,72000.0
2025-01-02,10140,16,16.6,14.2,0.0,89100.0
2025-01-02,10140,20,8.0,8.0,0.0,68600.0
2025-01-02,14869,5,5.2,8.1,0.0,33700.0
2025-01-02,14869,16,10.6,4.5,0.0,31700.0
2025-01-02,14869,11,5.3,8.7,0.0,19100.0
2025-01-02,14869,13,7.8,6.8,0.0,22400.0
2025-01-02,14869,7,4.7,6.9,0.0,25300.0
2025-01-02,14869,23,4.6,10.0,0.0,31000.0
2025-01-02,14869,0,5.2,5.6,0.0,37300.0
2025-01-02,14869,8,4.3,10.5,0.0,18400.0
2025-01-02,14869,12,6.1,8.7,0.0,18200.0
2025-01-02,14869,17,10.8,7.1,0.0,36400.0
2025-01-02,14869,22,5.0,12.1,0.0,29100.0
2025-01-02,14869,15,10.4,1.5,0.0,29300.0
2025-01-02,14869,9,4.6,9.9,0.0,18300.0
2025-01-02,14869,6,4.9,5.9,0.0,29300.0
2025-01-02,14869,20,5.5,9.3,0.0,26500.0
2025-01-02,14869,21,5.1,13.4,0.0,26400.0
2025-01-02,14869,14,9.1,5.1,0.0,26200.0
2025-01-02,14869,19,6.9,7.2,0.0,29200.0
2025-01-02,14869,10,4.5,3.6,0.0,15500.0
2025-01-02,14869,18,8.6,3.7,0.0,31600.0
2025-01-02,11624,14,23.7,20.4,0.0,22200.0
2025-01-02,11624,18,22.5,16.0,0.0,20100.0
2025-01-02,11624,12,22.0,22.2,0.0,20600.0
2025-01-02,11624,17,23.4,15.2,0.0,21300.0
2025-01-02,11624,16,23.7,16.2,0.0,20600.0
2025-01-02,11624,8,17.6,21.0,0.0,20300.0
2025-01-02,11624,11,21.0,23.7,0.0,20500.0
2025-01-02,11624,13,22.9,20.8,0.0,20100.0
2025-01-02,11624,10,20.2,24.1,0.0,19800.0
2025-01-02,11624,15,23.8,17.1,0.0,22000.0
2025-01-02,11624,19,21.3,15.9,0.0,20600.0
2025-01-02,10299,20,-15.2,5.8,0.0,22860.0
2025-01-02,10299,22,-14.5,8.4,0.0,22840.0
2025-01-02,10299,1,-11.1,10.1,0.0,22460.0
2025-01-02,10299,0,-10.3,11.1,0.0,21900.0
2025-01-02,10299,10,-14.0,5.2,0.0,19800.0
2025-01-02,10299,15,-12.9,5.4,0.0,24140.0
2025-01-02,10299,8,-13.9,4.9,0.0,19820.0
2025-01-02,10299,6,-13.9,7.6,0.0,19140.0
2025-01-02,10299,18,-14.7,5.6,0.0,21100.0
2025-01-02,10299,7,-13.8,5.4,0.0,19840.0
2025-01-02,10299,2,-12.0,9.3,0.0,22860.0
2025-01-02,10299,13,-13.4,4.0,0.0,19140.0
2025-01-02,10299,19,-14.8,5.3,0.0,19460.0
2025-01-02,10299,17,-14.4,5.0,0.0,19120.0
2025-01-02,10299,14,-12.9,4.2,0.0,21380.0
2025-01-02,10299,5,-14.4,6.7,0.0,20400.0
2025-01-02,10299,9,-14.4,5.1,0.0,21980.0
2025-01-02,10299,23,-14.2,7.5,0.0,24140.0
2025-01-02,10299,16,-13.1,6.9,0.0,20820.0
2025-01-02,14057,23,4.7,12.2,0.0,14100.0
2025-01-02,14057,11,5.3,5.5,0.0,14000.0
2025-01-02,14057,13,5.4,10.7,0.7,9200.0
2025-01-02,14057,5,5.7,7.9,0.0,13600.0
2025-01-02,14057,12,5.4,5.9,1.1,6200.0
2025-01-02,14057,22,4.5,6.8,0.0,14800.0
2025-01-02,14057,8,5.1,4.1,0.0,12300.0
2025-01-02,14057,0,4.7,6.7,0.0,14500.0
2025-01-02,14057,7,5.1,6.8,0.0,12600.0
2025-01-02,14057,10,5.3,4.4,0.0,13800.0
2025-01-02,14057,19,4.6,3.6,0.0,13300.0
2025-01-02,14057,6,5.7,7.7,0.0,13300.0
2025-01-02,14057,14,5.4,9.3,0.7,9800.0
2025-01-02,14057,17,4.8,3.3,0.4,13300.0
2025-01-02,14057,15,5.2,9.0,0.7,8200.0
2025-01-02,14057,21,4.7,8.2,0.0,14700.0
2025-01-02,14057,20,4.6,3.2,0.0,12800.0
2025-01-02,14057,9,5.1,3.8,0.0,13200.0
2025-01-02,14057,18,4.7,6.6,0.0,14300.0
2025-01-02,14057,16,5.0,6.6,0.4,12500.0
2025-01-02,12441,12,10.0,7.1,0.0,27000.0
2025-01-02,12441,15,14.7,5.4,0.0,46900.0
2025-01-02,12441,17,14.9,7.9,0.0,51600.0
2025-01-02,12441,13,12.1,4.2,0.0,33400.0
2025-01-02,12441,7,0.8,2.4,0.0,12800.0
2025-01-02,12441,14,13.5,6.5,0.0,40400.0
2025-01-02,12441,18,13.1,6.5,0.0,49900.0
2025-01-02,12441,16,15.1,7.2,0.0,49700.0
2025-01-02,12441,10,4.5,8.9,0.0,16700.0
2025-01-02,12441,8,0.7,3.7,0.0,13300.0
2025-01-02,14307,11,3.8,29.4,0.0,43400.0
2025-01-02,14307,6,1.8,21.9,0.0,37000.0
2025-01-02,14307,15,5.6,27.0,0.0,37600.0
2025-01-02,14307,16,5.3,24.4,0.0,38500.0
2025-01-02,14307,7,2.3,23.8,0.0,43700.0
2025-01-02,14307,18,3.7,20.6,0.0,46800.0
2025-01-02,14307,10,3.0,29.5,0.0,36900.0
2025-01-02,14307,8,2.1,24.4,0.0,37400.0
2025-01-02,14307,12,4.8,28.9,0.0,45300.0
2025-01-02,14307,14,6.1,31.5,0.0,48600.0
2025-01-02,14307,19,3.7,19.0,0.0,46100.0
2025-01-02,14307,17,4.5,22.4,0.0,43500.0
2025-01-02,14307,9,2.2,24.3,0.0,36100.0
2025-01-02,14307,13,5.7,29.5,0.0,52700.0
2025-01-02,14307,5,2.0,23.8,0.0,32400.0
2025-01-02,14307,21,2.7,18.1,0.0,54600.0
2025-01-02,14307,20,3.1,20.0,0.0,41200.0
2025-01-02,14683,14,16.2,2.5,0.0,33600.0
2025-01-02,14683,9,12.0,4.8,0.0,29700.0
2025-01-02,14683,12,14.8,4.1,0.0,35700.0
2025-01-02,14683,5,10.1,5.1,0.0,36100.0
2025-01-02,14683,20,17.5,9.0,0.0,200.0
2025-01-02,14683,8,11.8,5.8,0.0,200.0
2025-01-02,14683,6,9.9,5.6,0.0,32700.0
2025-01-02,14683,7,11.2,5.6,0.0,29600.0
2025-01-02,14683,18,17.4,3.3,0.0,33500.0
2025-01-02,14683,10,11.9,5.7,0.0,34100.0
2025-01-02,14683,19,17.4,6.5,0.0,31800.0
2025-01-02,14683,17,17.3,2.3,0.0,30700.0
2025-01-02,14683,13,15.6,4.2,0.0,31600.0
2025-01-02,14683,11,12.9,5.1,0.0,33800.0
2025-01-02,14683,16,17.1,2.0,0.0,29300.0
2025-01-02,14683,15,17.0,1.1,0.0,34800.0
2025-01-02,12339,6,-1.4,14.0,0.0,23800.0
2025-01-02,12339,5,-0.9,13.8,0.0,22700.0
2025-01-02,12339,14,2.7,16.2,0.0,28300.0
2025-01-02,12339,15,3.4,12.0,0.0,30700.0
2025-01-02,12339,19,1.9,4.8,0.0,27600.0
2025-01-02,12339,18,3.0,6.8,0.0,31200.0
2025-01-02,12339,11,-1.5,13.3,0.0,21300.0
2025-01-02,12339,20,1.7,4.3,0.0,22500.0
2025-01-02,12339,17,3.8,12.3,0.0,31400.0
2025-01-02,12339,8,-2.2,11.6,0.0,22200.0
2025-01-02,12339,7,-1.7,11.3,0.0,23100.0
2025-01-02,12339,12,0.3,13.5,0.0,26900.0
2025-01-02,12339,21,2.3,4.8,0.0,23800.0
2025-01-02,12339,13,1.6,14.0,0.0,25100.0
2025-01-02,12339,10,-2.8,6.1,0.0,19300.0
2025-01-02,12339,16,3.9,11.3,0.0,30100.0
2025-01-02,12339,9,-3.1,9.4,0.0,23300.0
2025-01-02,13891,10,15.8,3.3,0.0,68800.0
2025-01-02,13891,6,10.5,1.4,0.0,68900.0
2025-01-02,13891,19,18.6,9.2,0.0,58100.0
2025-01-02,13891,12,21.7,1.5,0.0,89500.0
2025-01-02,13891,22,15.3,3.2,0.0,52200.0
2025-01-02,13891,23,14.1,3.5,0.0,34300.0
2025-01-02,13891,14,26.4,5.5,0.0,90000.0
2025-01-02,13891,7,8.2,3.6,0.0,57300.0
2025-01-02,13891,20,16.4,8.1,0.0,45700.0
2025-01-02,13891,13,24.2,3.7,0.0,90000.0
2025-01-02,13891,5,10.2,3.6,0.0,65900.0
2025-01-02,13891,11,18.2,2.3,0.0,78600.0
2025-01-02,13891,9,11.1,5.1,0.0,65300.0
2025-01-02,13891,0,10.6,12.7,0.0,45700.0
2025-01-02,13891,17,26.2,5.7,0.0,90000.0
2025-01-02,13891,16,27.9,5.2,0.0,90000.0
2025-01-02,13891,18,21.3,9.3,0.0,77500.0
2025-01-02,13891,15,28.1,7.7,0.0,90000.0
2025-01-02,13891,8,10.0,4.7,0.0,56500.0
2025-01-02,13891,21,15.8,5.9,0.0,41000.0
2025-01-02,14679,6,8.3,5.8,0.0,200.0
2025-01-02,14679,14,22.9,8.2,0.0,58200.0
2025-01-02,14679,21,12.0,7.6,0.0,15000.0
2025-01-02,14679,10,13.5,1.8,0.0,34300.0
2025-01-02,14679,12,20.6,5.8,0.0,60900.0
2025-01-02,14679,9,9.6,4.3,0.0,23200.0
2025-01-02,14679,16,20.4,6.3,0.0,45100.0
2025-01-02,14679,11,17.6,3.6,0.0,47000.0
2025-01-02,14679,13,21.9,6.9,0.0,57700.0
2025-01-02,14679,22,10.9,3.8,0.0,100.0
2025-01-02,14679,8,9.2,3.3,0.0,200.0
2025-01-02,14679,18,16.2,3.0,0.0,22400.0
2025-01-02,14679,7,7.9,3.1,0.0,200.0
2025-01-02,14679,19,13.7,4.7,0.0,15800.0
2025-01-02,14679,15,22.4,8.9,0.0,55200.0
2025-01-02,14679,20,13.1,4.5,0.0,14300.0
2025-01-02,14679,17,18.4,4.0,0.0,30500.0
2025-01-02,12266,17,14.3,5.1,0.0,15200.0
2025-01-02,12266,7,8.7,7.4,0.0,200.0
2025-01-02,12266,18,14.5,5.8,0.0,16700.0
2025-01-02,12266,14,14.0,8.0,0.0,17900.0
2025-01-02,12266,10,10.5,6.5,0.0,18200.0
2025-01-02,12266,6,8.7,8.4,0.0,15900.0
2025-01-02,12266,9,9.4,2.8,0.0,16900.0
2025-01-02,12266,16,14.1,7.6,0.0,17300.0
2025-01-02,12266,5,9.2,6.1,0.0,16700.0
2025-01-02,12266,8,9.2,5.8,0.0,16300.0
2025-01-02,12266,11,11.6,10.4,0.0,19800.0
2025-01-02,12266,19,14.7,6.9,0.0,16400.0
2025-01-02,12266,12,12.8,8.7,0.0,19600.0
2025-01-02,12266,15,13.8,8.4,0.0,17800.0
2025-01-02,12266,20,14.8,6.1,0.0,16200.0
2025-01-02,12266,22,14.2,7.1,0.0,15200.0
2025-01-02,12266,21,14.8,10.2,0.0,16200.0
2025-01-02,12266,13,13.6,8.0,0.0,19300.0
2025-01-02,12266,23,14.4,4.9,0.0,14800.0
2025-01-02,14685,13,10.7,1.5,0.0,40200.0
2025-01-02,14685,6,3.5,5.1,0.0,20300.0
2025-01-02,14685,5,4.2,5.7,0.0,22300.0
2025-01-02,14685,16,13.5,9.8,0.0,57000.0
2025-01-02,14685,17,13.1,8.7,0.0,61300.0
2025-01-02,14685,10,4.6,7.4,0.0,20900.0
2025-01-02,14685,20,7.5,4.6,0.0,47300.0
2025-01-02,14685,12,9.3,3.5,0.0,36700.0
2025-01-02,14685,14,11.9,7.9,0.0,46200.0
2025-01-02,14685,19,9.4,4.9,0.0,54600.0
2025-01-02,14685,15,12.9,8.0,0.0,49300.0
2025-01-02,14685,7,3.0,5.3,0.0,18500.0
2025-01-02,14685,18,11.4,6.0,0.0,55000.0
2025-01-02,14685,11,7.4,9.2,0.0,32000.0
2025-01-02,14685,8,2.4,5.1,0.0,16900.0
2025-01-02,14685,9,2.4,4.1,0.0,15900.0
2025-01-02,14893,12,12.0,4.4,0.0,18700.0
2025-01-02,14893,23,7.8,3.7,0.0,14400.0
2025-01-02,14893,6,7.7,5.4,0.0,13600.0
2025-01-02,14893,13,13.3,9.3,0.0,21500.0
2025-01-02,14893,11,10.7,7.6,0.0,17400.0
2025-01-02,14893,0,8.2,6.6,0.0,15200.0
2025-01-02,14893,22,8.6,2.3,0.0,15500.0
2025-01-02,14893,14,13.9,9.7,0.0,24000.0
2025-01-02,14893,19,11.6,1.8,0.0,25100.0
2025-01-02,14893,8,7.0,5.8,0.0,13600.0
2025-01-02,14893,15,15.4,3.8,0.0,31700.0
2025-01-02,14893,17,15.3,2.3,0.0,31700.0
2025-01-02,14893,10,9.1,6.1,0.0,17100.0
2025-01-02,14893,5,8.1,6.6,0.0,14200.0
2025-01-02,14893,7,7.3,2.6,0.0,13700.0
2025-01-02,14893,16,15.7,1.1,0.0,31900.0
2025-01-02,14893,9,7.3,3.7,0.0,200.0
2025-01-02,14893,18,13.4,3.0,0.0,30300.0
2025-01-02,14893,20,10.0,5.3,0.0,18400.0
2025-01-02,14893,21,9.4,5.1,0.0,17000.0
2025-01-02,15016,13,4.0,8.0,0.0,26600.0
2025-01-02,15016,11,1.8,8.3,0.0,20200.0
2025-01-02,15016,5,-1.9,2.2,0.0,17600.0
2025-01-02,15016,6,-2.3,3.3,0.0,16600.0
2025-01-02,15016,17,5.8,6.6,0.0,30400.0
2025-01-02,15016,9,-0.8,4.1,0.0,17100.0
2025-01-02,15016,10,0.2,4.7,0.0,19400.0
2025-01-02,15016,7,-2.4,3.6,0.0,16900.0
2025-01-02,15016,14,5.1,12.8,0.0,26900.0
2025-01-02,15016,15,5.9,9.9,0.0,29200.0
2025-01-02,15016,19,4.9,7.6,0.0,30800.0
2025-01-02,15016,12,3.4,11.6,0.0,22500.0
2025-01-02,15016,16,5.5,12.8,0.0,32300.0
2025-01-02,15016,22,4.7,14.8,0.0,29700.0
2025-01-02,15016,20,4.0,5.9,0.0,27100.0
2025-01-02,15016,18,5.2,5.1,0.0,30800.0
2025-01-02,15016,8,-1.1,3.2,0.0,17300.0
2025-01-02,15016,21,4.1,4.3,0.0,26000.0
2025-01-02,15027,18,25.9,23.7,0.0,24140.0
2025-01-02,15027,16,26.5,23.4,0.0,24140.0
2025-01-02,15027,15,26.5,22.0,0.0,24140.0
2025-01-02,15027,17,26.4,23.7,0.0,24140.0
2025-01-02,14843,18,25.4,17.1,0.0,15920.0
2025-01-02,14843,13,26.6,19.0,0.0,18820.0
2025-01-02,14843,14,26.6,22.9,0.0,20820.0
2025-01-02,14843,1,24.9,8.8,0.0,24140.0
2025-01-02,14843,9,26.4,10.2,0.0,24140.0
2025-01-02,14843,6,23.7,6.0,0.0,24140.0
2025-01-02,14843,16,25.8,21.0,0.2,20900.0
2025-01-02,14843,12,26.7,20.8,0.0,24140.0
2025-01-02,14843,15,25.8,24.0,0.0,18980.0
2025-01-02,14843,7,23.6,6.0,0.0,24140.0
2025-01-02,14843,5,23.6,8.3,0.0,24140.0
2025-01-02,14843,22,25.6,20.3,0.0,24140.0
2025-01-02,14843,19,25.0,16.0,0.1,22680.0
2025-01-02,14843,17,25.3,19.0,0.1,17800.0
2025-01-02,14843,3,23.6,5.6,0.0,24140.0
2025-01-02,14843,21,25.5,15.4,0.2,24140.0
2025-01-02,14843,10,27.0,15.5,0.0,24140.0
2025-01-02,14843,20,24.6,17.5,0.1,24140.0
2025-01-02,14843,4,23.5,7.9,0.0,24140.0
2025-01-02,14843,11,27.3,18.2,0.0,24140.0
2025-01-02,14843,8,24.1,8.6,0.0,24140.0
2025-01-02,14843,0,25.4,12.2,0.0,24140.0
2025-01-02,14843,2,24.1,7.0,0.0,24140.0
2025-01-02,14843,23,25.9,20.1,0.1,24140.0
2025-01-02,14908,9,8.8,2.5,0.0,1000.0
2025-01-02,14908,6,8.5,6.7,0.0,12500.0
2025-01-02,14908,7,7.1,6.3,0.0,14700.0
2025-01-02,14908,12,16.0,3.4,0.0,18400.0
2025-01-02,14908,18,18.2,1.8,0.0,38800.0
2025-01-02,14908,10,11.7,2.4,0.0,100.0
2025-01-02,14908,11,13.8,2.6,0.0,300.0
2025-01-02,14908,13,18.7,2.6,0.0,22100.0
2025-01-02,14908,16,22.4,6.5,0.0,51200.0
2025-01-02,14908,14,21.7,6.2,0.0,42200.0
2025-01-02,14908,19,15.2,3.8,0.0,27600.0
2025-01-02,14908,8,6.6,5.9,0.0,13100.0
2025-01-02,14908,21,11.1,8.4,0.0,300.0
2025-01-02,14908,17,20.7,6.6,0.0,50200.0
2025-01-02,14908,15,21.0,6.5,0.0,40500.0
2025-01-02,14908,20,12.2,5.9,0.0,14500.0
2025-01-02,11697,10,18.5,10.8,0.0,19600.0
2025-01-02,11697,13,24.1,14.8,0.0,39100.0
2025-01-02,11697,15,24.6,12.9,0.0,34100.0
2025-01-02,11697,11,20.9,10.6,0.0,22900.0
2025-01-02,11697,17,23.9,12.4,0.0,43800.0
2025-01-02,11697,19,21.7,9.4,0.0,40900.0
2025-01-02,11697,6,16.1,9.2,0.0,17600.0
2025-01-02,11697,8,15.6,8.0,0.0,18100.0
2025-01-02,11697,12,23.0,11.2,0.0,34700.0
2025-01-02,11697,18,22.9,11.3,0.0,38500.0
2025-01-02,11697,14,24.5,12.3,0.0,37900.0
2025-01-02,11697,7,15.8,8.0,0.0,17900.0
2025-01-02,11697,16,24.5,12.7,0.0,37900.0
2025-01-02,11697,9,16.1,8.9,0.0,17000.0
2025-01-02,11697,20,19.5,9.1,0.0,26600.0
2025-01-02,11697,21,18.9,8.9,0.0,19900.0
2025-01-02,11697,22,18.5,5.6,0.0,20500.0
2025-01-02,11697,5,16.7,7.8,0.0,17700.0
2025-01-02,13244,5,-0.0,3.1,0.0,15100.0
2025-01-02,13244,6,-0.2,4.4,0.0,17200.0
2025-01-02,13244,7,-0.4,2.3,0.0,16700.0
2025-01-02,13244,14,8.4,7.8,0.0,41000.0
2025-01-02,13244,10,1.9,5.7,0.0,17100.0
2025-01-02,13244,16,9.1,4.8,0.0,48400.0
2025-01-02,13244,8,-0.5,2.4,0.0,16500.0
2025-01-02,13244,9,-0.0,1.3,0.0,15000.0
2025-01-02,13244,18,7.8,7.2,0.0,40600.0
2025-01-02,13244,19,6.3,6.4,0.0,37400.0
2025-01-02,13244,17,8.8,4.7,0.0,47800.0
2025-01-02,13244,12,5.3,6.5,0.0,22900.0
2025-01-02,13244,13,7.3,7.1,0.0,30700.0
2025-01-02,13244,15,8.9,5.9,0.0,44700.0
2025-01-02,13244,20,5.5,2.2,0.0,28500.0
2025-01-02,13244,11,3.6,5.9,0.0,19100.0
2025-01-02,15096,17,-0.8,30.2,0.0,21000.0
2025-01-02,15096,5,1.0,22.2,0.2,16900.0
2025-01-02,15096,11,0.5,24.7,1.1,1400.0
2025-01-02,15096,6,0.6,20.3,0.0,15400.0
2025-01-02,15096,19,0.2,30.7,0.0,30100.0
2025-01-02,15096,7,0.3,20.5,0.0,15300.0
2025-01-02,15096,16,-0.0,29.2,0.0,21600.0
2025-01-02,15096,12,1.2,32.9,0.0,21800.0
2025-01-02,15096,10,0.7,21.9,0.7,4100.0
2025-01-02,15096,21,-2.2,28.6,0.0,28400.0
2025-01-02,15096,8,0.2,15.8,0.0,15000.0
2025-01-02,15096,13,0.4,30.7,0.7,2900.0
2025-01-02,15096,18,-0.3,25.3,0.0,26100.0
2025-01-02,14570,6,4.5,5.8,0.0,21500.0
2025-01-02,14570,12,11.7,4.1,0.0,30400.0
2025-01-02,14570,11,10.1,0.4,0.0,22200.0
2025-01-02,14570,14,14.9,2.2,0.0,43000.0
2025-01-02,14570,19,10.9,6.2,0.0,35300.0
2025-01-02,14570,23,6.3,6.6,0.0,25400.0
2025-01-02,14570,15,15.5,1.6,0.0,47200.0
2025-01-02,14570,22,6.7,2.2,0.0,28900.0
2025-01-02,14570,13,13.6,2.5,0.0,38700.0
2025-01-02,14570,5,4.1,9.2,0.0,18800.0
2025-01-02,14570,20,8.8,3.7,0.0,32700.0
2025-01-02,14570,16,15.7,1.8,0.0,47400.0
2025-01-02,14570,18,13.4,1.9,0.0,39900.0
2025-01-02,14570,7,4.4,5.9,0.0,20800.0
2025-01-02,14570,17,15.3,4.8,0.0,44600.0
2025-01-02,14570,9,3.3,3.1,0.0,17000.0
2025-01-02,14570,10,6.9,1.6,0.0,19700.0
2025-01-02,14570,8,4.2,3.6,0.0,20300.0
2025-01-02,10529,13,5.6,23.5,0.0,36600.0
2025-01-02,10529,7,3.0,9.7,0.0,31600.0
2025-01-02,10529,18,3.2,16.3,0.0,43000.0
2025-01-02,10529,10,3.5,16.6,0.0,31300.0
2025-01-02,10529,19,2.5,17.1,0.0,39000.0
2025-01-02,10529,6,2.3,10.6,0.0,31800.0
2025-01-02,10529,5,2.4,13.0,0.0,29300.0
2025-01-02,10529,11,4.4,19.4,0.0,34400.0
2025-01-02,10529,15,5.0,22.7,0.0,35500.0
2025-01-02,10529,22,0.7,15.5,0.0,37800.0
2025-01-02,10529,9,3.1,11.5,0.0,31800.0
2025-01-02,10529,16,4.9,18.8,0.0,45300.0
2025-01-02,10529,12,4.8,22.0,0.0,33400.0
2025-01-02,10529,21,1.3,15.8,0.0,41100.0
2025-01-02,10529,14,5.2,26.6,0.0,43500.0
2025-01-02,10529,17,4.1,17.1,0.0,45300.0
2025-01-02,10529,20,2.4,15.5,0.0,42800.0
2025-01-02,13487,6,-9.5,5.7,0.0,19600.0
2025-01-02,13487,14,-5.3,14.4,0.0,22600.0
2025-01-02,13487,18,-7.1,18.6,0.0,25700.0
2025-01-02,13487,7,-9.5,6.0,0.0,19500.0
2025-01-02,13487,8,-9.4,6.8,0.0,19000.0
2025-01-02,13487,10,-8.9,9.3,0.0,19000.0
2025-01-02,13487,13,-6.0,11.7,0.0,22300.0
2025-01-02,13487,15,-5.3,15.1,0.0,22400.0
2025-01-02,13487,9,-9.6,8.4,0.0,20200.0
2025-01-02,13487,5,-9.0,6.1,0.0,19900.0
2025-01-02,13487,16,-5.9,15.9,0.0,20600.0
2025-01-02,13487,11,-8.0,8.7,0.0,19600.0
2025-01-02,13487,12,-7.3,8.5,0.0,20000.0
2025-01-02,13487,21,-9.2,16.8,0.0,25200.0
2025-01-02,13487,20,-8.5,16.0,0.0,26800.0
2025-01-02,13487,22,-9.7,17.3,0.0,26200.0
2025-01-02,13487,19,-8.1,17.9,0.0,25600.0
2025-01-02,13487,17,-5.9,17.5,0.0,25600.0
2025-01-02,14730,11,1.4,8.5,0.0,21200.0
2025-01-02,14730,6,-0.9,5.8,0.0,19100.0
2025-01-02,14730,7,-1.1,6.3,0.0,19700.0
2025-01-02,14730,16,5.9,7.8,0.0,32900.0
2025-01-02,14730,8,-1.1,5.8,0.0,18800.0
2025-01-02,14730,18,4.8,7.4,0.0,28300.0
2025-01-02,14730,13,4.4,10.5,0.0,27500.0
2025-01-02,14730,21,2.7,5.4,0.0,21600.0
2025-01-02,14730,14,5.1,11.9,0.0,31800.0
2025-01-02,14730,20,2.9,4.2,0.0,24200.0
2025-01-02,14730,5,-0.5,5.9,0.0,20500.0
2025-01-02,14730,19,3.4,5.5,0.0,27000.0
2025-01-02,14730,15,5.7,9.4,0.0,34000.0
2025-01-02,14730,12,3.2,9.4,0.0,23000.0
2025-01-02,14730,17,5.7,8.2,0.0,33800.0
2025-01-02,14730,9,-1.2,5.0,0.0,18200.0
2025-01-02,14730,10,-0.1,4.8,0.0,19100.0
2025-01-02,15370,15,10.6,9.2,0.0,31200.0
2025-01-02,15370,6,-0.7,1.0,0.0,18900.0
2025-01-02,15370,18,10.4,3.1,0.0,37500.0
2025-01-02,15370,7,-0.9,1.8,0.0,18500.0
2025-01-02,15370,10,1.8,6.0,0.0,16900.0
2025-01-02,15370,5,-0.5,3.7,0.0,18700.0
2025-01-02,15370,12,6.2,13.3,0.0,19100.0
2025-01-02,15370,16,11.0,11.0,0.0,32400.0
2025-01-02,15370,9,-0.5,2.1,0.0,18100.0
2025-01-02,15370,17,11.3,6.9,0.0,35000.0
2025-01-02,15370,14,9.4,7.8,0.0,28500.0
2025-01-02,15370,20,6.2,6.1,0.0,25400.0
2025-01-02,15370,8,-0.9,0.8,0.0,18400.0
2025-01-02,15370,11,3.9,9.6,0.0,17600.0
2025-01-02,15370,13,8.2,10.9,0.0,24100.0
2025-01-02,14747,22,4.4,3.6,0.0,20500.0
2025-01-02,14747,7,3.1,3.0,0.0,21000.0
2025-01-02,14747,13,6.1,2.3,0.0,18000.0
2025-01-02,14747,0,2.6,4.8,0.0,17100.0
2025-01-02,14747,14,6.8,2.9,0.0,20000.0
2025-01-02,14747,23,3.7,5.7,0.0,19400.0
2025-01-02,14747,15,6.8,4.4,0.4,19100.0
2025-01-02,14747,5,2.9,1.0,0.0,18200.0
2025-01-02,14747,11,5.3,2.1,0.0,17500.0
2025-01-02,14747,10,4.6,7.1,0.0,15500.0
2025-01-02,14747,19,6.1,2.6,0.0,20500.0
2025-01-02,14747,9,4.2,7.2,0.0,16100.0
2025-01-02,14747,20,5.5,6.6,0.0,21300.0
2025-01-02,14747,12,5.8,2.3,0.0,15200.0
2025-01-02,14747,17,6.3,4.5,0.0,18200.0
2025-01-02,14747,8,3.6,11.9,0.0,17200.0
2025-01-02,14747,21,4.6,1.8,0.0,19600.0
2025-01-02,14747,16,6.6,7.9,0.0,18100.0
2025-01-02,14747,6,3.4,3.3,0.0,21000.0
2025-01-02,14747,18,5.9,7.3,0.0,18500.0
2025-01-02,14193,19,10.4,2.9,0.0,64700.0
2025-01-02,14193,15,15.7,6.6,0.0,62100.0
2025-01-02,14193,11,10.6,11.2,0.0,38400.0
2025-01-02,14193,6,3.9,10.1,0.0,26000.0
2025-01-02,14193,10,8.4,13.3,0.0,28800.0
2025-01-02,14193,7,3.4,9.0,0.0,22500.0
2025-01-02,14193,17,14.6,4.3,0.0,56500.0
2025-01-02,14193,9,5.8,10.4,0.0,21700.0
2025-01-02,14193,16,15.9,2.5,0.0,63300.0
2025-01-02,14193,18,12.1,4.0,0.0,67300.0
2025-01-02,14193,5,4.0,8.7,0.0,20300.0
2025-01-02,14193,12,12.4,8.4,0.0,41900.0
2025-01-02,14193,14,15.0,6.4,0.0,61300.0
2025-01-02,11066,19,-0.5,5.2,0.0,26500.0
2025-01-02,11066,11,-0.9,17.8,0.0,24500.0
2025-01-02,11066,15,0.2,19.2,0.0,28700.0
2025-01-02,11066,20,-0.9,1.8,0.0,24400.0
2025-01-02,11066,5,-1.0,10.2,0.0,25100.0
2025-01-02,11066,7,-0.5,11.3,0.0,24900.0
2025-01-02,11066,17,0.7,15.5,0.0,30200.0
2025-01-02,11066,8,-0.6,14.5,0.0,25400.0
2025-01-02,11066,6,-0.8,11.7,0.0,24400.0
2025-01-02,11066,18,-0.1,12.2,0.0,28500.0
2025-01-02,11066,13,-0.4,21.6,0.0,28400.0
2025-01-02,11066,21,-0.8,2.2,0.0,24200.0
2025-01-02,11066,12,-0.8,20.2,0.0,25300.0
2025-01-02,11066,16,0.3,17.7,0.0,29400.0
2025-01-02,11066,9,-1.0,18.2,0.0,26100.0
2025-01-02,11066,10,-1.2,21.7,0.0,26200.0
2025-01-02,11066,14,-0.1,20.9,0.0,27900.0
2025-01-02,10868,16,10.0,5.4,0.0,54100.0
2025-01-02,10868,7,0.1,2.5,0.0,18000.0
2025-01-02,10868,11,4.5,8.0,0.0,29100.0
2025-01-02,10868,5,0.7,6.1,0.0,20700.0
2025-01-02,10868,20,4.4,2.6,0.0,38200.0
2025-01-02,10868,19,6.0,6.4,0.0,45800.0
2025-01-02,10868,6,-0.0,2.8,0.0,16700.0
2025-01-02,10868,17,10.0,8.0,0.0,52700.0
2025-01-02,11603,13,9.3,7.7,3.6,4200.0
2025-01-02,11603,5,7.8,10.2,0.0,14300.0
2025-01-02,11603,8,8.0,9.2,0.0,14000.0
2025-01-02,11603,17,9.0,3.0,0.0,200.0
2025-01-02,11603,15,9.1,5.4,7.9,7600.0
2025-01-02,11603,11,9.4,7.6,0.0,14800.0
2025-01-02,11603,7,7.8,6.6,0.0,14200.0
2025-01-02,11603,6,7.6,6.9,0.0,13200.0
2025-01-02,11603,18,8.7,2.1,0.0,200.0
2025-01-02,11603,16,9.1,4.7,0.0,12400.0
2025-01-02,11603,14,9.1,8.7,4.7,8000.0
2025-01-02,11986,6,-5.0,13.5,0.0,19500.0
2025-01-02,11986,19,-5.2,5.6,0.0,18800.0
2025-01-02,11986,14,-2.9,12.2,0.0,21200.0
2025-01-02,11986,11,-4.3,10.1,0.0,15900.0
2025-01-02,11986,5,-4.5,12.8,0.1,19000.0
2025-01-02,11986,7,-5.0,13.5,0.0,9300.0
2025-01-02,11986,16,-2.9,14.1,0.0,21300.0
2025-01-02,11986,18,-4.4,10.8,0.0,19600.0
2025-01-02,11986,12,-3.7,13.7,0.0,18900.0
2025-01-02,11986,10,-5.0,5.9,0.0,16300.0
2025-01-02,11986,20,-5.1,7.9,0.0,20200.0
2025-01-02,11986,9,-4.9,5.1,0.0,16600.0
2025-01-02,11986,13,-3.7,11.3,0.0,17900.0
2025-01-02,11986,8,-5.3,8.6,0.0,10600.0
2025-01-02,11986,15,-2.7,17.0,0.0,22300.0
2025-01-02,11986,17,-3.3,14.4,0.0,20700.0
2025-01-02,15412,16,5.9,6.0,0.0,44600.0
2025-01-02,15412,18,5.2,4.3,0.0,39000.0
2025-01-02,15412,5,-0.8,4.3,0.0,17700.0
2025-01-02,15412,6,-0.5,0.8,0.0,20100.0
2025-01-02,15412,19,3.5,6.9,0.0,35100.0
2025-01-02,15412,11,1.2,1.8,0.0,30600.0
2025-01-02,15412,9,-0.9,0.8,0.0,21700.0
2025-01-02,15412,8,-0.5,1.8,0.0,23100.0
2025-01-02,15412,12,2.4,1.1,0.0,34300.0
2025-01-02,15412,17,6.1,5.0,0.0,42900.0
2025-01-02,15412,21,1.2,6.4,0.0,31300.0
2025-01-02,15412,7,-0.8,1.8,0.0,22200.0
2025-01-02,15412,14,4.6,1.1,0.0,36800.0
2025-01-02,15412,10,-0.2,3.6,0.0,24600.0
2025-01-02,11193,12,0.8,13.6,0.0,24200.0
2025-01-02,11193,5,-0.7,8.3,0.0,22400.0
2025-01-02,11193,17,3.7,14.3,0.0,35900.0
2025-01-02,11193,9,-1.0,10.6,0.0,20600.0
2025-01-02,11193,18,3.0,10.2,0.0,38300.0
2025-01-02,11193,6,-0.9,11.4,0.0,24200.0
2025-01-02,11193,7,-0.8,9.4,0.0,25400.0
2025-01-02,11193,14,2.8,17.1,0.0,28600.0
2025-01-02,11193,19,1.9,5.0,0.0,36500.0
2025-01-02,11193,15,3.2,15.8,0.0,30200.0
2025-01-02,11193,8,-0.8,10.0,0.0,22000.0
2025-01-02,11193,13,1.9,15.7,0.0,26600.0
2025-01-02,11193,10,-0.8,12.2,0.0,20200.0
2025-01-02,11193,16,3.7,14.6,0.0,34600.0
2025-01-02,11193,21,-0.4,4.8,0.0,31600.0
2025-01-02,11193,11,-0.2,14.5,0.0,22500.0
2025-01-02,11193,20,0.5,2.1,0.0,33900.0
2025-01-02,11423,14,-3.1,13.2,0.0,13300.0
2025-01-02,11423,5,-4.2,2.9,0.0,13100.0
2025-01-02,11423,6,-4.0,4.0,0.0,12600.0
2025-01-02,11423,17,-3.3,11.3,0.0,17800.0
2025-01-02,11423,11,-3.2,10.5,0.7,1700.0
2025-01-02,11423,18,-4.7,8.2,0.0,17100.0
2025-01-02,11423,19,-6.0,5.5,0.0,16400.0
2025-01-02,11423,16,-3.2,13.0,0.0,15600.0
2025-01-02,11423,8,-4.1,7.6,0.0,14400.0
2025-01-02,11423,15,-3.4,14.9,0.0,14600.0
2025-01-02,11423,9,-4.0,2.1,0.0,8900.0
2025-01-02,11423,12,-3.1,12.2,0.0,3900.0
2025-01-02,11423,13,-3.4,14.0,0.0,6200.0
2025-01-02,11423,7,-4.2,6.1,0.0,14100.0
2025-01-02,13342,18,-2.4,12.1,0.0,34300.0
2025-01-02,13342,17,-1.6,15.1,0.0,34800.0
2025-01-02,13342,6,-5.8,13.8,0.0,26200.0
2025-01-02,13342,7,-5.9,16.0,0.0,26800.0
2025-01-02,13342,16,-1.3,14.3,0.0,35000.0
2025-01-02,13342,14,-1.4,13.4,0.0,30700.0
2025-01-02,13342,11,-3.6,16.0,0.0,28500.0
2025-01-02,13342,5,-5.7,12.4,0.0,24900.0
2025-01-02,13342,15,-1.0,14.3,0.0,34300.0
2025-01-02,13342,13,-2.0,14.5,0.0,29200.0
2025-01-02,13342,9,-6.0,11.3,0.0,24500.0
2025-01-02,13342,8,-6.1,9.9,0.0,26000.0
2025-01-02,13342,12,-2.8,13.1,0.0,28200.0
2025-01-02,13342,10,-4.6,14.8,0.0,27800.0
2025-01-02,13342,21,-3.2,13.1,0.0,32900.0
2025-01-02,13342,20,-3.2,11.6,0.0,35400.0
2025-01-02,13342,19,-3.0,11.5,0.0,35100.0
2025-01-02,10257,16,2.3,21.1,0.0,32200.0
2025-01-02,10257,5,1.2,3.9,0.0,32200.0
2025-01-02,10257,11,2.8,20.2,0.0,32900.0
2025-01-02,10257,20,0.8,5.1,0.0,27900.0
2025-01-02,10257,10,1.8,17.4,0.0,30700.0
2025-01-02,10257,6,0.9,1.3,0.0,31800.0
2025-01-02,10257,12,3.1,26.3,0.0,31600.0
2025-01-02,10257,18,0.7,18.7,0.0,28500.0
2025-01-02,10257,19,0.2,19.9,0.0,11900.0
2025-01-02,10257,14,2.7,25.9,0.0,24700.0
2025-01-02,10257,17,1.5,25.2,0.0,16000.0
2025-01-02,12264,17,3.9,7.6,0.0,45000.0
2025-01-02,12264,6,0.2,6.1,0.0,38000.0
2025-01-02,12264,18,2.5,8.4,0.0,47600.0
2025-01-02,12264,9,0.0,3.6,0.0,31700.0
2025-01-02,12264,7,0.1,8.7,0.0,36200.0
2025-01-02,12264,12,2.1,11.2,0.0,37700.0
2025-01-02,12264,10,0.7,9.2,0.0,38800.0
2025-01-02,12264,16,4.4,9.3,0.0,45800.0
2025-01-02,12264,15,4.7,11.4,0.0,44900.0
2025-01-02,12264,8,0.0,6.5,0.0,35800.0
2025-01-02,12264,11,1.4,7.1,0.0,38200.0
2025-01-02,12264,20,1.1,8.5,0.0,47800.0
2025-01-02,12264,5,0.4,7.1,0.0,40300.0
2025-01-02,12264,13,2.9,9.8,0.0,42300.0
2025-01-02,12264,14,4.3,12.9,0.0,46300.0
2025-01-02,12264,22,0.4,3.7,0.0,39700.0
2025-01-02,12264,19,2.1,9.2,0.0,55100.0
2025-01-02,14122,19,-1.2,18.4,0.0,28600.0
2025-01-02,14122,17,-0.5,15.6,0.0,27900.0
2025-01-02,14122,11,-0.6,17.7,0.0,26800.0
2025-01-02,14122,9,-0.8,18.0,0.0,25700.0
2025-01-02,14122,13,-0.4,19.7,0.0,25800.0
2025-01-02,14122,15,0.1,19.9,0.0,26800.0
2025-01-02,14122,7,-0.7,16.9,0.0,26900.0
2025-01-02,14122,6,-0.6,16.7,0.0,25700.0
2025-01-02,14122,5,-0.4,18.0,0.0,27000.0
2025-01-02,14122,8,-0.5,14.9,0.0,25200.0
2025-01-02,14122,10,-1.0,19.0,0.0,26100.0
2025-01-02,14122,16,-0.0,20.0,0.0,26700.0
2025-01-02,14122,21,-1.7,18.2,0.0,27700.0
2025-01-02,14122,12,-0.6,16.8,0.0,26300.0
2025-01-02,14122,20,-1.3,19.7,0.0,28100.0
2025-01-02,14122,18,-0.8,19.5,0.0,26500.0
2025-01-02,14122,14,0.1,18.2,0.0,26800.0
2025-01-02,15024,16,25.8,31.2,0.1,24140.0
2025-01-02,15024,14,25.1,28.5,0.5,24140.0
2025-01-02,15024,17,26.0,30.4,0.0,24140.0
2025-01-02,15024,13,25.3,28.6,0.1,24140.0
2025-01-02,15024,18,26.1,32.2,0.1,24140.0
2025-01-02,15024,12,24.8,27.7,0.4,15180.0
2025-01-02,15024,15,25.5,29.0,0.4,24140.0
2025-01-02,15024,11,24.8,28.2,0.1,15040.0
2025-01-02,10279,5,1.9,15.6,0.0,26700.0
2025-01-02,10279,7,0.6,12.2,0.0,24000.0
2025-01-02,10279,12,6.6,10.5,0.0,39400.0
2025-01-02,10279,6,1.0,14.6,0.0,25200.0
2025-01-02,10279,10,0.3,7.9,0.0,16300.0
2025-01-02,10279,18,13.1,7.9,0.0,70900.0
2025-01-02,10279,16,14.5,3.4,0.0,71500.0
2025-01-02,10279,17,14.7,3.9,0.0,72300.0
2025-01-02,10279,8,-0.3,10.5,0.0,21200.0
2025-01-02,10279,15,13.4,7.8,0.0,66700.0
2025-01-02,10279,14,11.8,8.4,0.0,66200.0
2025-01-02,14831,11,10.7,0.8,0.0,19500.0
2025-01-02,14831,14,16.4,2.5,0.0,32500.0
2025-01-02,14831,6,5.7,2.9,0.0,15500.0
2025-01-02,14831,19,14.2,3.3,0.0,28600.0
2025-01-02,14831,17,17.8,5.4,0.0,36900.0
2025-01-02,14831,12,12.7,2.3,0.0,23600.0
2025-01-02,14831,7,5.8,1.1,0.0,16600.0
2025-01-02,14831,5,6.0,7.2,0.0,15800.0
2025-01-02,14831,13,14.9,1.6,0.0,25900.0
2025-01-02,14831,22,10.8,3.3,0.0,20300.0
2025-01-02,14831,18,16.1,0.4,0.0,36700.0
2025-01-02,14831,8,4.9,2.3,0.0,12200.0
2025-01-02,14831,20,12.7,3.4,0.0,26900.0
2025-01-02,14831,10,8.3,3.4,0.0,15900.0
2025-01-02,14831,21,11.7,4.0,0.0,21800.0
2025-01-02,14831,15,17.5,3.1,0.0,35000.0
2025-01-02,14831,16,18.4,1.6,0.0,41300.0
2025-01-02,14831,9,5.5,9.4,0.0,15600.0
2025-01-02,10599,6,-0.8,3.4,0.0,13000.0
2025-01-02,10599,7,-1.0,0.8,0.0,12200.0
2025-01-02,10599,19,6.1,1.8,0.0,45200.0
2025-01-02,10599,5,-0.5,2.6,0.0,13100.0
2025-01-02,10599,17,10.6,1.5,0.0,62300.0
2025-01-02,10599,13,8.9,1.8,0.0,50100.0
2025-01-02,10599,9,0.4,4.7,0.0,13500.0
2025-01-02,10599,14,10.4,2.4,0.0,56500.0
2025-01-02,10599,10,3.0,8.3,0.0,21900.0
2025-01-02,10599,11,5.1,6.8,0.0,32100.0
2025-01-02,10599,8,-1.1,1.5,0.0,12200.0
2025-01-02,10599,15,10.9,2.8,0.0,58500.0
2025-01-02,10599,12,7.1,4.9,0.0,43000.0
2025-01-02,10599,16,11.2,2.3,0.0,61100.0
2025-01-02,10599,18,8.1,1.5,0.0,53100.0
2025-01-02,13476,12,14.0,9.6,0.0,28100.0
2025-01-02,13476,6,8.7,4.7,0.0,36300.0
2025-01-02,13476,19,14.8,2.7,0.0,40100.0
2025-01-02,13476,15,20.2,7.5,0.0,52700.0
2025-01-02,13476,14,18.1,9.4,0.0,40700.0
2025-01-02,13476,16,20.6,1.8,0.0,53900.0
2025-01-02,13476,7,7.3,5.1,0.0,26000.0
2025-01-02,13476,5,8.6,3.4,0.0,36200.0
2025-01-02,13476,9,7.4,1.8,0.0,22400.0
2025-01-02,14698,12,20.2,5.4,0.0,57300.0
2025-01-02,14698,16,23.6,8.9,0.0,60400.0
2025-01-02,14698,6,12.8,13.0,0.0,65200.0
2025-01-02,14698,15,23.8,13.6,0.0,62400.0
2025-01-02,14698,8,11.9,23.7,0.0,51900.0
2025-01-02,14698,14,23.1,14.2,0.0,63000.0
2025-01-02,14698,19,17.3,2.6,0.0,45600.0
2025-01-02,14698,18,19.8,5.4,0.0,53800.0
2025-01-02,14698,7,12.7,13.6,0.0,62700.0
2025-01-02,15624,12,12.3,6.3,0.0,33200.0
2025-01-02,15624,16,15.4,1.1,0.0,50800.0
2025-01-02,15624,13,13.8,5.5,0.0,40000.0
2025-01-02,15624,19,10.7,3.3,0.0,33100.0
2025-01-02,15624,9,5.4,5.1,0.0,17500.0
2025-01-02,15624,6,3.5,3.8,0.0,17200.0
2025-01-02,15624,7,3.2,3.4,0.0,16700.0
2025-01-02,15624,18,13.1,3.3,0.0,34400.0
2025-01-02,15624,8,3.0,3.2,0.0,17000.0
2025-01-02,15624,20,8.5,4.5,0.0,26200.0
2025-01-02,15624,17,14.8,3.7,0.0,44000.0
2025-01-02,15624,11,10.2,10.0,0.0,26900.0
2025-01-02,15624,10,8.2,8.2,0.0,24200.0
2025-01-02,15624,14,14.8,4.3,0.0,46200.0
2025-01-02,15919,17,8.7,7.9,0.0,26800.0
2025-01-02,15919,5,0.2,4.4,0.0,22900.0
2025-01-02,15919,15,9.0,12.8,0.0,26500.0
2025-01-02,15919,22,4.0,2.3,0.0,21300.0
2025-01-02,15919,19,6.3,6.6,0.0,28500.0
2025-01-02,15919,12,6.9,15.5,0.0,21300.0
2025-01-02,15919,21,4.4,3.2,0.0,22000.0
2025-01-02,15919,8,0.0,7.4,0.0,22900.0
2025-01-02,15919,9,0.2,7.1,0.0,22000.0
2025-01-02,15919,7,0.2,5.7,0.0,23100.0
2025-01-02,15919,16,8.9,8.1,0.0,26400.0
2025-01-02,15919,10,2.3,8.4,0.0,17500.0
2025-01-02,15919,6,0.3,4.0,0.0,24600.0
2025-01-02,15919,11,5.1,12.0,0.0,20200.0
2025-01-02,15919,18,7.7,6.8,0.0,27900.0
2025-01-02,15919,14,8.9,14.8,0.0,26200.0
2025-01-02,11884,6,0.3,1.8,0.0,14200.0
2025-01-02,11884,5,0.7,2.5,0.0,13200.0
2025-01-02,11884,15,1.9,6.9,0.0,13300.0
2025-01-02,11884,23,1.3,4.3,0.0,12200.0
2025-01-02,11884,13,2.2,4.8,0.0,14100.0
2025-01-02,11884,7,-0.1,2.5,0.0,3200.0
2025-01-02,11884,12,1.8,7.4,0.0,13700.0
2025-01-02,11884,10,0.6,5.3,0.0,3200.0
2025-01-02,11884,22,1.3,4.4,0.0,12200.0
2025-01-02,11884,9,0.2,2.3,0.0,200.0
2025-01-02,11884,11,1.1,5.9,0.0,13500.0
2025-01-02,11884,14,2.4,6.6,0.0,14500.0
2025-01-02,11884,19,1.4,2.8,0.0,12200.0
2025-01-02,11884,17,1.4,5.4,0.4,12400.0
2025-01-02,11884,18,1.2,6.5,0.0,12200.0
2025-01-02,11996,16,9.5,6.8,0.0,63600.0
2025-01-02,11996,6,-1.2,6.3,0.0,28000.0
2025-01-02,11996,7,-1.3,6.8,0.0,31400.0
2025-01-02,11996,11,3.0,8.5,0.0,33900.0
2025-01-02,11996,10,0.4,4.4,0.0,28300.0
2025-01-02,11996,19,6.0,8.0,0.0,56100.0
2025-01-02,11996,5,-0.5,11.2,0.0,28700.0
2025-01-02,11996,22,1.6,3.7,0.0,36000.0
2025-01-02,11996,8,-1.5,5.0,0.0,29300.0
2025-01-02,11996,12,4.9,6.1,0.0,41000.0
2025-01-02,11996,9,-1.3,5.0,0.0,29700.0
2025-01-02,11996,14,8.1,5.4,0.0,56500.0
2025-01-02,11996,18,8.4,1.1,0.0,62300.0
2025-01-02,11996,20,3.6,4.7,0.0,47800.0
2025-01-02,11996,15,9.0,2.9,0.0,59900.0
2025-01-02,11996,13,6.5,5.3,0.0,48800.0
2025-01-02,10849,15,-1.2,2.5,0.0,14900.0
2025-01-02,10849,14,-2.5,4.7,0.0,12400.0
2025-01-02,10849,13,-3.1,6.2,0.0,12200.0
2025-01-02,10849,17,-0.7,2.9,0.0,19500.0
2025-01-02,10849,10,-4.8,4.1,0.0,14400.0
2025-01-02,10849,12,-3.6,4.2,0.0,12200.0
2025-01-02,10849,5,-6.4,6.3,0.0,20100.0
2025-01-02,10849,11,-4.3,1.1,0.0,12200.0
2025-01-02,10849,18,-2.5,6.9,0.0,15400.0
2025-01-02,10849,16,-1.0,3.1,0.0,17200.0
2025-01-02,10849,7,-6.4,6.2,0.0,14600.0
2025-01-02,12012,12,-4.2,7.4,0.0,16300.0
2025-01-02,12012,14,-2.3,12.4,0.0,17000.0
2025-01-02,12012,13,-4.6,17.1,0.0,12200.0
2025-01-02,12012,15,-0.7,8.4,0.0,21400.0
2025-01-02,12012,7,-8.5,4.1,0.0,27300.0
2025-01-02,12094,13,3.9,19.1,0.0,32200.0
2025-01-02,12094,14,4.5,21.3,0.0,29800.0
2025-01-02,12094,15,4.5,19.8,0.0,25400.0
2025-01-02,12094,12,2.7,24.4,0.0,31100.0
2025-01-02,12094,16,4.5,13.1,0.0,31700.0
2025-01-02,12094,11,-0.2,15.3,0.0,19500.0
2025-01-02,12094,7,-3.2,4.7,0.0,12100.0
2025-01-02,12982,16,25.1,8.7,0.1,24140.0
2025-01-02,12982,22,22.4,8.0,0.1,24140.0
2025-01-02,12982,23,22.1,7.0,0.3,24140.0
2025-01-02,12982,14,25.0,12.6,0.8,24140.0
2025-01-02,12982,21,22.3,9.6,0.0,24140.0
2025-01-02,12982,6,21.5,10.2,0.1,15540.0
2025-01-02,12982,7,21.6,13.1,0.2,17100.0
2025-01-02,12982,9,22.9,15.9,0.2,17920.0
2025-01-02,12982,8,22.0,13.2,0.1,17120.0
2025-01-02,12982,10,23.9,16.4,0.3,24140.0
2025-01-02,12982,11,24.7,15.5,0.6,24140.0
2025-01-02,12982,12,24.8,14.8,0.9,24140.0
2025-01-02,12982,13,24.8,14.0,0.7,24140.0
2025-01-02,12982,15,25.2,11.4,0.1,24140.0
2025-01-02,12982,17,24.5,8.6,0.1,24140.0
2025-01-02,12982,18,23.5,6.2,0.0,24140.0
2025-01-02,12982,19,22.3,5.4,0.0,24140.0
2025-01-02,12982,20,22.2,7.4,0.0,24140.0
2025-01-02,11775,13,-4.3,6.7,0.0,23900.0
2025-01-02,11775,6,-7.5,4.5,0.0,14300.0
2025-01-02,11775,5,-7.5,4.1,0.0,13700.0
2025-01-02,11775,9,-7.5,4.4,0.0,16400.0
2025-01-02,11775,11,-6.2,7.6,0.0,16400.0
2025-01-02,11775,20,-6.6,16.1,0.0,18500.0
2025-01-02,11775,12,-5.1,6.5,0.0,19100.0
2025-01-02,11775,19,-5.6,13.8,0.0,19100.0
2025-01-02,11775,17,-3.6,17.1,0.0,22000.0
2025-01-02,11775,14,-3.3,8.4,0.0,27800.0
2025-01-02,11775,7,-7.6,5.5,0.0,15000.0
2025-01-02,11775,15,-2.8,12.3,0.0,26100.0
2025-01-02,14689,13,19.1,6.3,0.0,35500.0
2025-01-02,14689,12,19.4,4.9,0.0,42900.0
2025-01-02,14689,18,14.4,1.0,0.0,22900.0
2025-01-02,14689,5,8.6,4.6,0.0,12200.0
2025-01-02,14689,7,7.3,5.4,0.0,12200.0
2025-01-02,14689,6,8.1,5.4,0.0,12400.0
2025-01-02,14689,9,9.1,7.1,0.0,12200.0
2025-01-02,14689,16,19.6,2.9,0.0,37900.0
2025-01-02,14689,11,18.9,2.9,0.0,36300.0
2025-01-02,14689,19,13.7,1.0,0.0,22700.0
2025-01-02,14689,14,20.5,4.4,0.0,68800.0
2025-01-02,14689,10,14.9,0.7,0.0,28400.0
2025-01-02,13486,13,-0.4,5.4,0.0,16300.0
2025-01-02,13486,14,-0.0,3.8,0.0,17000.0
2025-01-02,13486,8,-3.6,2.3,0.0,17600.0
2025-01-02,13486,17,-0.5,1.3,0.0,13300.0
2025-01-02,13486,5,-3.9,5.4,0.0,14500.0
2025-01-02,13486,18,-0.8,1.1,0.0,14000.0
2025-01-02,13486,12,-1.1,4.1,0.0,16100.0
2025-01-02,13486,16,-0.6,4.1,0.0,14000.0
2025-01-02,13486,6,-3.5,5.2,0.0,19100.0
2025-01-02,14321,5,1.8,24.8,0.0,22000.0
2025-01-02,14321,6,1.4,27.7,0.0,22500.0
2025-01-02,14321,19,0.5,26.9,0.0,38300.0
2025-01-02,14321,12,2.3,30.8,0.0,30900.0
2025-01-02,14321,16,1.4,35.3,0.0,39900.0
2025-01-02,14321,8,0.9,24.2,0.0,23700.0
2025-01-02,14321,14,2.0,37.4,0.0,33300.0
2025-01-02,14321,18,0.5,30.1,0.0,37200.0
2025-01-02,14321,11,2.0,30.2,0.0,27900.0
2025-01-02,14321,7,1.3,28.2,0.0,24600.0
2025-01-02,14321,17,0.8,30.7,0.0,39400.0
2025-01-02,12992,6,-0.3,3.9,0.0,15800.0
2025-01-02,12992,18,9.0,5.9,0.0,32800.0
2025-01-02,12992,7,-0.7,2.5,0.0,15300.0
2025-01-02,12992,19,7.6,3.9,0.0,27200.0
2025-01-02,12992,16,10.5,6.0,0.0,43000.0
2025-01-02,12992,9,-0.6,2.5,0.0,12900.0
2025-01-02,12992,12,6.4,11.4,0.0,23700.0
2025-01-02,12992,14,9.0,7.0,0.0,37000.0
2025-01-02,12992,20,6.5,3.9,0.0,25600.0
2025-01-02,12992,11,4.5,7.6,0.0,17800.0
2025-01-02,12992,5,-0.1,5.2,0.0,17200.0
2025-01-02,12992,15,9.9,7.6,0.0,39400.0
2025-01-02,12992,17,9.9,3.3,0.0,40900.0
2025-01-02,12992,13,8.0,8.0,0.0,30800.0
2025-01-02,12992,8,-0.9,3.0,0.0,14400.0
2025-01-02,13230,6,1.4,19.7,0.0,37100.0
2025-01-02,13230,20,0.1,15.2,0.0,33200.0
2025-01-02,13230,21,0.2,14.2,0.0,33400.0
2025-01-02,13230,16,1.7,24.9,0.0,38300.0
2025-01-02,13230,15,2.3,24.8,0.0,39400.0
2025-01-02,13230,5,1.5,20.6,0.0,36400.0
2025-01-02,13230,12,3.4,29.3,0.0,41200.0
2025-01-02,12758,15,1.7,17.1,0.0,24140.0
2025-01-02,12758,21,-4.4,8.9,0.0,24140.0
2025-01-02,12758,20,-3.6,8.4,0.0,24140.0
2025-01-02,12758,23,-5.8,8.9,0.0,24140.0
2025-01-02,12758,16,0.9,17.6,0.0,24140.0
2025-01-02,12758,13,1.3,10.6,0.0,24140.0
2025-01-02,12758,17,-0.5,15.9,0.0,24140.0
2025-01-02,12758,14,1.8,15.9,0.0,24140.0
2025-01-02,12758,22,-5.2,9.3,0.0,24140.0
2025-01-02,12758,11,-1.4,7.9,0.0,24140.0
2025-01-02,12758,6,-5.1,8.4,0.0,24140.0
2025-01-02,12758,7,-5.4,8.4,0.0,24140.0
2025-01-02,12758,9,-4.9,7.4,0.0,24140.0
2025-01-02,12758,8,-5.8,8.2,0.0,24140.0
2025-01-02,12758,10,-3.3,7.8,0.0,24140.0
2025-01-02,12758,12,-0.2,7.5,0.0,24140.0
2025-01-02,12758,18,-1.4,12.6,0.0,24140.0
2025-01-02,12758,19,-2.3,10.7,0.0,24140.0
2025-01-02,12278,18,8.0,8.4,0.0,36800.0
2025-01-02,12278,5,0.3,7.8,0.0,23500.0
2025-01-02,12278,10,0.6,12.0,0.0,19500.0
2025-01-02,12278,22,2.1,11.9,0.0,20100.0
2025-01-02,12278,20,5.0,11.9,0.0,25400.0
2025-01-02,12278,16,9.2,9.8,0.0,36600.0
2025-01-02,12278,12,5.7,14.3,0.0,29000.0
2025-01-02,12278,13,7.3,14.8,0.0,34600.0
2025-01-02,12278,6,-0.1,4.8,0.0,20100.0
2025-01-02,12278,11,3.4,13.4,0.0,25000.0
2025-01-02,12278,17,9.1,8.8,0.0,36300.0
2025-01-02,12278,9,-0.3,9.0,0.0,19600.0
2025-01-02,12278,8,-0.2,6.5,0.0,19900.0
2025-01-02,12278,7,0.0,5.8,0.0,22100.0
2025-01-02,11630,15,-27.0,3.9,0.0,24140.0
2025-01-02,11630,5,-31.2,1.0,0.0,24140.0
2025-01-02,11630,1,-30.5,2.7,0.0,24140.0
2025-01-02,11630,11,-30.3,2.7,0.0,24140.0
2025-01-02,11630,2,-30.7,2.9,0.0,24120.0
2025-01-02,11630,0,-30.4,1.3,0.0,24140.0
2025-01-02,11630,7,-31.7,1.1,0.0,24140.0
2025-01-02,13796,6,6.8,6.4,0.0,16300.0
2025-01-02,13796,16,15.5,4.4,0.0,23500.0
2025-01-02,13796,5,6.9,1.5,0.0,14500.0
2025-01-02,13796,7,6.7,5.4,0.0,17400.0
2025-01-02,13796,8,6.6,2.9,0.0,16100.0
2025-01-02,13796,9,6.9,7.3,0.0,17200.0
2025-01-02,13796,10,9.6,4.1,0.0,15100.0
2025-01-02,13796,17,14.8,3.2,0.0,21900.0
2025-01-02,13796,21,10.4,2.9,0.0,17500.0
2025-01-02,13796,14,14.6,6.2,0.0,21200.0
2025-01-02,13796,11,11.5,3.9,0.0,18600.0
2025-01-02,13796,18,13.1,1.3,0.0,17700.0
2025-01-02,13796,12,12.6,3.8,0.0,18800.0
2025-01-02,13796,20,10.8,2.9,0.0,16200.0
2025-01-02,13796,13,14.1,4.0,0.0,23900.0
2025-01-02,13796,15,15.4,3.3,0.0,23300.0
2025-01-02,13796,22,9.6,3.1,0.0,14900.0
2025-01-02,13796,19,11.9,1.5,0.0,17100.0
2025-01-02,13970,11,-14.0,22.7,0.0,24140.0
2025-01-02,12523,8,-10.9,6.8,0.0,24140.0
2025-01-02,12523,5,-10.7,6.0,0.0,24140.0
2025-01-02,12523,7,-10.7,6.8,0.0,24140.0
2025-01-02,12523,9,-11.2,5.7,0.0,24140.0
2025-01-02,12523,13,-8.4,9.2,0.0,24140.0
2025-01-02,12523,19,-10.8,7.9,0.0,24140.0
2025-01-02,12523,20,-11.0,7.6,0.0,24140.0
2025-01-02,12523,22,-10.8,7.8,0.0,24140.0
2025-01-02,13873,17,-9.0,15.3,0.0,24140.0
2025-01-02,14004,16,6.1,6.2,0.0,18300.0
2025-01-02,14004,7,2.7,3.8,0.0,25700.0
2025-01-02,14004,20,5.6,3.9,0.0,17000.0
2025-01-02,10551,12,-12.9,18.5,0.0,24140.0
2025-01-02,10551,19,-14.4,23.1,0.0,24140.0
2025-01-02,10754,17,2.9,10.8,0.0,28600.0
2025-01-02,14709,8,-11.7,17.4,0.0,24140.0
2025-01-02,14709,18,-9.0,26.0,0.0,24140.0
2025-01-02,11259,17,14.6,10.5,0.0,30200.0
2025-01-02,11259,12,10.7,11.4,0.0,20200.0
2025-01-02,11259,8,2.9,2.9,0.0,14900.0
2025-01-02,11259,15,15.0,11.0,0.0,31100.0
2025-01-02,11259,6,3.0,6.2,0.0,16800.0
2025-01-02,11259,7,3.0,4.7,0.0,15100.0
2025-01-02,11259,18,14.2,9.7,0.0,33400.0
2025-01-02,11259,20,10.9,1.8,0.0,23600.0
2025-01-02,11259,9,3.1,2.4,0.0,14300.0
2025-01-02,11259,10,5.5,6.7,0.0,15300.0
2025-01-02,11259,11,8.2,8.0,0.0,16700.0
2025-01-02,11259,21,9.8,5.6,0.0,20600.0
2025-01-02,11259,14,14.3,10.7,0.0,29700.0
2025-01-02,11259,19,12.4,6.6,0.0,28400.0
2025-01-02,11259,13,12.8,8.2,0.0,24700.0
2025-01-02,11259,16,15.0,10.0,0.0,31000.0
2025-01-02,11259,22,9.1,6.7,0.0,18600.0
2025-01-02,12819,9,-6.5,10.5,0.0,24140.0
2025-01-02,12819,13,-0.8,8.4,0.0,24140.0
2025-01-02,12819,17,-0.6,10.3,0.0,9100.0
2025-01-02,12819,20,-1.7,11.4,0.4,14760.0
2025-01-02,10926,13,-12.1,7.3,0.0,24140.0
2025-01-02,10926,15,-9.8,7.2,0.0,24140.0
2025-01-02,15991,11,-7.8,0.7,0.0,24140.0
2025-01-02,15991,17,-5.1,10.2,0.0,24140.0
2025-01-02,14828,11,-4.7,11.7,0.0,24140.0
2025-01-02,14828,19,-2.0,11.6,0.0,24140.0
2025-01-02,14828,6,-4.6,13.3,0.0,24140.0
2025-01-02,14256,15,-2.2,4.7,0.0,24140.0
2025-01-02,14256,12,-3.7,5.1,0.0,24140.0
2025-01-02,15841,16,-6.5,10.0,0.0,24140.0
2025-01-02,15841,11,-8.1,10.6,0.0,24140.0
2025-01-02,10170,15,3.7,12.2,0.3,24140.0
2025-01-02,12197,6,2.5,24.5,0.0,30800.0
2025-01-02,12197,18,3.4,23.8,0.0,47900.0
2025-01-02,12197,10,3.3,22.9,0.0,37700.0
2025-01-02,12197,15,5.3,31.0,0.0,48700.0
2025-01-02,12197,20,2.4,19.4,0.0,34800.0
2025-01-02,12197,19,2.4,21.3,0.0,40200.0
2025-01-02,12197,7,2.6,20.3,0.0,28700.0
2025-01-02,12197,8,2.0,17.2,0.0,29800.0
2025-01-02,12197,14,5.3,36.1,0.0,43500.0
2025-01-02,12197,16,4.7,28.4,0.0,50300.0
2025-01-02,12197,13,5.1,29.6,0.0,43000.0
2025-01-02,12197,9,2.4,23.9,0.0,36700.0
2025-01-02,12197,12,4.5,28.1,0.0,35800.0
2025-01-02,12197,11,4.1,26.8,0.0,36400.0
2025-01-02,12197,17,4.4,25.3,0.0,52800.0
2025-01-02,14254,1,21.6,11.5,0.0,24140.0
2025-01-02,14254,10,23.8,12.5,0.0,24140.0
2025-01-02,14254,4,21.2,11.0,0.0,24140.0
2025-01-02,14254,12,26.0,15.7,0.0,24140.0
2025-01-02,10732,17,26.7,11.1,0.1,24140.0
2025-01-02,10732,2,21.9,7.8,0.0,24140.0
2025-01-02,10732,21,23.5,13.6,0.0,24140.0
2025-01-02,10732,4,21.4,8.4,0.0,24140.0
2025-01-02,10732,20,23.6,15.2,0.0,24140.0
2025-01-02,10732,3,21.5,7.6,0.0,24140.0
2025-01-02,10732,1,22.3,7.9,0.0,24140.0
2025-01-02,13933,13,4.2,27.9,0.0,50400.0
2025-01-02,13933,14,4.8,32.8,0.0,52200.0
2025-01-02,13933,16,3.1,29.4,0.0,28700.0
2025-01-02,13933,15,4.3,32.2,0.0,40000.0
2025-01-02,12391,14,6.1,28.6,0.0,42000.0
2025-01-02,12391,16,5.0,26.8,0.0,44600.0
2025-01-02,12391,15,5.8,25.2,0.0,43500.0
2025-01-02,12391,11,4.2,27.8,0.0,34600.0
2025-01-02,12391,20,1.7,18.8,0.0,45900.0
2025-01-02,12391,5,2.6,24.4,0.0,29400.0
2025-01-02,12391,6,2.2,26.3,0.0,26200.0
2025-01-02,12391,19,1.8,19.2,0.0,38200.0
2025-01-02,12391,10,3.1,27.1,0.0,34200.0
2025-01-02,12191,15,13.8,8.4,0.0,17800.0
2025-01-02,12191,18,14.5,5.8,0.0,16700.0
2025-01-02,12191,10,10.5,6.5,0.0,18200.0
2025-01-02,12191,6,8.7,8.4,0.0,15900.0
2025-01-02,12191,11,11.6,10.4,0.0,19800.0
2025-01-02,12191,12,12.8,8.7,0.0,19600.0
2025-01-02,12191,9,9.4,2.8,0.0,16900.0
2025-01-02,12191,16,14.1,7.6,0.0,17300.0
2025-01-02,12191,20,14.8,6.1,0.0,16200.0
2025-01-02,12191,8,9.2,5.8,0.0,16300.0
2025-01-02,12191,19,14.7,6.9,0.0,16400.0
2025-01-02,12191,13,13.6,8.0,0.0,19300.0
2025-01-02,12191,5,9.2,6.1,0.0,16700.0
2025-01-02,12191,17,14.3,5.1,0.0,15200.0
2025-01-02,12191,22,14.2,7.1,0.0,15200.0
2025-01-02,12191,7,8.7,7.4,0.0,200.0
2025-01-02,12191,14,14.0,8.0,0.0,17900.0
2025-01-02,12191,21,14.8,10.2,0.0,16200.0
2025-01-02,13232,10,-3.7,15.5,0.0,20000.0
2025-01-02,13232,6,-5.0,9.7,0.0,23000.0
2025-01-02,13232,17,-0.4,10.8,0.0,36500.0
2025-01-02,13232,12,-1.4,13.0,0.0,31000.0
2025-01-02,13232,8,-4.7,13.7,0.0,20400.0
2025-01-02,13232,14,-0.2,12.2,0.0,35100.0
2025-01-02,13232,20,-1.9,11.9,0.0,7800.0
2025-01-02,13232,7,-4.9,11.3,0.0,21400.0
2025-01-02,13232,19,-1.5,13.6,0.0,17600.0
2025-01-02,13232,11,-2.4,14.0,0.0,27800.0
2025-01-02,13232,18,-0.7,12.4,0.0,31000.0
2025-01-02,13232,9,-4.8,13.2,0.0,19800.0
2025-01-02,13232,21,-1.9,14.4,0.0,16300.0
2025-01-02,13232,5,-5.0,11.9,0.0,25500.0
2025-01-02,13232,22,-2.4,14.1,0.0,15700.0
2025-01-02,13232,16,-0.3,11.6,0.0,38800.0
2025-01-02,13232,13,-0.4,13.7,0.0,36600.0
2025-01-02,13232,15,0.1,12.1,0.0,37300.0
2025-01-02,13577,7,1.8,9.5,0.0,22400.0
2025-01-02,13577,11,5.6,10.1,0.0,29800.0
2025-01-02,13577,6,2.4,9.7,0.0,22900.0
2025-01-02,13577,18,8.7,9.3,0.0,49300.0
2025-01-02,13577,14,9.1,6.5,0.0,41800.0
2025-01-02,13577,21,3.3,7.1,0.0,23100.0
2025-01-02,13577,15,10.1,6.6,0.0,46500.0
2025-01-02,13577,16,10.6,8.9,0.0,46400.0
2025-01-02,13577,17,10.4,9.8,0.0,51500.0
2025-01-02,13577,9,1.3,7.1,0.0,20200.0
2025-01-02,13577,20,4.8,7.8,0.0,29500.0
2025-01-02,13577,5,2.9,7.4,0.0,18400.0
2025-01-02,13577,10,3.8,8.2,0.0,21700.0
2025-01-02,13577,19,6.2,5.2,0.0,33400.0
2025-01-02,13577,12,7.2,12.2,0.0,35800.0
2025-01-02,13577,8,1.2,8.7,0.0,22600.0
2025-01-02,13577,13,8.1,8.2,0.0,36000.0
2025-01-02,12954,13,17.2,3.3,0.0,18900.0
2025-01-02,12954,7,7.3,4.1,0.0,15900.0
2025-01-02,12954,9,7.5,6.3,0.0,1800.0
2025-01-02,12954,17,18.2,2.4,0.0,29700.0
2025-01-02,12954,15,18.1,8.1,0.0,23200.0
2025-01-02,12954,8,6.6,5.7,0.0,200.0
2025-01-02,12954,11,12.5,4.5,0.0,2100.0
2025-01-02,12954,6,8.5,6.5,0.0,15000.0
2025-01-02,12954,10,11.8,1.8,0.0,12200.0
2025-01-02,12954,16,17.8,9.5,0.0,25900.0
2025-01-02,12954,20,11.6,7.6,0.0,15900.0
2025-01-02,12954,12,14.7,5.7,0.0,17800.0
2025-01-02,12954,14,17.9,9.7,0.0,25200.0
2025-01-02,12954,19,13.8,7.4,0.0,26500.0
2025-01-02,12954,18,15.0,0.5,0.0,22800.0
2025-01-02,11953,6,4.0,5.8,0.0,19400.0
2025-01-02,11953,15,15.5,7.6,0.0,59700.0
2025-01-02,11953,10,5.8,11.9,0.0,17600.0
2025-01-02,11953,16,16.2,6.9,0.0,68700.0
2025-01-02,10620,5,-6.2,11.5,0.0,13000.0
2025-01-02,10620,6,-6.4,12.7,0.0,12700.0
2025-01-02,10620,18,-5.7,7.0,0.0,16300.0
2025-01-02,10620,13,-5.2,1.1,0.0,15000.0
2025-01-02,10620,11,-6.9,5.9,0.0,14400.0
2025-01-02,10620,10,-7.1,6.0,0.0,14100.0
2025-01-02,10620,17,-4.4,6.9,0.0,18500.0
2025-01-02,10620,14,-4.3,3.1,0.0,16600.0
2025-01-02,10620,7,-6.9,11.5,0.0,13000.0
2025-01-02,10785,5,0.4,24.0,0.0,24300.0
2025-01-02,10785,7,0.3,19.1,0.0,25700.0
2025-01-02,10785,16,1.0,18.8,0.0,35000.0
2025-01-02,10785,12,0.7,25.6,0.0,32300.0
2025-01-02,10785,14,1.2,21.8,0.0,33400.0
2025-01-02,10785,17,0.6,18.7,0.0,37600.0
2025-01-02,10785,15,1.2,21.2,0.0,34100.0
2025-01-02,10785,6,0.2,18.4,0.0,23700.0
2025-01-02,10785,11,0.3,19.7,0.0,28000.0
2025-01-02,10785,9,0.2,17.4,0.0,25600.0
2025-01-02,10781,19,13.9,3.3,0.0,23100.0
2025-01-02,10781,5,5.4,8.2,0.0,18300.0
2025-01-02,10781,10,7.8,9.6,0.0,16700.0
2025-01-02,10781,18,15.4,6.5,0.0,27300.0
2025-01-02,10781,16,17.2,7.8,0.0,32200.0
2025-01-02,10781,14,16.2,8.2,0.0,29800.0
2025-01-02,10781,12,13.1,8.3,0.0,26200.0
2025-01-02,10781,7,5.1,8.7,0.0,18000.0
2025-01-02,13360,6,11.5,11.0,0.0,15900.0
2025-01-02,13360,11,15.7,11.5,0.0,19000.0
2025-01-02,13360,17,17.1,15.1,0.0,23800.0
2025-01-02,13360,9,11.6,11.0,0.0,15300.0
2025-01-02,13360,19,14.6,13.3,0.0,22200.0
2025-01-02,13360,13,18.4,13.7,0.0,22400.0
2025-01-02,15249,8,1.8,6.1,0.0,16100.0
2025-01-02,15249,6,2.7,4.7,0.0,17200.0
2025-01-02,15249,18,15.0,5.9,0.0,60600.0
2025-01-02,15249,11,7.9,9.0,0.0,28000.0
2025-01-02,15249,20,8.9,5.1,0.0,36500.0
2025-01-02,15249,7,2.1,5.1,0.0,17300.0
2025-01-02,15249,13,12.3,10.2,0.0,41300.0
2025-01-02,11252,7,8.7,11.2,0.0,18800.0
2025-01-02,11252,14,14.1,18.3,0.0,20700.0
2025-01-02,11252,11,12.6,13.9,0.0,19600.0
2025-01-02,11252,18,12.6,18.1,0.0,31000.0
2025-01-02,11252,6,8.2,12.2,0.0,18500.0
2025-01-02,11252,13,13.9,18.2,0.0,21900.0
2025-01-02,11252,17,13.7,18.1,0.0,29300.0
2025-01-02,11648,5,-2.4,4.6,0.0,18400.0
2025-01-02,11648,14,1.5,3.2,0.0,24800.0
2025-01-02,11648,21,0.5,0.5,0.0,15800.0
2025-01-02,11648,20,0.2,2.3,0.0,16500.0
2025-01-02,11648,17,0.8,6.6,0.0,16300.0
2025-01-02,11648,12,-0.6,2.1,0.0,16800.0
2025-01-02,11648,6,-2.0,6.4,0.0,19000.0
2025-01-02,15380,6,-2.3,15.9,0.0,25400.0
2025-01-02,15380,10,-3.5,14.1,0.0,22200.0
2025-01-02,15380,18,-4.2,13.7,0.0,25200.0
2025-01-02,15380,12,-3.2,16.6,0.0,22300.0
2025-01-02,15380,5,-1.9,19.5,0.0,25400.0
2025-01-02,15380,17,-3.6,16.0,0.0,26300.0
2025-01-02,15380,14,-3.4,17.6,0.0,22600.0
2025-01-02,15380,19,-4.2,11.3,0.0,24600.0
2025-01-02,12280,6,-4.4,4.1,0.0,12800.0
2025-01-02,12280,8,-3.7,3.5,0.0,12200.0
2025-01-02,12280,18,-2.0,8.2,0.0,200.0
2025-01-02,12280,13,-1.2,9.7,0.0,12200.0
2025-01-02,12280,7,-3.7,11.4,0.0,14000.0
2025-01-02,12280,5,-4.4,9.0,0.0,13000.0
2025-01-02,12280,10,-3.1,3.9,0.0,12200.0
2025-01-02,11637,6,-14.6,7.9,0.0,17300.0
2025-01-02,11637,18,-13.0,17.1,0.0,20500.0
2025-01-02,11637,20,-13.6,16.9,0.0,19800.0
2025-01-02,11637,14,-12.0,21.9,0.0,20800.0
2025-01-02,11637,11,-13.7,20.2,0.0,18600.0
2025-01-02,11637,7,-13.8,6.9,0.0,16900.0
2025-01-02,11637,12,-12.8,18.7,0.0,19500.0
2025-01-02,11637,5,-14.7,9.3,0.0,17200.0
2025-01-02,11637,13,-12.4,21.8,0.0,20100.0
2025-01-02,11637,16,-11.4,17.6,0.0,22700.0
2025-01-02,11637,17,-12.2,16.1,0.0,21100.0
2025-01-02,11637,8,-14.2,10.8,0.0,17600.0
2025-01-02,11977,5,-6.6,14.2,0.0,23100.0
2025-01-02,11977,6,-6.8,13.8,0.0,24300.0
2025-01-02,11977,7,-6.8,13.2,0.0,25400.0
2025-01-02,11977,14,-3.7,15.2,0.0,27500.0
2025-01-02,11977,16,-3.6,16.5,0.0,26500.0
2025-01-02,11977,10,-6.4,11.2,0.0,24400.0
2025-01-02,14574,6,0.2,8.8,0.0,33000.0
2025-01-02,14574,15,6.2,16.2,0.0,48900.0
2025-01-02,14574,10,1.3,12.0,0.0,33800.0
2025-01-02,14574,17,6.1,15.9,0.0,54400.0
2025-01-02,12217,5,-0.9,7.8,0.0,17800.0
2025-01-02,12217,17,8.8,1.6,0.0,51800.0
2025-01-02,12217,11,4.1,4.4,0.0,30200.0
2025-01-02,12217,10,2.0,0.7,0.0,22300.0
2025-01-02,12217,6,-1.0,7.0,0.0,17700.0
2025-01-02,12217,7,-1.4,5.2,0.0,18200.0
2025-01-02,12217,13,7.4,1.0,0.0,41900.0
2025-01-02,12217,18,6.6,3.1,0.0,48200.0
2025-01-02,12217,8,-2.4,3.3,0.0,18300.0
2025-01-02,12217,15,9.1,1.6,0.0,48500.0
2025-01-02,15356,8,1.7,17.4,0.0,37200.0
2025-01-02,15356,12,5.1,28.5,0.0,41800.0
2025-01-02,15356,6,2.3,23.6,0.0,39900.0
2025-01-02,15356,17,3.7,27.0,0.0,47700.0
2025-01-02,15356,19,2.3,24.6,0.0,47600.0
2025-01-02,14112,13,17.0,11.3,0.0,31800.0
2025-01-02,14112,6,9.4,9.5,0.0,20600.0
2025-01-02,14112,7,9.2,9.8,0.0,20200.0
2025-01-02,14112,18,17.9,8.3,0.0,43400.0
2025-01-02,14112,12,15.8,14.4,0.0,32500.0
2025-01-02,14112,17,19.5,10.7,0.0,50800.0
2025-01-02,14112,9,9.3,6.5,0.0,19700.0
2025-01-02,14112,21,13.0,6.4,0.0,19400.0
2025-01-02,14112,16,19.6,8.9,0.0,45100.0
2025-01-02,14112,15,19.6,8.7,0.0,48300.0
2025-01-02,14112,8,8.8,6.6,0.0,19600.0
2025-01-02,14112,11,13.9,16.1,0.0,29200.0
2025-01-02,14112,19,15.6,7.0,0.0,37500.0
2025-01-02,14112,14,18.1,9.9,0.0,37500.0
2025-01-02,14112,10,11.9,12.1,0.0,23300.0
2025-01-02,10431,15,4.4,16.6,0.0,58100.0
2025-01-02,10431,12,0.2,18.5,0.0,33200.0
2025-01-02,10431,7,-4.7,21.7,0.0,20500.0
2025-01-02,10431,8,-4.5,22.1,0.0,20500.0
2025-01-02,10431,13,1.9,17.7,0.0,38300.0
2025-01-02,10431,6,-4.4,22.3,0.0,21500.0
2025-01-02,10431,17,4.7,16.9,0.0,57900.0
2025-01-02,10431,19,1.8,9.7,0.0,52600.0
2025-01-02,10431,16,5.1,18.4,0.0,63000.0
2025-01-02,10431,14,3.4,19.1,0.0,48700.0
2025-01-02,10431,18,3.9,14.4,0.0,55600.0
2025-01-02,14783,9,0.2,11.4,0.0,20600.0
2025-01-02,14783,19,6.9,3.1,0.0,24500.0
2025-01-02,14783,16,8.2,12.4,0.0,27200.0
2025-01-02,14783,7,-0.0,3.9,0.0,19100.0
2025-01-02,14783,14,8.5,16.6,0.0,26900.0
2025-01-02,14783,8,0.1,8.0,0.0,20300.0
2025-01-02,14783,13,7.4,17.4,0.0,25300.0
2025-01-02,14783,5,-0.7,3.1,0.0,17500.0
2025-01-02,14783,10,1.7,11.9,0.0,18800.0
2025-01-02,14783,11,4.1,14.3,0.0,21900.0
2025-01-02,14783,18,7.3,3.4,0.0,24700.0
2025-01-02,14783,15,8.5,14.4,0.0,27900.0
2025-01-02,12945,21,0.8,4.5,0.0,25700.0
2025-01-02,12945,19,2.6,5.4,0.0,34100.0
2025-01-02,12945,9,-1.4,11.2,0.0,21000.0
2025-01-02,12945,14,4.3,15.9,0.0,29700.0
2025-01-02,12945,5,-0.6,10.3,0.0,20700.0
2025-01-02,12945,6,-0.6,10.4,0.0,20900.0
2025-01-02,12945,8,-1.2,9.9,0.0,22200.0
2025-01-02,12945,15,4.9,14.8,0.0,34200.0
2025-01-02,12945,20,1.7,4.9,0.0,30000.0
2025-01-02,12945,11,0.7,11.2,0.0,20700.0
2025-01-02,12945,17,5.2,13.4,0.0,38600.0
2025-01-02,14696,9,-3.1,16.6,0.0,23500.0
2025-01-02,14696,12,-2.3,18.2,0.0,22600.0
2025-01-02,14696,14,-1.4,17.0,0.0,27400.0
2025-01-02,14696,6,-2.9,17.7,0.0,24800.0
2025-01-02,14696,11,-3.1,15.4,0.0,21400.0
2025-01-02,14696,17,-0.9,11.7,0.0,31200.0
2025-01-02,14696,13,-1.4,16.6,0.0,29500.0
2025-01-02,14696,7,-3.1,15.5,0.0,23500.0
2025-01-02,14696,8,-3.5,15.9,0.0,20500.0
2025-01-02,14696,18,-0.8,9.5,0.0,34800.0
2025-01-02,14696,16,-0.7,13.8,0.0,30100.0
2025-01-02,14696,10,-3.1,13.2,0.0,22000.0
2025-01-02,14082,18,20.8,11.6,0.0,52400.0
2025-01-02,14082,9,10.9,6.5,0.0,20600.0
2025-01-02,14082,8,10.0,5.5,0.0,19500.0
2025-01-02,14082,21,16.1,9.5,0.0,37700.0
2025-01-02,14082,19,18.4,10.4,0.0,44200.0
2025-01-02,14082,7,10.9,8.6,0.0,22200.0
2025-01-02,14082,15,22.0,10.4,0.0,44700.0
2025-01-02,14082,16,22.4,11.4,0.0,51800.0
2025-01-02,14082,14,21.2,12.6,0.0,40900.0
2025-01-02,14082,11,16.0,14.5,0.0,31100.0
2025-01-02,14082,20,17.0,8.4,0.0,40900.0
2025-01-02,14082,12,18.6,13.9,0.0,32900.0
2025-01-02,14082,5,12.0,12.0,0.0,27000.0
2025-01-02,14082,6,11.6,11.7,0.0,23500.0
2025-01-02,14761,20,12.8,11.6,0.0,25700.0
2025-01-02,14761,12,14.5,15.1,0.0,23000.0
2025-01-02,14761,6,9.0,13.1,0.0,21300.0
2025-01-02,14761,13,15.5,9.0,0.0,28700.0
2025-01-02,14761,7,9.1,13.9,0.0,20200.0
2025-01-02,14761,8,9.0,14.0,0.0,19500.0
2025-01-02,14761,14,16.7,13.0,0.0,32600.0
2025-01-02,14761,18,16.1,11.5,0.0,33700.0
2025-01-02,14761,19,14.2,15.8,0.0,25600.0
2025-01-02,14761,15,17.3,11.2,0.0,37600.0
2025-01-02,14761,21,11.7,11.7,0.0,24100.0
2025-01-02,14761,17,17.5,11.7,0.0,42500.0
2025-01-02,14761,11,12.9,13.9,0.0,20400.0
2025-01-02,14761,16,17.7,11.1,0.0,39400.0
2025-01-02,14761,9,9.1,11.7,0.0,17400.0
2025-01-02,10874,17,-2.6,17.6,0.0,23800.0
2025-01-02,10874,12,-2.3,17.4,0.0,24500.0
2025-01-02,10874,21,-3.9,11.2,0.0,23100.0
2025-01-02,10874,11,-2.9,17.8,0.0,23200.0
2025-01-02,10874,6,-2.0,21.1,0.0,25600.0
2025-01-02,10874,18,-3.6,14.6,0.0,24000.0
2025-01-02,10874,8,-3.7,12.9,0.0,23100.0
2025-01-02,10874,7,-2.6,19.4,0.0,24700.0
2025-01-02,10874,13,-2.0,18.7,0.0,21300.0
2025-01-02,11612,8,-3.3,4.7,0.0,12800.0
2025-01-02,11612,15,6.0,11.8,0.0,31400.0
2025-01-02,11612,6,-2.3,4.4,0.0,14800.0
2025-01-02,11898,18,-13.4,15.4,0.0,24300.0
2025-01-02,11898,22,-16.4,13.8,0.0,23500.0
2025-01-02,11898,20,-15.1,15.4,0.0,22200.0
2025-01-02,10676,14,5.1,9.5,0.0,28700.0
2025-01-02,10676,21,3.8,6.4,0.0,25100.0
2025-01-02,10676,10,-0.0,4.0,0.0,19600.0
2025-01-02,10676,20,4.1,8.4,0.0,25800.0
2025-01-02,10676,7,-2.8,2.5,0.0,17000.0
2025-01-02,13264,15,9.3,5.5,0.0,14600.0
2025-01-02,13264,21,7.6,1.8,0.4,12200.0
2025-01-02,13264,13,7.6,4.6,0.4,12800.0
2025-01-02,13264,5,5.7,4.1,0.0,13600.0
2025-01-02,13264,12,7.3,2.9,0.4,4600.0
2025-01-02,13264,7,5.8,3.1,0.0,12200.0
2025-01-02,13264,6,5.8,1.9,0.0,12700.0
2025-01-02,13264,18,8.0,4.2,0.7,12300.0
2025-01-02,13264,14,9.3,6.9,0.0,14900.0
2025-01-02,11823,21,-1.5,8.2,0.0,23600.0
2025-01-02,11823,19,-1.0,8.8,0.0,28000.0
2025-01-02,11823,13,-2.5,18.2,0.0,22400.0
2025-01-02,11823,8,-4.3,18.5,0.0,20500.0
2025-01-02,11823,18,-0.7,11.3,0.0,31300.0
2025-01-02,11823,6,-2.7,21.9,0.0,22900.0
2025-01-02,11823,12,-3.4,18.8,0.0,22200.0
2025-01-02,11823,5,-2.3,19.7,0.0,23400.0
2025-01-02,11823,11,-3.9,15.6,0.0,21300.0
2025-01-02,11823,9,-4.7,16.6,0.0,21000.0
2025-01-02,11823,17,-0.7,16.2,0.0,28900.0
2025-01-02,11823,7,-3.4,17.6,0.0,21700.0
2025-01-02,11823,16,-0.8,20.2,0.0,28000.0
2025-01-02,12223,15,-3.0,18.7,0.0,25100.0
2025-01-02,11980,11,-2.2,17.4,0.0,13200.0
2025-01-02,11980,20,-2.4,12.5,0.0,17300.0
2025-01-02,11980,15,-1.1,17.1,0.0,15600.0
2025-01-02,11980,6,-1.2,8.7,0.0,19700.0
2025-01-02,14025,10,-0.1,15.6,0.0,26500.0
2025-01-02,14025,19,-0.2,18.8,0.0,28600.0
2025-01-02,14025,11,0.2,29.2,0.0,29700.0
2025-01-02,14512,17,-1.6,12.5,0.0,25000.0
2025-01-02,14512,12,-1.5,8.3,0.0,31600.0
2025-01-02,14512,10,-4.5,10.9,0.0,20900.0
2025-01-02,11721,6,-3.5,18.7,0.0,22400.0
2025-01-02,11721,12,-3.7,18.4,0.0,23400.0
2025-01-02,11721,19,-5.1,13.9,0.0,20700.0
2025-01-02,11721,7,-4.1,16.3,0.0,23300.0
2025-01-02,11721,14,-3.7,17.4,0.0,20600.0
2025-01-02,11721,5,-3.1,18.4,0.0,21900.0
2025-01-02,11721,16,-3.9,19.5,0.0,21900.0
2025-01-02,11721,20,-4.8,15.5,0.0,21300.0
2025-01-02,11721,17,-4.4,19.1,0.0,21400.0
2025-01-02,14314,18,7.8,3.3,0.0,35800.0
2025-01-02,14314,12,7.5,7.6,0.0,23600.0
2025-01-02,14314,11,6.8,3.2,0.0,27000.0
2025-01-02,14314,6,5.2,14.8,0.0,40000.0
2025-01-02,14314,7,5.4,9.5,0.0,42000.0
2025-01-02,14314,19,6.7,3.0,0.0,41600.0
2025-01-02,14314,14,9.0,4.3,0.0,28700.0
2025-01-02,14314,5,5.1,16.4,0.0,38100.0
2025-01-02,14314,13,8.3,3.3,0.0,26400.0
2025-01-02,14314,8,5.6,10.8,0.0,40400.0
2025-01-02,10466,18,20.4,5.5,0.0,90000.0
2025-01-02,10466,15,24.0,0.7,0.0,90000.0
2025-01-02,10466,7,6.9,5.8,0.0,55900.0
2025-01-02,10466,12,19.0,5.1,0.0,74700.0
2025-01-02,10466,10,14.3,5.0,0.0,68800.0
2025-01-02,10466,21,15.0,4.7,0.0,80700.0
2025-01-02,10466,20,15.6,1.8,0.0,80300.0
2025-01-02,10466,16,24.1,0.7,0.0,90000.0
2025-01-02,10466,9,11.3,4.0,0.0,63600.0
2025-01-02,10466,14,23.1,0.7,0.0,86100.0
2025-01-02,10466,6,7.1,7.6,0.0,53700.0
2025-01-02,10466,8,7.4,6.2,0.0,57300.0
2025-01-02,10466,11,17.3,4.5,0.0,70200.0
2025-01-02,10408,15,-4.8,14.1,0.0,20700.0
2025-01-02,10408,9,-9.4,11.1,0.0,19300.0
2025-01-02,10408,14,-4.5,13.7,0.0,21100.0
2025-01-02,10408,6,-8.9,13.7,0.0,21100.0
2025-01-02,10408,7,-9.0,12.2,0.0,21000.0
2025-01-02,10408,16,-5.0,13.3,0.0,23400.0
2025-01-02,10408,5,-8.5,14.3,0.0,21600.0
2025-01-02,10408,13,-5.1,12.8,0.0,20200.0
2025-01-02,10408,17,-6.2,10.1,0.0,19900.0
2025-01-02,10408,8,-8.9,9.9,0.0,20200.0
2025-01-02,10408,12,-6.1,13.3,0.0,19100.0
2025-01-02,14259,10,1.6,23.3,0.0,34100.0
2025-01-02,14259,17,2.8,27.2,0.0,57900.0
2025-01-02,10581,10,1.7,16.6,0.0,19300.0
2025-01-02,10581,11,1.7,20.2,0.0,22900.0
2025-01-02,10581,18,0.2,16.6,0.0,28500.0
2025-01-02,10581,13,2.2,19.2,0.0,25700.0
2025-01-02,10581,17,0.4,14.4,0.0,25800.0
2025-01-02,10581,5,1.9,11.8,0.0,13400.0
2025-01-02,10581,8,1.8,11.6,0.4,16200.0
2025-01-02,15008,11,-9.5,15.5,0.0,19400.0
2025-01-02,15295,9,-1.4,17.4,0.0,29000.0
2025-01-02,11537,10,-0.4,21.6,0.7,3500.0
2025-01-02,11537,6,0.2,18.8,0.2,1900.0
2025-01-02,14108,20,0.1,8.8,0.4,13600.0
2025-01-02,14108,10,-2.9,4.1,0.0,12200.0
2025-01-02,14108,11,-0.9,2.7,0.0,16700.0
2025-01-02,14108,14,2.8,5.4,0.0,21800.0
2025-01-02,14108,6,-3.1,6.4,0.0,14600.0
2025-01-02,14108,15,3.0,5.9,0.0,23200.0
2025-01-02,14108,18,0.7,5.8,0.7,9300.0
2025-01-02,14108,8,-4.7,4.6,0.0,12200.0
2025-01-02,12119,21,0.0,4.8,0.0,29400.0
2025-01-02,10666,7,3.5,3.3,0.0,32400.0
2025-01-02,10666,15,3.8,9.0,0.0,14300.0
2025-01-02,10666,6,2.8,8.2,0.0,30600.0
2025-01-02,10666,13,4.3,8.7,0.0,18500.0
2025-01-02,10666,5,1.7,6.8,0.0,20200.0
2025-01-02,10666,18,3.2,6.4,0.0,12800.0
2025-01-02,10666,14,3.9,7.7,0.0,15500.0
2025-01-02,13367,18,-3.0,4.2,0.0,5600.0
2025-01-02,13367,8,-5.9,4.0,0.0,15100.0
2025-01-02,13367,11,-2.6,7.0,0.0,19500.0
2025-01-02,13367,6,-4.2,4.7,0.0,16200.0
2025-01-02,13367,15,-1.8,5.6,0.4,2100.0
2025-01-02,13367,5,-3.7,2.7,0.0,15500.0
2025-01-02,13367,17,-2.6,6.5,0.4,2400.0
2025-01-02,13367,10,-3.7,3.1,0.0,14000.0
2025-01-02,12544,22,0.5,4.1,0.0,36300.0
2025-01-02,12544,19,4.5,5.2,0.0,53800.0
2025-01-02,12544,15,8.3,10.5,0.0,58100.0
2025-01-02,12544,21,1.6,4.3,0.0,40000.0
2025-01-02,11267,9,-1.0,18.1,0.0,23300.0
2025-01-02,11267,21,-0.3,5.0,0.0,20000.0
2025-01-02,11267,13,0.4,18.8,0.0,27700.0
2025-01-02,11267,7,-0.8,14.0,0.0,26300.0
2025-01-02,11267,8,-1.0,16.3,0.0,25500.0
2025-01-02,11267,6,-0.5,14.3,0.0,23900.0
2025-01-02,11267,17,2.2,16.6,0.0,30700.0
2025-01-02,11267,14,1.3,19.6,0.0,28100.0
2025-01-02,11267,11,-1.3,18.4,0.0,24400.0
2025-01-02,11267,19,0.2,4.7,0.0,22000.0
2025-01-02,12917,10,-1.2,21.7,0.0,26200.0
2025-01-02,12917,18,-0.1,12.2,0.0,28500.0
2025-01-02,12917,8,-0.6,14.5,0.0,25400.0
2025-01-02,13061,22,15.3,9.1,0.0,19200.0
2025-01-02,13061,5,15.1,6.0,0.0,28900.0
2025-01-02,13061,18,22.8,8.4,0.0,36400.0
2025-01-02,13061,14,21.3,2.3,0.0,32400.0
2025-01-02,13061,16,24.0,3.0,0.0,35500.0
2025-01-02,13061,10,15.8,7.3,0.0,34600.0
2025-01-02,14457,22,-5.4,6.6,0.0,14800.0
2025-01-02,14457,15,-5.3,4.6,0.0,16700.0
2025-01-02,14457,5,-7.7,5.1,0.0,21500.0
2025-01-02,14457,12,-4.8,14.1,0.0,18600.0
2025-01-02,14457,16,-5.6,4.0,0.0,15700.0
2025-01-02,14457,6,-7.9,0.8,0.0,19500.0
2025-01-02,14457,7,-7.7,2.9,0.0,18000.0
2025-01-02,14457,13,-5.1,11.3,0.0,16400.0
2025-01-02,14457,18,-6.4,4.3,0.0,17000.0
2025-01-02,14457,8,-5.8,2.9,0.0,18900.0
2025-01-02,12003,19,-12.5,4.9,0.0,17100.0
2025-01-02,12003,5,-14.1,1.4,0.0,15000.0
2025-01-02,12003,13,-11.4,6.1,0.0,14700.0
2025-01-02,12003,14,-10.8,7.1,0.0,16800.0
2025-01-02,12003,7,-14.4,5.1,0.0,16900.0
2025-01-02,13433,12,-18.1,20.8,0.0,23300.0
2025-01-02,13433,16,-16.0,21.9,0.0,25800.0
2025-01-02,13433,7,-16.6,20.5,0.0,26400.0
2025-01-02,13433,15,-15.9,25.0,0.0,1600.0
2025-01-02,14716,14,13.4,2.7,0.0,21300.0
2025-01-02,14716,22,8.8,6.5,0.0,13700.0
2025-01-02,14905,15,23.1,10.5,0.0,71300.0
2025-01-02,12265,20,-1.5,25.4,0.0,27800.0
2025-01-02,12265,18,-1.5,26.1,0.0,27000.0
2025-01-02,10980,8,-1.6,2.2,0.0,18100.0
2025-01-02,10980,17,9.1,3.6,0.0,54700.0
2025-01-02,10980,5,-1.3,3.8,0.0,22200.0
2025-01-02,10980,7,-1.5,2.8,0.0,18600.0
2025-01-02,10980,14,6.6,2.6,0.0,38400.0
2025-01-02,10980,12,3.3,9.6,0.0,27800.0
2025-01-02,10980,6,-1.0,4.0,0.0,23100.0
2025-01-02,12402,6,18.5,9.1,0.0,24140.0
2025-01-02,12402,7,17.9,8.8,0.0,24140.0
2025-01-02,12402,8,19.1,10.1,0.0,24080.0
2025-01-02,12402,9,21.9,5.9,0.0,24140.0
2025-01-02,12402,10,23.1,4.1,0.0,23840.0
2025-01-02,12402,11,23.9,7.5,0.0,24140.0
2025-01-02,12402,12,24.3,10.0,0.0,24140.0
2025-01-02,12402,13,24.3,10.9,0.0,23440.0
2025-01-02,12402,15,23.2,14.5,0.0,23920.0
2025-01-02,12402,16,23.0,12.9,0.0,24140.0
2025-01-02,12402,17,22.4,9.9,0.0,24140.0
2025-01-02,12402,18,21.3,6.6,0.1,24140.0
2025-01-02,12402,19,20.6,4.9,0.0,23740.0
2025-01-02,14222,23,26.2,15.5,0.7,24140.0
2025-01-02,11111,7,-0.5,5.4,0.0,18500.0
2025-01-02,11111,12,4.2,11.9,0.0,24900.0
2025-01-02,11111,5,-2.6,4.6,0.0,18500.0
2025-01-02,11111,19,3.4,4.7,0.0,25100.0
2025-01-02,13377,5,0.6,3.8,0.0,14100.0
2025-01-02,13377,18,13.3,3.1,0.0,41400.0
2025-01-02,13377,10,4.1,5.8,0.0,17300.0
2025-01-02,12124,14,11.9,6.1,0.0,43200.0
2025-01-02,12124,17,13.1,8.5,0.0,53300.0
2025-01-02,12124,12,8.9,5.8,0.0,31300.0
2025-01-02,10136,18,19.1,7.6,0.0,59400.0
2025-01-02,10136,10,5.4,12.0,0.0,22100.0
2025-01-02,10136,6,1.8,8.3,0.0,20200.0
2025-01-02,10136,5,1.2,8.0,0.0,19500.0
2025-01-02,10136,14,16.6,16.7,0.0,44100.0
2025-01-02,11140,12,15.0,14.0,0.0,11100.0
2025-01-02,11140,16,19.0,16.1,0.0,16700.0
2025-01-02,11140,18,18.5,13.6,0.0,15000.0
2025-01-02,11140,10,17.6,14.5,0.0,14900.0
2025-01-02,11140,6,15.9,13.1,0.0,21400.0
2025-01-02,11140,5,15.3,13.0,0.0,18600.0
2025-01-02,11140,8,17.4,13.0,0.0,19700.0
2025-01-02,11140,9,16.2,9.7,0.0,12200.0
2025-01-02,11140,11,15.8,14.2,0.7,16400.0
2025-01-02,11140,20,18.1,8.7,0.0,15000.0
2025-01-02,11921,12,4.3,0.8,0.0,42600.0
2025-01-02,11921,6,-2.7,6.8,0.0,26100.0
2025-01-02,11921,11,1.8,3.7,0.0,33400.0
2025-01-02,11921,5,-2.7,4.6,0.0,27700.0
2025-01-02,11921,13,5.9,4.2,0.0,54200.0
2025-01-02,11921,15,8.8,3.2,0.0,66700.0
2025-01-02,11921,18,6.7,3.7,0.0,71800.0
2025-01-02,11921,7,-3.3,2.0,0.0,23300.0
2025-01-02,13459,6,-6.5,17.4,0.0,23100.0
2025-01-02,13459,16,-4.2,16.8,0.0,29500.0
2025-01-02,13422,17,14.0,5.5,0.0,37800.0
2025-01-02,13422,5,3.8,4.0,0.0,15500.0
2025-01-02,13422,13,12.8,5.9,0.0,31700.0
2025-01-02,11867,5,-6.7,4.9,0.0,15700.0
2025-01-02,11867,15,9.4,10.6,0.0,54600.0
2025-01-02,10747,14,22.0,8.4,0.0,16400.0
2025-01-02,10747,10,18.9,12.0,0.0,200.0
2025-01-02,10747,5,19.0,9.8,0.0,200.0
2025-01-02,10747,17,24.0,3.0,0.0,22000.0
2025-01-02,10747,19,22.6,4.3,0.0,19000.0
2025-01-02,11982,6,3.3,3.8,0.0,19200.0
2025-01-02,11982,10,6.3,1.8,0.0,14800.0
2025-01-02,11982,17,17.8,16.0,0.0,37400.0
2025-01-02,11982,5,3.4,3.0,0.0,19400.0
2025-01-02,11982,12,10.5,10.3,0.0,24000.0
2025-01-02,11778,10,2.0,8.4,0.0,14600.0
2025-01-02,11778,18,10.0,4.2,0.0,26600.0
2025-01-02,11778,6,-0.2,3.2,0.0,13700.0
2025-01-02,14814,6,2.9,2.2,0.0,13300.0
2025-01-02,14814,17,14.1,6.0,0.0,36200.0
2025-01-02,14814,8,2.5,1.3,0.0,12700.0
2025-01-02,14814,15,13.5,6.9,0.0,34500.0
2025-01-02,14814,12,9.4,8.7,0.0,23200.0
2025-01-02,14814,10,4.7,7.7,0.0,15600.0
2025-01-02,14814,13,11.1,7.5,0.0,26300.0
2025-01-02,14814,7,2.8,3.2,0.0,13400.0
2025-01-02,14814,18,12.6,6.3,0.0,34400.0
2025-01-02,14814,11,7.3,7.9,0.0,19100.0
2025-01-02,14960,6,-2.6,6.8,0.0,15700.0
2025-01-02,14960,14,14.7,15.1,0.0,41200.0
2025-01-02,12951,5,5.3,7.4,0.0,17900.0
2025-01-02,12951,16,17.7,1.9,0.0,32100.0
2025-01-02,12951,13,15.6,3.3,0.0,32900.0
2025-01-02,12951,10,8.2,9.8,0.0,18300.0
2025-01-02,12951,7,5.2,5.9,0.0,16200.0
2025-01-02,12951,18,16.4,4.7,0.0,35400.0
2025-01-02,15023,12,12.2,5.1,0.0,13500.0
2025-01-02,15023,13,13.4,4.3,0.0,14300.0
2025-01-02,15023,11,11.2,1.5,0.0,13200.0
2025-01-02,15023,19,12.3,4.9,0.0,16600.0
2025-01-02,15023,17,14.9,11.0,0.0,19400.0
2025-01-02,15023,6,7.7,2.3,0.0,12200.0
2025-01-02,15023,10,9.2,1.6,0.0,12200.0
2025-01-02,15023,8,8.1,1.8,0.0,12200.0
2025-01-02,15023,14,15.0,2.6,0.0,17400.0
2025-01-02,15023,16,16.7,4.5,0.0,19300.0
2025-01-02,10158,14,5.0,25.2,0.0,35100.0
2025-01-02,10158,17,2.2,23.8,0.0,34700.0
2025-01-02,10158,7,0.6,19.6,0.0,30200.0
2025-01-02,10158,19,0.7,21.3,0.0,31400.0
2025-01-02,10158,15,4.5,28.1,0.0,36100.0
2025-01-02,10158,6,0.7,22.4,0.0,27900.0
2025-01-02,10158,10,1.7,18.8,0.0,28800.0
2025-01-02,12898,12,-2.3,24.7,0.0,25100.0
2025-01-02,10208,16,12.0,5.2,0.0,63800.0
2025-01-02,10208,18,10.8,5.6,0.0,62500.0
2025-01-02,10208,5,1.1,5.4,0.0,19700.0
2025-01-02,10208,7,0.1,2.5,0.0,20200.0
2025-01-02,10208,14,9.9,4.7,0.0,46000.0
2025-01-02,13296,12,3.0,34.6,0.0,41000.0
2025-01-02,13296,5,1.6,20.2,0.0,27700.0
2025-01-02,13296,16,4.8,32.1,0.0,64200.0
2025-01-02,13296,17,3.5,26.5,0.0,58100.0
2025-01-02,13296,11,2.1,33.1,0.0,39200.0
2025-01-02,13296,15,4.8,31.4,0.0,57400.0
2025-01-02,13296,7,1.1,30.9,0.0,33400.0
2025-01-02,13296,18,2.5,23.0,0.0,54200.0
2025-01-02,13296,13,3.8,34.7,0.0,45500.0
2025-01-02,11641,19,5.3,3.1,0.0,42600.0
2025-01-02,14487,15,13.2,9.7,0.0,20300.0
2025-01-02,14487,18,11.4,7.1,0.0,15300.0
2025-01-02,14487,10,9.1,2.5,0.0,15200.0
2025-01-02,14487,5,7.1,5.4,0.0,17700.0
2025-01-02,14487,20,10.7,6.1,0.0,15200.0
2025-01-02,10372,14,1.1,6.2,0.0,24700.0
2025-01-02,10372,12,-0.6,8.7,0.0,19300.0
2025-01-02,10372,13,0.6,6.0,0.0,23400.0
2025-01-02,10372,10,-1.8,7.4,0.0,16400.0
2025-01-02,10372,8,-4.2,7.4,0.0,13900.0
2025-01-02,10372,15,1.7,5.4,0.0,29500.0
2025-01-02,10372,7,-4.3,4.0,0.0,8600.0
2025-01-02,10372,16,2.5,2.9,0.0,31700.0
2025-01-02,10372,11,-1.8,6.3,0.0,14900.0
2025-01-02,10372,9,-3.9,9.2,0.0,13900.0
2025-01-02,10372,18,-1.8,7.2,0.0,20400.0
2025-01-02,10372,19,-3.0,9.6,0.0,18800.0
2025-01-02,13127,7,3.5,5.6,0.0,17300.0
2025-01-02,13127,12,5.6,3.3,0.0,19400.0
2025-01-02,13127,5,3.4,2.5,0.0,15300.0
2025-01-02,15389,6,0.8,8.1,0.0,14900.0
2025-01-02,15389,13,6.8,3.6,0.0,18300.0
2025-01-02,14113,13,3.6,5.9,0.0,22100.0
2025-01-02,14113,6,1.1,20.5,0.0,24300.0
2025-01-02,13277,6,0.6,3.2,0.0,13700.0
2025-01-02,13277,16,13.8,4.4,0.0,73200.0
2025-01-02,13277,9,2.8,8.3,0.0,14700.0
2025-01-02,13277,12,10.0,5.1,0.0,39200.0
2025-01-02,13277,17,13.4,4.5,0.0,72700.0
2025-01-02,14633,18,-5.9,15.2,0.0,21900.0
2025-01-02,14633,5,-9.7,3.6,0.0,16100.0
2025-01-02,10469,6,-3.5,17.8,0.0,21900.0
2025-01-02,10469,14,-2.6,17.0,0.0,24900.0
2025-01-02,12156,13,-2.2,0.8,0.0,19300.0
2025-01-02,12156,5,-6.8,1.6,0.0,18000.0
2025-01-02,12156,6,-6.8,3.5,0.0,19800.0
2025-01-02,12156,14,-1.4,2.6,0.0,20800.0
2025-01-02,11337,10,-10.0,13.1,0.0,21600.0
2025-01-02,11337,5,-10.6,17.9,0.0,22000.0
2025-01-02,11337,15,-7.4,17.6,0.0,26000.0
2025-01-02,11337,7,-10.4,19.7,0.0,22400.0
2025-01-02,12884,5,-3.2,14.4,0.0,19300.0
2025-01-02,12884,14,-3.2,16.9,0.0,20100.0
2025-01-02,12129,10,-12.9,12.4,0.0,17400.0
2025-01-02,12129,18,-13.6,11.4,0.0,17600.0
2025-01-02,11013,15,-2.6,21.4,0.0,4300.0
2025-01-02,11013,7,-2.6,16.2,3.6,200.0
2025-01-02,14794,6,0.4,2.8,0.0,51500.0
2025-01-02,14794,11,4.5,0.4,0.0,50300.0
2025-01-02,14794,15,13.9,3.9,0.0,69100.0
2025-01-02,14794,20,9.6,3.4,0.0,70600.0
2025-01-02,14794,17,14.8,4.4,0.0,69100.0
2025-01-02,14794,5,0.5,4.7,0.0,54500.0
2025-01-02,14794,13,9.5,4.0,0.0,58100.0
2025-01-02,14794,12,7.2,3.2,0.0,55100.0
2025-01-02,10141,6,-10.0,11.1,0.0,19300.0
2025-01-02,10141,14,-7.1,18.6,0.0,24800.0
2025-01-02,11587,15,-4.3,16.2,0.0,27300.0
2025-01-02,11587,6,-7.0,17.5,0.0,23600.0
2025-01-02,12343,10,-14.1,9.4,0.0,16000.0
2025-01-02,12343,18,-12.9,12.1,0.0,21200.0
2025-01-02,10333,19,-3.5,16.9,0.0,24500.0
2025-01-02,10333,14,-1.7,20.5,0.0,21300.0
2025-01-02,16869,17,-15.0,15.3,0.0,23400.0
2025-01-02,16869,12,-17.0,10.4,0.0,1700.0
2025-01-02,16869,7,-19.6,4.5,0.0,17800.0
2025-01-02,16869,11,-18.6,11.7,0.0,1900.0
2025-01-02,16869,15,-14.4,17.4,0.0,21900.0
2025-01-02,16869,18,-15.4,12.4,0.0,21900.0
2025-01-02,10739,10,-12.1,13.2,0.0,17200.0
2025-01-02,10739,18,-11.2,15.9,0.0,21300.0
2025-01-02,10631,14,-13.7,16.2,0.0,19900.0
2025-01-02,10631,6,-14.1,13.5,0.0,18200.0
2025-01-02,14520,6,-10.8,9.4,0.0,21100.0
2025-01-02,14520,10,-10.6,11.2,0.0,18400.0
2025-01-02,10918,19,8.8,4.6,0.0,60100.0
2025-01-02,10918,9,3.9,13.4,0.0,54800.0
2025-01-02,11525,6,3.6,8.9,0.0,18100.0
2025-01-02,10779,18,-2.8,6.4,0.0,20500.0
2025-01-02,10779,11,-5.9,4.2,0.0,15600.0
2025-01-02,14150,17,-2.9,15.5,0.0,25700.0
2025-01-02,14150,10,-4.0,13.8,0.0,17200.0
2025-01-02,10990,6,0.1,6.4,0.0,31100.0
2025-01-02,10990,17,4.9,9.2,0.0,40400.0
2025-01-02,11122,13,-2.8,10.4,0.0,19800.0
2025-01-02,11122,18,-5.6,9.5,0.0,12600.0
2025-01-02,11122,11,-5.8,4.3,0.0,18900.0
2025-01-02,11122,5,-7.4,1.8,0.0,16600.0
2025-01-02,11122,15,-0.7,10.4,0.0,26000.0
2025-01-02,11122,7,-8.3,2.9,0.0,15800.0
2025-01-02,11413,11,1.6,3.1,0.0,40900.0
2025-01-02,11413,12,3.7,1.9,0.0,44600.0
2025-01-02,11413,16,8.8,8.0,0.0,55200.0
2025-01-02,11413,17,8.8,11.3,0.0,56300.0
2025-01-02,11413,5,-4.5,6.0,0.0,34100.0
2025-01-02,11413,15,8.5,6.5,0.0,52000.0
2025-01-02,11413,6,-4.4,2.5,0.0,35300.0
2025-01-02,11413,18,5.6,8.8,0.0,54200.0
2025-01-02,11413,7,-4.5,1.5,0.0,38400.0
2025-01-02,11413,13,5.8,4.7,0.0,50900.0
2025-01-02,16218,11,18.6,9.2,0.0,78700.0
2025-01-02,16218,19,15.8,5.4,0.0,78800.0
2025-01-02,16218,15,23.8,11.9,0.0,90000.0
2025-01-02,16218,7,7.5,5.4,0.0,60500.0
2025-01-02,16218,13,22.4,10.8,0.0,87900.0
2025-01-02,11695,12,12.6,7.1,0.0,67500.0
2025-01-02,11695,5,0.6,2.3,0.0,61100.0
2025-01-02,11695,14,15.2,5.3,0.0,75600.0
2025-01-02,11695,6,-1.6,12.2,0.0,70000.0
2025-01-02,11695,11,10.7,8.2,0.0,65800.0
2025-01-02,11695,13,14.1,6.0,0.0,70500.0
2025-01-02,15074,6,-0.5,7.1,0.0,20700.0
2025-01-02,15074,14,10.1,8.9,0.0,32000.0
2025-01-02,15401,6,-0.5,5.0,0.0,14300.0
2025-01-02,15401,14,13.2,5.0,0.0,39500.0
2025-01-02,14842,5,0.3,2.3,0.0,18500.0
2025-01-02,14842,10,2.1,3.4,0.0,15000.0
2025-01-02,14842,18,20.3,11.2,0.0,64700.0
2025-01-02,12915,18,16.1,4.7,0.0,25700.0
2025-01-02,12915,12,14.0,7.6,0.0,31300.0
2025-01-02,12915,5,6.1,6.3,0.0,16900.0
2025-01-02,12511,7,0.0,6.1,0.0,23700.0
2025-01-02,12511,18,8.4,4.0,0.0,32500.0
2025-01-02,12888,10,1.0,32.8,0.0,34300.0
2025-01-02,12888,18,0.4,10.4,0.0,40800.0
2025-01-02,12899,19,-2.2,1.9,0.0,23300.0
2025-01-02,12899,11,-4.5,7.8,0.0,12200.0
2025-01-02,11288,10,-1.8,5.7,0.0,14500.0
2025-01-02,11288,15,4.6,14.1,0.0,28300.0
2025-01-02,11447,18,-16.9,17.6,0.0,22400.0
2025-01-02,11447,11,-15.5,22.4,0.0,19300.0
2025-01-02,12519,17,-14.5,23.5,0.0,26100.0
2025-01-02,12519,13,-13.4,24.2,0.0,21000.0
2025-01-02,12559,14,-1.8,11.8,0.0,20700.0
2025-01-02,12559,6,-3.8,11.8,0.0,20600.0
2025-01-02,12255,19,-0.4,16.9,0.0,18800.0
2025-01-02,12255,6,-5.5,5.4,0.0,16700.0
2025-01-02,12902,11,-0.2,17.4,0.0,15900.0
2025-01-02,12902,19,6.4,9.2,0.0,48700.0
2025-01-02,10558,9,-4.0,3.6,0.0,26500.0
2025-01-02,10558,18,-2.5,6.9,0.0,17200.0
2025-01-02,11233,6,-2.9,8.4,0.0,12300.0
2025-01-02,11233,14,5.0,29.9,0.0,40600.0
2025-01-02,11865,14,-3.2,1.8,0.0,27400.0
2025-01-02,11865,5,-13.6,7.4,0.0,19300.0
2025-01-02,11725,14,-2.6,9.7,0.0,21600.0
2025-01-02,11725,10,-5.2,8.0,0.4,1300.0
2025-01-02,14812,5,-11.7,1.8,0.0,15700.0
2025-01-02,14812,11,-6.7,2.1,0.0,14900.0
2025-01-02,15569,5,12.4,6.8,0.0,21900.0
2025-01-02,15569,16,15.1,11.4,0.0,12400.0
2025-01-02,11471,5,-7.4,5.5,0.0,19500.0
2025-01-02,11471,12,-6.7,12.0,0.0,19100.0
2025-01-02,14543,14,4.9,31.7,0.0,36900.0
2025-01-02,14543,5,0.8,36.3,0.0,20800.0
2025-01-02,13241,8,-0.6,2.7,0.0,16200.0
2025-01-02,13241,13,10.4,3.1,0.0,37600.0
2025-01-02,14237,18,13.9,8.3,0.0,81000.0
2025-01-02,14237,9,5.3,10.6,0.0,64800.0
2025-01-02,15048,7,-3.9,10.0,0.0,14000.0
2025-01-02,15048,15,-2.2,11.3,0.0,22700.0
2025-01-02,13211,10,-7.3,9.9,0.0,16800.0
2025-01-02,13211,14,-3.2,16.8,0.0,28200.0
2025-01-02,11315,17,-13.1,10.2,0.0,21300.0
2025-01-02,11315,8,-16.8,8.4,0.0,16300.0
2025-01-02,11097,7,-6.1,2.0,0.0,14600.0
2025-01-02,11097,13,-1.7,2.9,0.0,24400.0
2025-01-02,14877,6,0.4,11.7,0.0,24800.0
2025-01-02,14877,18,4.9,22.1,0.0,27500.0
2025-01-02,13282,6,-1.0,16.4,0.0,23100.0
2025-01-02,13282,11,-0.3,19.5,0.0,29400.0
2025-01-02,11468,6,-2.4,8.9,0.0,20500.0
2025-01-02,11468,15,-0.6,17.4,0.0,17000.0
2025-01-02,11283,11,-0.5,10.0,0.0,17300.0
2025-01-02,11283,19,4.4,13.8,0.0,44800.0
2025-01-02,13029,9,-3.5,4.3,0.0,16800.0
2025-01-02,13029,17,-0.7,13.2,0.0,18200.0
2025-01-02,13029,6,-1.5,6.8,0.0,19900.0
2025-01-02,13029,13,0.5,23.2,0.0,17600.0
2025-01-02,13029,11,-0.4,14.8,0.0,13900.0
2025-01-02,13029,15,-0.2,18.3,0.0,16500.0
2025-01-02,10617,14,14.8,8.4,0.0,62200.0
2025-01-02,10617,12,11.0,4.3,0.0,55600.0
2025-01-02,12177,7,-2.2,8.0,0.0,22500.0
2025-01-02,12177,8,-1.7,9.0,0.0,22300.0
2025-01-02,14711,10,-0.2,18.2,0.0,28800.0
2025-01-02,14674,13,10.1,30.6,0.0,65300.0
2025-01-02,14674,18,7.7,16.6,0.0,73300.0
2025-01-02,14674,10,6.4,24.5,0.0,61000.0
2025-01-02,14674,7,-0.1,12.1,0.0,61600.0
2025-01-02,14674,6,0.6,15.3,0.0,69500.0
2025-01-02,14674,12,10.0,21.3,0.0,66900.0
2025-01-02,14674,16,10.5,28.2,0.0,72600.0
2025-01-02,15411,6,2.4,4.6,0.0,17000.0
2025-01-02,15411,10,5.6,6.8,0.0,13700.0
2025-01-02,15411,18,13.4,5.8,0.0,30300.0
2025-01-02,10155,5,2.4,3.5,0.0,21900.0
2025-01-02,10155,10,4.3,2.6,0.0,15400.0
2025-01-02,10155,18,14.2,12.9,0.0,30000.0
2025-01-02,10185,5,3.0,3.1,0.0,14100.0
2025-01-02,10185,11,8.5,7.2,0.0,18700.0
2025-01-02,10185,18,14.8,4.9,0.0,34700.0
2025-01-02,14588,17,19.7,9.8,0.0,90000.0
2025-01-02,14588,5,-2.1,4.7,0.0,17000.0
2025-01-02,14588,12,10.6,6.3,0.0,47800.0
2025-01-02,11905,6,1.9,4.4,0.0,12600.0
2025-01-02,11905,14,13.3,5.8,0.0,29000.0
2025-01-02,12016,8,27.8,21.1,0.0,24140.0
2025-01-02,12016,7,26.4,17.3,0.0,24140.0
2025-01-02,14955,9,27.3,20.4,0.0,24140.0
2025-01-03,12478,6,0.1,18.9,0.0,36500.0
2025-01-03,12478,17,2.6,20.5,0.0,44500.0
2025-01-03,12478,18,1.6,17.3,0.0,42000.0
2025-01-03,12478,15,3.8,21.2,0.0,44400.0
2025-01-03,12478,19,1.1,17.9,0.0,36900.0
2025-01-03,12478,7,0.4,21.1,0.0,38200.0
2025-01-03,12478,14,3.7,20.9,0.0,42600.0
2025-01-03,12478,9,0.2,18.4,0.0,35900.0
2025-01-03,12478,21,-0.2,13.4,0.0,29900.0
2025-01-03,12478,8,0.1,18.6,0.0,35600.0
2025-01-03,12478,12,2.8,23.7,0.0,42900.0
2025-01-03,12478,16,3.4,19.5,0.0,43200.0
2025-01-03,12478,11,2.0,22.1,0.0,40400.0
2025-01-03,12478,10,0.9,20.3,0.0,36200.0
2025-01-03,12478,5,0.3,22.1,0.0,47000.0
2025-01-03,12478,13,3.5,22.1,0.0,43800.0
2025-01-03,12478,20,0.6,15.9,0.0,33600.0
2025-01-03,12478,22,-0.6,14.5,0.0,25500.0
2025-01-03,12478,23,-1.2,13.7,0.0,26400.0
2025-01-03,12892,22,12.1,2.6,0.0,14900.0
2025-01-03,12892,8,10.4,2.7,0.0,200.0
2025-01-03,12892,7,10.8,5.9,0.0,200.0
2025-01-03,12892,10,11.1,1.8,0.0,200.0
2025-01-03,12892,16,18.7,7.6,0.0,37800.0
2025-01-03,12892,9,10.1,4.5,0.0,200.0
2025-01-03,12892,12,14.1,3.6,0.0,2600.0
2025-01-03,12892,14,16.9,8.7,0.0,25900.0
2025-01-03,12892,11,12.4,3.0,0.0,200.0
2025-01-03,12892,13,15.6,7.3,0.0,21000.0
2025-01-03,12892,17,17.9,8.3,0.0,32400.0
2025-01-03,12892,21,11.8,5.5,0.0,12200.0
2025-01-03,12892,19,12.9,9.1,0.0,16500.0
2025-01-03,12892,23,12.1,7.3,0.0,16200.0
2025-01-03,12892,0,9.5,5.1,0.0,13500.0
2025-01-03,12892,6,9.8,3.8,0.0,200.0
2025-01-03,12892,18,14.9,10.1,0.0,24500.0
2025-01-03,12892,15,17.6,5.9,0.0,30400.0
2025-01-03,12892,5,11.2,1.1,0.0,1100.0
2025-01-03,12892,1,9.6,4.0,0.0,200.0
2025-01-03,12892,20,11.8,4.7,0.0,12200.0
2025-01-03,13485,6,-8.9,18.3,0.0,22100.0
2025-01-03,13485,11,-9.1,20.7,0.0,900.0
2025-01-03,13485,16,-5.8,18.4,0.0,32800.0
2025-01-03,13485,7,-9.4,17.5,0.0,22200.0
2025-01-03,13485,17,-6.1,18.9,0.0,39100.0
2025-01-03,13485,13,-7.8,22.8,0.0,24100.0
2025-01-03,13485,10,-10.0,20.8,0.0,20100.0
2025-01-03,13485,14,-7.0,22.8,0.0,26800.0
2025-01-03,13485,15,-6.4,21.3,0.0,29600.0
2025-01-03,13485,12,-8.4,22.1,0.0,22700.0
2025-01-03,13485,8,-10.0,18.9,0.0,20900.0
2025-01-03,14100,18,0.6,8.3,0.0,17000.0
2025-01-03,14100,21,-0.6,6.2,0.0,16500.0
2025-01-03,14100,10,-0.2,17.9,0.0,35600.0
2025-01-03,14100,20,-0.2,10.1,0.0,16900.0
2025-01-03,14100,8,-2.3,11.2,0.0,30300.0
2025-01-03,14100,13,2.1,17.5,0.0,37400.0
2025-01-03,14100,16,2.9,11.9,0.0,34200.0
2025-01-03,14100,6,-0.4,12.9,0.0,37900.0
2025-01-03,14100,11,0.4,18.0,0.0,34600.0
2025-01-03,14100,14,2.8,17.7,0.0,38600.0
2025-01-03,14100,15,3.1,12.9,0.0,34500.0
2025-01-03,14100,9,-1.2,11.4,0.0,30800.0
2025-01-03,14100,12,1.4,17.4,0.0,36400.0
2025-01-03,14100,7,-1.0,10.0,0.0,33400.0
2025-01-03,14100,5,0.2,14.6,0.0,40300.0
2025-01-03,14100,17,2.5,10.5,0.0,33300.0
2025-01-03,14100,19,0.2,8.0,0.0,15100.0
2025-01-03,14100,22,-1.3,7.0,0.0,15500.0
2025-01-03,13930,8,-5.5,17.1,0.0,20900.0
2025-01-03,13930,20,-6.0,14.0,0.0,33400.0
2025-01-03,13930,11,-5.2,20.5,0.0,27500.0
2025-01-03,13930,12,-4.7,17.7,0.0,26900.0
2025-01-03,13930,21,-6.5,9.4,0.0,30800.0
2025-01-03,13930,18,-5.2,16.3,0.0,35900.0
2025-01-03,13930,15,-4.2,20.4,0.0,28900.0
2025-01-03,13930,10,-5.7,19.4,0.0,22900.0
2025-01-03,13930,17,-4.6,19.8,0.0,32900.0
2025-01-03,13930,6,-4.9,8.6,0.0,18700.0
2025-01-03,13930,16,-4.3,20.7,0.0,33200.0
2025-01-03,13930,13,-4.3,19.1,0.0,28300.0
2025-01-03,13930,19,-5.8,13.0,0.0,33600.0
2025-01-03,13930,7,-5.2,13.1,0.0,19000.0
2025-01-03,13930,14,-4.1,19.7,0.0,30900.0
2025-01-03,13930,9,-5.8,14.9,0.0,23000.0
2025-01-03,13930,5,-5.0,10.4,0.0,18700.0
2025-01-03,13930,22,-6.9,14.6,0.0,32600.0
2025-01-03,11109,16,16.3,6.0,0.0,90000.0
2025-01-03,11109,10,1.0,8.8,0.0,22800.0
2025-01-03,11109,5,-5.1,7.4,0.0,17100.0
2025-01-03,11109,13,14.3,2.6,0.0,80000.0
2025-01-03,11109,8,-5.4,6.1,0.0,20400.0
2025-01-03,11109,15,16.3,5.9,0.0,89200.0
2025-01-03,11109,17,14.8,6.1,0.0,88500.0
2025-01-03,11109,18,10.0,8.1,0.0,76400.0
2025-01-03,11109,6,-4.7,5.7,0.0,21100.0
2025-01-03,11109,12,11.7,1.9,0.0,70000.0
2025-01-03,11109,7,-4.5,10.2,0.0,24800.0
2025-01-03,11109,9,-3.5,7.3,0.0,27900.0
2025-01-03,11109,11,6.9,1.3,0.0,42300.0
2025-01-03,11298,15,16.9,9.0,0.0,34700.0
2025-01-03,11298,20,15.9,6.8,0.0,36600.0
2025-01-03,11298,14,16.0,10.1,0.0,29400.0
2025-01-03,11298,17,17.2,8.3,0.0,32600.0
2025-01-03,11298,9,6.4,5.8,0.0,13200.0
2025-01-03,11298,16,17.2,7.1,0.0,35700.0
2025-01-03,11298,21,14.1,4.1,0.0,35000.0
2025-01-03,11298,7,6.1,6.7,0.0,13500.0
2025-01-03,11298,18,16.5,5.2,0.0,38100.0
2025-01-03,11298,12,12.6,9.4,0.0,21900.0
2025-01-03,11298,19,15.3,5.6,0.0,38700.0
2025-01-03,11298,13,14.7,12.1,0.0,25700.0
2025-01-03,11298,22,14.7,3.9,0.0,27600.0
2025-01-03,11298,8,6.1,7.0,0.0,13500.0
2025-01-03,11298,11,10.4,7.9,0.0,15400.0
2025-01-03,11298,10,7.9,7.1,0.0,13400.0
2025-01-03,11298,5,5.8,4.0,0.0,12200.0
2025-01-03,11298,6,6.2,0.8,0.0,16100.0
2025-01-03,11298,23,14.1,8.7,0.0,32400.0
2025-01-03,11057,20,4.9,20.4,0.0,48200.0
2025-01-03,11057,21,3.6,15.9,0.0,38000.0
2025-01-03,11057,16,9.8,24.1,0.0,52900.0
2025-01-03,11057,7,-0.2,4.0,0.0,23700.0
2025-01-03,11057,13,8.6,14.8,0.0,51500.0
2025-01-03,11057,14,10.3,17.7,0.0,66200.0
2025-01-03,11057,22,3.2,20.7,0.0,53600.0
2025-01-03,11057,18,7.2,20.4,0.0,60300.0
2025-01-03,11057,9,-0.3,1.3,0.0,17500.0
2025-01-03,11057,11,4.0,5.0,0.0,28100.0
2025-01-03,11057,19,6.2,17.4,0.0,48800.0
2025-01-03,11057,8,-0.5,2.2,0.0,16100.0
2025-01-03,11057,12,7.1,11.0,0.0,42300.0
2025-01-03,11057,10,1.7,1.8,0.0,20700.0
2025-01-03,11057,15,10.6,22.3,0.0,68300.0
2025-01-03,11057,17,8.3,25.2,0.0,45200.0
2025-01-03,11057,23,2.4,19.2,0.0,61900.0
2025-01-03,11057,5,-0.8,4.7,0.0,22300.0
2025-01-03,11057,6,-0.1,3.4,0.0,24000.0
2025-01-03,12953,19,1.1,17.9,0.0,36900.0
2025-01-03,12953,9,0.2,18.4,0.0,35900.0
2025-01-03,12953,16,3.4,19.5,0.0,43200.0
2025-01-03,12953,5,0.3,22.1,0.0,47000.0
2025-01-03,12953,18,1.6,17.3,0.0,42000.0
2025-01-03,12953,11,2.0,22.1,0.0,40400.0
2025-01-03,12953,6,0.1,18.9,0.0,36500.0
2025-01-03,12953,7,0.4,21.1,0.0,38200.0
2025-01-03,12953,17,2.6,20.5,0.0,44500.0
2025-01-03,12953,12,2.8,23.7,0.0,42900.0
2025-01-03,12953,10,0.9,20.3,0.0,36200.0
2025-01-03,12953,20,0.6,15.9,0.0,33600.0
2025-01-03,12953,14,3.7,20.9,0.0,42600.0
2025-01-03,12953,13,3.5,22.1,0.0,43800.0
2025-01-03,12953,15,3.8,21.2,0.0,44400.0
2025-01-03,12953,8,0.1,18.6,0.0,35600.0
2025-01-03,12953,21,-0.2,13.4,0.0,29900.0
2025-01-03,12953,22,-0.6,14.5,0.0,25500.0
2025-01-03,11503,11,-4.9,2.2,0.0,12200.0
2025-01-03,11503,8,-10.8,6.6,0.0,12200.0
2025-01-03,11503,12,-3.6,4.4,0.0,12300.0
2025-01-03,11503,10,-6.6,3.9,0.0,12200.0
2025-01-03,11503,14,4.4,2.9,0.0,36800.0
2025-01-03,11503,17,5.2,6.9,0.0,51600.0
2025-01-03,11503,15,5.6,0.7,0.0,45100.0
2025-01-03,11503,13,0.8,1.1,0.0,20500.0
2025-01-03,11503,7,-8.4,3.9,0.0,12500.0
2025-01-03,11503,9,-9.4,6.2,0.0,12200.0
2025-01-03,13303,12,21.7,6.0,0.0,20300.0
2025-01-03,13303,19,19.9,7.7,0.0,28600.0
2025-01-03,13303,17,24.5,8.2,0.0,40400.0
2025-01-03,13303,8,14.8,9.7,0.0,14400.0
2025-01-03,13303,21,17.7,9.7,0.0,42800.0
2025-01-03,13303,20,19.1,8.4,0.0,33200.0
2025-01-03,13303,7,14.6,8.7,0.0,15800.0
2025-01-03,13303,18,22.6,9.4,0.0,37900.0
2025-01-03,13303,5,15.4,7.8,0.0,13500.0
2025-01-03,13303,11,19.9,8.7,0.0,18500.0
2025-01-03,13303,9,15.6,6.4,0.0,14700.0
2025-01-03,13303,16,25.0,9.8,0.0,40800.0
2025-01-03,13303,13,23.2,7.5,0.0,28800.0
2025-01-03,13303,15,24.8,5.1,0.0,38000.0
2025-01-03,13303,22,16.3,8.6,0.0,38400.0
2025-01-03,13303,14,24.2,2.5,0.0,31900.0
2025-01-03,13303,6,15.0,9.1,0.0,13700.0
2025-01-03,13303,23,14.9,11.0,0.0,33500.0
2025-01-03,13303,10,17.7,8.0,0.0,15400.0
2025-01-03,14107,7,8.6,9.1,0.0,65300.0
2025-01-03,14107,5,8.9,8.0,0.0,62300.0
2025-01-03,14107,9,11.7,4.0,0.0,63900.0
2025-01-03,14107,11,18.2,6.6,0.0,72700.0
2025-01-03,14107,8,8.6,6.3,0.0,66200.0
2025-01-03,14107,16,25.3,2.0,0.0,90000.0
2025-01-03,14107,17,23.3,5.2,0.0,90000.0
2025-01-03,14107,10,14.8,6.7,0.0,62100.0
2025-01-03,14107,22,14.4,5.2,0.0,77000.0
2025-01-03,14107,13,23.6,3.2,0.0,90000.0
2025-01-03,14107,14,24.9,4.0,0.0,90000.0
2025-01-03,14107,18,20.5,2.6,0.0,90000.0
2025-01-03,14107,23,13.4,10.1,0.0,77300.0
2025-01-03,14107,21,16.4,1.5,0.0,85700.0
2025-01-03,14107,15,25.5,3.1,0.0,90000.0
2025-01-03,14107,12,21.7,4.7,0.0,82600.0
2025-01-03,14107,0,12.6,8.7,0.0,81300.0
2025-01-03,14107,6,7.9,8.2,0.0,59500.0
2025-01-03,14107,20,16.8,5.6,0.0,86500.0
2025-01-03,14107,19,18.8,1.9,0.0,90000.0
2025-01-03,14107,1,11.2,4.3,0.0,67500.0
2025-01-03,12173,18,24.1,8.3,0.0,24140.0
2025-01-03,12173,19,23.3,6.8,0.0,24140.0
2025-01-03,12173,23,21.4,5.0,0.0,24140.0
2025-01-03,12173,7,20.3,8.2,0.0,24140.0
2025-01-03,12173,14,28.0,14.6,0.0,24140.0
2025-01-03,12173,22,22.1,6.2,0.0,24140.0
2025-01-03,12173,21,22.4,5.6,0.0,24140.0
2025-01-03,12173,12,28.3,7.8,0.0,24140.0
2025-01-03,12173,13,28.4,14.1,0.0,24140.0
2025-01-03,12173,15,26.9,9.7,0.0,24140.0
2025-01-03,12173,16,26.1,9.1,0.0,24140.0
2025-01-03,12173,11,27.1,1.3,0.0,24140.0
2025-01-03,12173,17,25.3,8.6,0.0,24140.0
2025-01-03,12173,8,21.2,10.6,0.0,24140.0
2025-01-03,12173,20,22.8,4.5,0.0,24140.0
2025-01-03,12173,5,20.1,9.7,0.0,24140.0
2025-01-03,12173,6,20.5,9.1,0.0,24140.0
2025-01-03,12173,9,23.9,10.0,0.0,24140.0
2025-01-03,12173,10,25.5,5.7,0.0,24140.0
2025-01-03,11433,5,-3.3,8.4,0.0,19300.0
2025-01-03,11433,15,-2.4,22.8,0.0,26700.0
2025-01-03,11433,19,-3.3,21.6,0.0,28600.0
2025-01-03,11433,7,-2.1,10.4,0.0,20300.0
2025-01-03,11433,10,-3.2,14.9,0.0,19700.0
2025-01-03,11433,11,-3.3,17.1,0.0,20000.0
2025-01-03,11433,8,-2.3,15.9,0.0,21200.0
2025-01-03,11433,6,-1.7,12.6,0.0,22200.0
2025-01-03,11433,17,-2.2,20.4,0.0,29800.0
2025-01-03,11433,16,-2.2,22.5,0.0,29500.0
2025-01-03,11433,20,-3.4,18.4,0.0,33100.0
2025-01-03,11433,13,-3.2,19.9,0.0,18500.0
2025-01-03,11433,21,-4.5,19.8,0.0,28300.0
2025-01-03,11433,12,-3.4,19.2,0.0,19500.0
2025-01-03,11433,14,-2.5,22.5,0.0,23200.0
2025-01-03,11433,18,-2.4,23.0,0.0,29400.0
2025-01-03,11433,9,-2.7,16.8,0.0,20600.0
2025-01-03,11433,22,-4.3,18.0,0.0,29900.0
2025-01-03,15376,8,5.6,2.5,0.0,76300.0
2025-01-03,15376,5,6.1,4.0,0.0,79700.0
2025-01-03,15376,6,4.8,1.4,0.0,77300.0
2025-01-03,15376,14,28.3,3.3,0.0,90000.0
2025-01-03,15376,10,19.0,10.5,0.0,90000.0
2025-01-03,15376,12,25.3,11.2,0.0,90000.0
2025-01-03,15376,9,10.7,5.6,0.0,88300.0
2025-01-03,15376,16,28.1,5.6,0.0,90000.0
2025-01-03,15376,15,28.6,2.8,0.0,90000.0
2025-01-03,15376,13,27.2,8.8,0.0,90000.0
2025-01-03,15376,7,5.3,4.8,0.0,72800.0
2025-01-03,15376,17,25.3,14.5,0.0,90000.0
2025-01-03,15376,19,18.2,8.8,0.0,90000.0
2025-01-03,15376,11,23.3,16.5,0.0,90000.0
2025-01-03,15376,18,21.0,6.4,0.0,90000.0
2025-01-03,15376,23,11.7,8.2,0.0,87000.0
2025-01-03,10397,5,1.2,4.3,0.0,32200.0
2025-01-03,10397,11,5.9,16.7,0.0,39000.0
2025-01-03,10397,8,1.4,4.2,0.0,29700.0
2025-01-03,10397,12,8.7,17.8,0.0,46900.0
2025-01-03,10397,14,11.0,25.8,0.0,42400.0
2025-01-03,10397,19,8.4,25.3,0.0,63500.0
2025-01-03,10397,18,9.8,26.1,0.0,58300.0
2025-01-03,10397,7,1.6,2.5,0.0,28900.0
2025-01-03,10397,6,1.6,3.0,0.0,27700.0
2025-01-03,10397,17,11.0,27.9,0.0,58200.0
2025-01-03,10397,20,7.0,22.3,0.0,54200.0
2025-01-03,10397,15,11.6,26.7,0.0,47900.0
2025-01-03,10397,9,1.0,7.0,0.0,26600.0
2025-01-03,10397,21,5.6,17.4,0.0,46600.0
2025-01-03,10397,16,11.5,28.8,0.0,48500.0
2025-01-03,10397,10,3.1,7.9,0.0,28600.0
2025-01-03,10397,13,10.2,21.3,0.0,46800.0
2025-01-03,10397,22,4.4,19.4,0.0,49600.0
2025-01-03,11618,19,0.9,13.7,0.0,36100.0
2025-01-03,11618,5,0.2,14.3,0.0,44100.0
2025-01-03,11618,6,-0.2,12.2,0.0,36600.0
2025-01-03,11618,8,-0.3,10.2,0.0,35500.0
2025-01-03,11618,13,3.6,18.6,0.0,42200.0
2025-01-03,11618,17,2.7,16.4,0.0,43200.0
2025-01-03,11618,12,3.0,20.1,0.0,42400.0
2025-01-03,11618,9,-0.2,10.2,0.0,34700.0
2025-01-03,11618,7,0.0,12.3,0.0,38100.0
2025-01-03,11618,18,1.6,12.8,0.0,39400.0
2025-01-03,11618,10,1.4,15.8,0.0,39200.0
2025-01-03,11618,15,3.9,17.5,0.0,41900.0
2025-01-03,11618,16,3.5,16.7,0.0,41300.0
2025-01-03,11618,14,3.9,18.3,0.0,42700.0
2025-01-03,11618,21,-0.7,9.0,0.0,28500.0
2025-01-03,11618,11,2.3,18.5,0.0,39900.0
2025-01-03,11618,22,-1.2,10.5,0.0,24200.0
2025-01-03,11618,20,0.3,10.0,0.0,30900.0
2025-01-03,11618,23,-2.6,10.8,0.0,22400.0
2025-01-03,14524,16,7.8,18.3,0.0,52000.0
2025-01-03,14524,6,0.3,5.8,0.0,26800.0
2025-01-03,14524,13,6.4,12.0,0.0,41900.0
2025-01-03,14524,20,4.0,24.1,0.0,63700.0
2025-01-03,14524,15,7.5,17.9,0.0,53900.0
2025-01-03,14524,19,4.3,16.1,0.0,43000.0
2025-01-03,14524,5,-0.4,4.2,0.0,25800.0
2025-01-03,14524,9,0.9,2.4,0.0,31600.0
2025-01-03,14524,18,4.8,17.7,0.0,27600.0
2025-01-03,14524,8,1.1,2.5,0.0,29800.0
2025-01-03,14524,14,7.1,16.0,0.0,47600.0
2025-01-03,14524,7,0.8,3.0,0.0,28100.0
2025-01-03,14524,12,5.2,11.3,0.0,36800.0
2025-01-03,14524,10,1.9,5.8,0.0,24300.0
2025-01-03,12896,18,14.3,17.5,0.0,39200.0
2025-01-03,12896,7,-0.3,5.6,0.0,16900.0
2025-01-03,12896,5,0.4,6.0,0.0,17900.0
2025-01-03,12896,6,0.1,7.0,0.0,18300.0
2025-01-03,12896,10,1.2,7.9,0.0,15400.0
2025-01-03,12896,12,7.4,12.0,0.0,19100.0
2025-01-03,12896,16,14.4,18.2,0.0,37100.0
2025-01-03,12896,17,15.0,18.5,0.0,40700.0
2025-01-03,13871,6,-7.7,7.9,0.0,17500.0
2025-01-03,13871,9,-9.3,9.1,0.0,16500.0
2025-01-03,13871,19,-6.1,6.5,0.0,24000.0
2025-01-03,13871,14,-5.1,10.4,0.0,25100.0
2025-01-03,13871,5,-5.7,6.2,0.0,15000.0
2025-01-03,13871,13,-5.9,10.7,0.0,22200.0
2025-01-03,13871,15,-5.0,11.4,0.0,24200.0
2025-01-03,13871,7,-8.4,8.4,0.0,16300.0
2025-01-03,13871,18,-6.7,10.0,0.0,22800.0
2025-01-03,13871,11,-7.0,10.1,0.0,17900.0
2025-01-03,13871,16,-4.9,12.2,0.0,25900.0
2025-01-03,13871,12,-6.6,11.5,0.0,19600.0
2025-01-03,13871,17,-6.2,11.3,0.0,21300.0
2025-01-03,13871,8,-8.6,8.7,0.0,16800.0
2025-01-03,13871,20,-6.2,7.3,0.0,22400.0
2025-01-03,13495,9,13.1,6.3,0.0,15900.0
2025-01-03,13495,13,17.5,11.9,0.0,27600.0
2025-01-03,13495,19,15.0,5.8,0.0,40400.0
2025-01-03,13495,16,19.0,8.8,0.0,36000.0
2025-01-03,13495,10,14.6,6.9,0.0,18900.0
2025-01-03,13495,6,12.9,6.2,0.0,17300.0
2025-01-03,13495,15,18.7,9.9,0.0,33200.0
2025-01-03,13495,18,17.2,3.6,0.0,49500.0
2025-01-03,13495,7,12.6,9.2,0.0,16800.0
2025-01-03,13495,5,12.5,2.6,0.0,15800.0
2025-01-03,13495,12,17.0,11.4,0.0,24800.0
2025-01-03,13495,11,16.5,11.2,0.0,23100.0
2025-01-03,13495,14,18.1,11.9,0.0,32400.0
2025-01-03,13495,17,18.7,6.8,0.0,48100.0
2025-01-03,13495,22,11.6,7.6,0.0,24200.0
2025-01-03,13495,20,13.5,1.8,0.0,32500.0
2025-01-03,13495,8,12.4,8.0,0.0,16600.0
2025-01-03,13495,21,11.9,3.4,0.0,25100.0
2025-01-03,10721,12,2.9,29.5,0.0,47600.0
2025-01-03,10721,10,1.3,21.9,0.0,41300.0
2025-01-03,10721,7,-0.5,21.4,0.0,44300.0
2025-01-03,10721,6,-0.5,18.9,0.0,42300.0
2025-01-03,10721,17,1.8,21.7,0.0,55700.0
2025-01-03,10721,18,0.6,13.9,0.0,53400.0
2025-01-03,10721,5,-0.4,24.5,0.0,40900.0
2025-01-03,10721,13,3.5,30.1,0.0,51500.0
2025-01-03,10721,8,-0.3,20.6,0.0,49300.0
2025-01-03,10721,14,3.3,28.5,0.0,51900.0
2025-01-03,10721,16,2.8,26.8,0.0,52700.0
2025-01-03,10721,9,-0.1,16.1,0.0,42700.0
2025-01-03,10721,11,2.2,29.3,0.0,47900.0
2025-01-03,10721,19,-0.3,9.8,0.0,48300.0
2025-01-03,10721,20,-0.7,12.5,0.0,48900.0
2025-01-03,10721,21,-1.0,10.0,0.0,46900.0
2025-01-03,10721,15,3.3,28.0,0.0,53400.0
2025-01-03,10721,22,-1.1,11.8,0.0,45300.0
2025-01-03,14576,6,-1.8,23.2,0.0,27300.0
2025-01-03,14576,17,-1.0,27.7,0.4,36800.0
2025-01-03,14576,11,-1.9,22.8,0.0,25200.0
2025-01-03,14576,18,-3.5,18.2,0.0,17900.0
2025-01-03,14576,12,-1.2,24.2,0.0,28500.0
2025-01-03,14576,5,-1.5,26.1,0.0,28000.0
2025-01-03,10423,11,13.9,7.4,0.0,2600.0
2025-01-03,10423,17,18.8,1.5,0.0,20600.0
2025-01-03,10423,20,17.5,4.4,0.0,24300.0
2025-01-03,10423,18,19.2,1.8,0.0,23700.0
2025-01-03,10423,15,17.5,5.2,0.0,18400.0
2025-01-03,10423,12,14.6,6.4,0.0,14200.0
2025-01-03,10423,10,13.9,4.4,0.0,3200.0
2025-01-03,10423,14,16.6,6.4,0.0,15200.0
2025-01-03,10423,7,14.4,4.9,0.0,2700.0
2025-01-03,10423,6,14.4,3.3,0.0,2100.0
2025-01-03,10423,5,14.2,3.9,0.0,12500.0
2025-01-03,10423,8,14.3,2.9,0.0,12300.0
2025-01-03,10423,13,15.4,6.7,0.0,14200.0
2025-01-03,10423,19,17.4,2.6,0.0,23900.0
2025-01-03,10423,16,18.3,3.0,0.0,21100.0
2025-01-03,10423,22,16.3,0.4,0.0,21100.0
2025-01-03,10423,9,13.9,3.7,0.0,12700.0
2025-01-03,12451,11,9.6,3.4,0.0,31100.0
2025-01-03,12451,20,13.2,9.5,0.0,47900.0
2025-01-03,12451,19,14.8,10.1,0.0,52900.0
2025-01-03,12451,10,5.4,3.0,0.0,18100.0
2025-01-03,12451,18,16.4,14.9,0.0,58100.0
2025-01-03,12451,14,15.8,14.2,0.0,58200.0
2025-01-03,12451,6,2.4,2.4,0.0,18500.0
2025-01-03,12451,17,17.6,16.6,0.0,65000.0
2025-01-03,12451,7,2.1,2.5,0.0,16000.0
2025-01-03,12451,15,16.9,17.9,0.0,60200.0
2025-01-03,12451,8,2.0,2.2,0.0,17900.0
2025-01-03,12451,5,3.0,2.4,0.0,18500.0
2025-01-03,12451,16,17.7,20.3,0.0,68300.0
2025-01-03,12451,13,13.9,9.7,0.0,50200.0
2025-01-03,12451,12,12.2,6.8,0.0,50900.0
2025-01-03,12451,21,11.5,8.5,0.0,40200.0
2025-01-03,12451,9,2.1,2.2,0.0,14600.0
2025-01-03,12323,19,9.5,11.8,0.0,50100.0
2025-01-03,12323,5,-0.2,3.5,0.0,18900.0
2025-01-03,12323,7,-0.3,4.2,0.0,17800.0
2025-01-03,12323,17,11.9,21.3,0.0,52000.0
2025-01-03,12323,6,-0.2,5.1,0.0,17700.0
2025-01-03,12323,10,3.0,3.3,0.0,18200.0
2025-01-03,12323,16,12.0,23.9,0.0,54100.0
2025-01-03,12323,9,0.6,3.2,0.0,17800.0
2025-01-03,12323,14,11.7,18.2,0.0,58100.0
2025-01-03,12323,11,6.0,1.6,0.0,25700.0
2025-01-03,10693,5,2.9,9.0,0.0,30000.0
2025-01-03,10693,15,6.0,19.9,0.0,45700.0
2025-01-03,10693,10,4.9,14.9,0.0,24700.0
2025-01-03,10693,7,3.2,3.4,0.0,23800.0
2025-01-03,10693,11,4.7,16.6,0.0,25400.0
2025-01-03,10693,12,5.3,19.2,0.0,28300.0
2025-01-03,10693,16,5.5,19.6,0.0,47200.0
2025-01-03,10693,6,3.0,7.0,0.0,20400.0
2025-01-03,10693,19,2.2,6.6,0.0,42900.0
2025-01-03,10693,17,4.5,14.8,0.0,47400.0
2025-01-03,10693,9,4.1,9.4,0.0,21600.0
2025-01-03,10693,18,3.1,8.1,0.0,46400.0
2025-01-03,10693,20,1.3,2.5,0.0,40500.0
2025-01-03,10693,14,5.8,19.9,0.0,38100.0
2025-01-03,10693,13,5.2,18.3,0.0,34900.0
2025-01-03,10693,8,3.6,5.8,0.0,25100.0
2025-01-03,11292,6,-5.2,3.3,0.0,14500.0
2025-01-03,11292,10,-4.6,8.0,0.0,12200.0
2025-01-03,11292,9,-4.9,5.0,0.0,12200.0
2025-01-03,11292,18,5.0,8.6,0.0,45100.0
2025-01-03,11292,8,-5.0,6.5,0.0,12200.0
2025-01-03,11292,0,-2.0,8.6,0.0,20600.0
2025-01-03,11292,16,8.9,6.8,0.0,48400.0
2025-01-03,11292,14,6.8,9.7,0.0,43100.0
2025-01-03,11292,12,2.0,1.1,0.0,22600.0
2025-01-03,11292,5,-5.4,3.3,0.0,12200.0
2025-01-03,11292,15,9.0,5.4,0.0,49700.0
2025-01-03,11292,11,-1.3,1.5,0.0,14200.0
2025-01-03,11292,13,4.3,4.7,0.0,33100.0
2025-01-03,11292,20,0.9,7.6,0.0,27800.0
2025-01-03,11292,17,7.7,5.4,0.0,48100.0
2025-01-03,11292,21,-0.2,7.2,0.0,23500.0
2025-01-03,11292,23,-1.0,7.3,0.0,22500.0
2025-01-03,11292,7,-5.5,8.2,0.0,12600.0
2025-01-03,11292,22,-0.9,7.2,0.0,23100.0
2025-01-03,11292,19,3.4,4.3,0.0,40000.0
2025-01-03,13244,19,4.3,4.6,0.0,26800.0
2025-01-03,13244,5,5.1,5.5,0.0,20400.0
2025-01-03,13244,6,5.1,7.3,0.0,18900.0
2025-01-03,13244,7,4.4,5.1,0.0,18800.0
2025-01-03,13244,14,8.4,12.3,0.0,37400.0
2025-01-03,13244,10,5.5,15.1,0.0,21600.0
2025-01-03,13244,16,8.7,11.4,0.0,41400.0
2025-01-03,13244,8,3.6,4.9,0.0,17300.0
2025-01-03,13244,9,4.0,6.3,0.0,17200.0
2025-01-03,13244,18,5.7,6.1,0.0,30100.0
2025-01-03,13244,17,7.7,9.1,0.0,37700.0
2025-01-03,13244,13,7.7,15.5,0.0,29800.0
2025-01-03,13244,12,6.7,17.4,0.0,26500.0
2025-01-03,13244,20,3.4,4.0,0.0,25200.0
2025-01-03,13244,11,6.4,17.7,0.0,24200.0
2025-01-03,13244,15,9.2,11.5,0.0,40400.0
2025-01-03,10561,5,6.8,2.9,0.0,16800.0
2025-01-03,10561,12,13.4,1.8,0.0,19400.0
2025-01-03,10561,9,6.7,5.5,0.0,15600.0
2025-01-03,10561,6,6.9,2.7,0.0,16000.0
2025-01-03,10561,14,17.8,9.0,0.0,30400.0
2025-01-03,11278,11,0.7,1.9,0.0,25700.0
2025-01-03,11278,10,-1.3,6.6,0.0,21700.0
2025-01-03,11278,18,0.1,20.7,0.0,44100.0
2025-01-03,11278,17,2.1,20.6,0.0,39600.0
2025-01-03,11278,13,4.3,8.5,0.0,30000.0
2025-01-03,11278,8,-2.3,2.2,0.0,25300.0
2025-01-03,11278,9,-1.9,3.6,0.0,27800.0
2025-01-03,11278,16,3.5,23.0,0.4,39200.0
2025-01-03,11278,7,-1.6,2.9,0.0,31400.0
2025-01-03,11278,15,4.8,11.2,0.0,32400.0
2025-01-03,11278,20,-1.1,30.4,0.0,36700.0
2025-01-03,11278,14,4.0,6.2,0.0,25500.0
2025-01-03,11278,6,-1.5,3.3,0.0,33900.0
2025-01-03,11278,22,-2.0,25.5,0.0,36800.0
2025-01-03,11278,5,-1.0,3.8,0.0,33500.0
2025-01-03,11278,19,-0.3,5.4,0.0,47500.0
2025-01-03,11278,12,2.5,6.0,0.0,25800.0
2025-01-03,11540,5,4.5,4.7,0.0,90000.0
2025-01-03,11540,17,21.5,3.8,0.0,90000.0
2025-01-03,11540,6,2.8,5.4,0.0,79200.0
2025-01-03,11540,12,15.8,10.0,0.0,85800.0
2025-01-03,11540,8,2.6,14.9,0.0,62500.0
2025-01-03,11540,7,1.4,10.6,0.0,60800.0
2025-01-03,11540,14,19.6,7.9,0.0,90000.0
2025-01-03,11540,13,18.0,6.3,0.0,90000.0
2025-01-03,11540,21,13.6,9.7,0.0,90000.0
2025-01-03,11540,19,16.7,6.2,0.0,90000.0
2025-01-03,11540,18,19.1,1.6,0.0,90000.0
2025-01-03,11540,9,3.7,3.9,0.0,62200.0
2025-01-03,11540,15,21.0,5.9,0.0,90000.0
2025-01-03,11540,10,8.2,4.0,0.0,72800.0
2025-01-03,14635,13,20.1,9.0,0.0,54100.0
2025-01-03,14635,6,10.8,11.3,0.0,19500.0
2025-01-03,14635,17,22.6,14.5,0.0,69800.0
2025-01-03,14635,7,10.2,7.0,0.0,19700.0
2025-01-03,14635,15,22.9,10.3,0.0,73600.0
2025-01-03,14635,19,18.7,9.9,0.0,53800.0
2025-01-03,14635,16,23.3,10.6,0.0,83900.0
2025-01-03,14635,14,21.5,8.1,0.0,63100.0
2025-01-03,14635,11,15.4,9.5,0.0,28800.0
2025-01-03,14635,8,10.2,5.4,0.0,22100.0
2025-01-03,14635,10,13.0,8.5,0.0,23100.0
2025-01-03,14635,20,16.9,9.8,0.0,57600.0
2025-01-03,14635,18,20.9,13.4,0.0,58800.0
2025-01-03,14635,12,18.0,10.7,0.0,45500.0
2025-01-03,14635,5,10.6,7.4,0.0,14900.0
2025-01-03,14635,9,10.7,4.6,0.0,17800.0
2025-01-03,14635,21,16.1,9.8,0.0,61500.0
2025-01-03,14635,22,15.0,10.7,0.0,54600.0
2025-01-03,13931,20,5.4,17.5,0.0,32300.0
2025-01-03,13931,6,-1.3,4.9,0.0,28200.0
2025-01-03,13931,15,9.1,16.7,0.0,46900.0
2025-01-03,13931,19,6.7,15.0,0.0,38000.0
2025-01-03,13931,10,2.1,6.3,0.0,32500.0
2025-01-03,13931,8,-0.6,2.0,0.0,31600.0
2025-01-03,13931,5,-0.7,3.8,0.0,30700.0
2025-01-03,13931,18,8.2,16.4,0.0,50100.0
2025-01-03,13931,12,7.4,10.3,0.0,44700.0
2025-01-03,13931,14,8.8,18.1,0.0,47900.0
2025-01-03,13931,9,-0.1,2.0,0.0,33800.0
2025-01-03,13931,13,8.6,16.7,0.0,43500.0
2025-01-03,13931,16,9.2,17.7,0.0,48400.0
2025-01-03,13931,11,5.1,7.4,0.0,32700.0
2025-01-03,10713,7,1.9,2.9,0.0,3300.0
2025-01-03,10713,14,5.9,3.6,0.0,12500.0
2025-01-03,10713,13,4.2,4.7,0.0,12200.0
2025-01-03,10713,15,9.0,4.6,0.0,23600.0
2025-01-03,10713,5,1.0,4.4,0.0,12200.0
2025-01-03,10713,19,5.5,10.4,0.0,15000.0
2025-01-03,10713,23,5.4,7.7,0.4,11100.0
2025-01-03,10713,21,4.7,8.0,1.8,4700.0
2025-01-03,10713,11,2.8,4.5,0.0,2200.0
2025-01-03,10713,10,3.0,5.6,0.0,14900.0
2025-01-03,10713,12,4.5,1.5,0.0,14500.0
2025-01-03,10713,6,1.2,7.6,0.0,12200.0
2025-01-03,10713,18,5.3,6.8,0.0,14700.0
2025-01-03,10713,8,1.0,4.0,0.0,12200.0
2025-01-03,10713,17,5.7,16.9,0.0,14100.0
2025-01-03,10713,9,2.6,0.4,0.0,12200.0
2025-01-03,14771,13,12.2,9.3,2.5,12600.0
2025-01-03,14771,6,9.4,3.4,0.4,13900.0
2025-01-03,14771,10,11.1,6.6,0.7,12100.0
2025-01-03,14771,7,10.0,5.6,0.0,12900.0
2025-01-03,14771,12,11.2,7.2,2.2,12200.0
2025-01-03,14771,9,10.8,6.5,0.0,12200.0
2025-01-03,14771,17,13.1,18.6,0.0,17500.0
2025-01-03,14771,23,9.6,8.7,0.0,16900.0
2025-01-03,14771,0,9.5,5.8,0.0,14600.0
2025-01-03,14771,15,13.6,18.1,0.0,16100.0
2025-01-03,14771,8,10.5,4.3,0.0,12200.0
2025-01-03,14771,16,13.7,19.2,0.0,15100.0
2025-01-03,14771,11,11.3,6.9,0.7,12900.0
2025-01-03,14771,14,13.3,15.2,0.0,14700.0
2025-01-03,14771,19,11.2,10.8,0.0,15600.0
2025-01-03,14771,22,9.6,6.3,0.0,16700.0
2025-01-03,14771,21,9.5,7.9,0.0,16500.0
2025-01-03,14771,20,10.1,6.5,0.0,16400.0
2025-01-03,14771,18,12.0,19.0,0.0,15100.0
2025-01-03,14771,5,9.5,1.1,0.0,15800.0
2025-01-03,13830,18,23.2,5.3,0.0,24140.0
2025-01-03,13830,15,27.0,10.6,0.0,24140.0
2025-01-03,13830,22,21.3,6.7,0.0,24140.0
2025-01-03,13830,11,26.6,4.6,0.0,24140.0
2025-01-03,13830,23,21.4,5.4,0.0,24140.0
2025-01-03,13830,14,26.7,7.2,0.0,24140.0
2025-01-03,13830,13,26.7,11.4,0.0,24140.0
2025-01-03,13830,16,25.8,4.8,0.0,24140.0
2025-01-03,13830,17,24.6,5.6,0.0,24140.0
2025-01-03,13830,21,21.2,7.0,0.0,24140.0
2025-01-03,13830,6,21.0,10.4,0.0,24140.0
2025-01-03,13830,7,20.7,6.6,0.0,24140.0
2025-01-03,13830,8,22.4,7.7,0.0,24140.0
2025-01-03,13830,9,24.4,5.9,0.0,24140.0
2025-01-03,13830,10,25.6,2.9,0.0,24140.0
2025-01-03,13830,12,27.0,10.7,0.0,24140.0
2025-01-03,13830,19,22.0,5.2,0.0,24140.0
2025-01-03,13830,20,21.3,6.5,0.0,24140.0
2025-01-03,13198,16,0.6,8.7,0.0,24600.0
2025-01-03,13198,19,-1.1,6.8,0.0,22300.0
2025-01-03,13198,7,-5.0,6.8,0.0,15400.0
2025-01-03,13198,12,-1.3,8.4,0.0,20000.0
2025-01-03,13198,18,-0.5,6.6,0.0,22500.0
2025-01-03,13198,5,-4.2,5.9,0.0,13900.0
2025-01-03,13198,6,-4.2,8.1,0.0,15200.0
2025-01-03,13198,13,-0.8,7.2,0.0,20600.0
2025-01-03,13198,10,-4.6,5.8,0.0,13800.0
2025-01-03,13198,14,0.1,5.2,0.0,23600.0
2025-01-03,13198,17,-0.1,8.7,0.0,23300.0
2025-01-03,13198,8,-5.7,5.5,0.0,14100.0
2025-01-03,13198,9,-6.0,6.2,0.0,13100.0
2025-01-03,13198,22,-1.1,7.8,0.0,22500.0
2025-01-03,13198,15,0.8,7.9,0.0,24500.0
2025-01-03,11042,9,-2.3,14.5,0.0,8100.0
2025-01-03,11042,7,-2.0,12.7,0.0,17300.0
2025-01-03,11042,13,-2.3,31.1,0.0,13400.0
2025-01-03,11042,12,-1.6,35.9,0.4,5300.0
2025-01-03,11042,5,-1.8,11.8,0.0,18600.0
2025-01-03,11042,17,-2.4,41.6,0.0,32100.0
2025-01-03,11042,8,-2.3,12.2,0.0,5600.0
2025-01-03,11042,6,-1.6,10.2,0.0,19900.0
2025-01-03,11042,20,-2.0,42.9,0.0,36500.0
2025-01-03,11042,18,-2.4,45.1,0.0,32300.0
2025-01-03,11042,11,-1.6,22.9,0.0,18200.0
2025-01-03,11042,19,-2.2,38.9,0.0,29300.0
2025-01-03,11042,14,-2.5,36.8,0.0,24000.0
2025-01-03,11042,10,-2.2,15.9,0.0,3200.0
2025-01-03,11042,21,-2.0,42.7,0.0,40100.0
2025-01-03,11042,22,-2.2,40.3,0.0,33200.0
2025-01-03,11042,16,-2.3,41.8,0.0,25900.0
2025-01-03,13204,15,18.6,11.8,0.0,66800.0
2025-01-03,13204,13,17.2,8.3,0.0,59800.0
2025-01-03,13204,18,18.0,10.1,0.0,70200.0
2025-01-03,13204,10,10.1,5.7,0.0,19600.0
2025-01-03,13204,19,15.7,7.0,0.0,71200.0
2025-01-03,13204,14,18.4,9.6,0.0,68100.0
2025-01-03,13204,12,15.7,9.5,0.0,51900.0
2025-01-03,13204,17,18.5,11.9,0.0,71500.0
2025-01-03,13204,7,6.8,4.5,0.0,14900.0
2025-01-03,13204,8,6.9,3.9,0.0,15200.0
2025-01-03,13204,5,7.2,1.0,0.0,15300.0
2025-01-03,13204,6,7.1,2.8,0.0,15700.0
2025-01-03,13204,9,7.7,5.8,0.0,16700.0
2025-01-03,13204,11,13.1,7.4,0.0,37400.0
2025-01-03,13204,16,18.5,14.8,0.0,68600.0
2025-01-03,13204,20,13.5,5.0,0.0,61400.0
2025-01-03,13204,21,12.4,6.2,0.0,50400.0
2025-01-03,13204,23,10.5,6.0,0.0,26800.0
2025-01-03,13204,22,11.0,6.5,0.0,34600.0
2025-01-03,11481,14,18.9,16.4,0.0,43200.0
2025-01-03,11481,7,2.2,4.7,0.0,14700.0
2025-01-03,11481,11,14.2,6.6,0.0,31600.0
2025-01-03,11481,17,18.2,14.8,0.0,48600.0
2025-01-03,11481,6,2.2,3.9,0.0,14400.0
2025-01-03,11481,15,19.7,18.0,0.0,47300.0
2025-01-03,11481,10,10.0,3.4,0.0,20900.0
2025-01-03,11481,16,19.6,16.3,0.0,53200.0
2025-01-03,10821,6,-0.8,1.4,0.0,27900.0
2025-01-03,10821,19,0.9,13.7,0.7,6100.0
2025-01-03,10821,9,-1.2,8.2,0.0,25700.0
2025-01-03,10821,5,-0.8,2.3,0.0,29400.0
2025-01-03,10821,13,2.2,7.4,0.0,35300.0
2025-01-03,10821,15,4.8,10.2,0.0,36300.0
2025-01-03,10821,8,-1.1,4.0,0.0,27500.0
2025-01-03,10821,18,2.7,9.7,0.0,21000.0
2025-01-03,10821,7,-0.9,1.5,0.0,27500.0
2025-01-03,10821,20,-0.2,12.3,0.0,15100.0
2025-01-03,10821,12,1.6,4.8,0.0,34200.0
2025-01-03,10821,10,-0.7,6.8,0.0,26400.0
2025-01-03,10821,17,2.9,12.4,0.0,22700.0
2025-01-03,10821,14,3.2,5.6,0.0,34500.0
2025-01-03,10821,16,4.3,18.7,0.0,30200.0
2025-01-03,10821,11,0.6,6.1,0.0,29000.0
2025-01-03,10821,21,-0.3,12.6,0.0,24100.0
2025-01-03,10821,22,-1.0,16.9,0.0,29000.0
2025-01-03,10994,5,2.0,5.6,0.0,13700.0
2025-01-03,10994,19,10.5,12.2,0.0,42000.0
2025-01-03,10994,15,13.4,21.6,0.0,57400.0
2025-01-03,10994,20,9.2,8.9,0.0,35600.0
2025-01-03,10994,6,1.4,5.2,0.0,200.0
2025-01-03,10994,7,1.8,5.2,0.0,14400.0
2025-01-03,10994,18,12.1,15.8,0.0,47000.0
2025-01-03,10994,9,1.8,11.2,0.0,12200.0
2025-01-03,10994,17,13.4,21.4,0.0,53300.0
2025-01-03,10994,13,11.8,15.7,0.0,43900.0
2025-01-03,10994,11,7.5,9.0,0.0,27500.0
2025-01-03,10994,14,12.3,18.8,0.0,45300.0
2025-01-03,10994,10,4.4,6.4,0.0,16200.0
2025-01-03,10994,12,10.1,12.2,0.0,38400.0
2025-01-03,10994,16,13.7,22.3,0.0,51500.0
2025-01-03,15304,9,7.7,2.7,0.0,14400.0
2025-01-03,15304,15,20.7,12.8,0.0,69100.0
2025-01-03,15304,13,18.5,8.9,0.0,53700.0
2025-01-03,15304,19,15.2,6.8,0.0,47900.0
2025-01-03,15304,12,17.0,11.2,0.0,48000.0
2025-01-03,15304,16,19.8,14.4,0.0,66600.0
2025-01-03,15304,5,8.0,4.0,0.0,16600.0
2025-01-03,15304,18,17.7,12.8,0.0,53300.0
2025-01-03,15304,8,7.0,4.6,0.0,15700.0
2025-01-03,15304,17,18.9,14.3,0.0,61800.0
2025-01-03,15304,7,7.2,5.5,0.0,16400.0
2025-01-03,15304,6,7.3,5.2,0.0,16000.0
2025-01-03,15304,11,14.1,7.9,0.0,30200.0
2025-01-03,15304,10,11.0,7.6,0.0,19100.0
2025-01-03,15304,14,19.8,11.1,0.0,58600.0
2025-01-03,15304,21,12.2,4.7,0.0,30500.0
2025-01-03,15304,20,13.3,4.7,0.0,34400.0
2025-01-03,15304,22,11.1,4.2,0.0,26500.0
2025-01-03,12889,0,6.7,8.1,0.0,66100.0
2025-01-03,12889,12,12.9,4.1,0.0,69800.0
2025-01-03,12889,8,4.4,8.3,0.0,61500.0
2025-01-03,12889,14,15.4,6.0,0.0,75500.0
2025-01-03,12889,22,9.1,10.9,0.0,77300.0
2025-01-03,12889,9,5.7,6.6,0.0,56500.0
2025-01-03,12889,6,4.1,8.9,0.0,54600.0
2025-01-03,12889,5,5.2,5.2,0.0,62600.0
2025-01-03,12889,13,14.6,6.4,0.0,75200.0
2025-01-03,12889,18,12.8,8.1,0.0,80000.0
2025-01-03,12889,10,9.2,3.1,0.0,59300.0
2025-01-03,12889,23,9.4,6.5,0.0,74300.0
2025-01-03,12889,7,3.7,9.6,0.0,57200.0
2025-01-03,12889,16,15.9,6.5,0.0,77400.0
2025-01-03,12889,15,15.7,6.8,0.0,75100.0
2025-01-03,12889,11,11.0,4.1,0.0,62600.0
2025-01-03,12889,1,5.8,6.9,0.0,64200.0
2025-01-03,12889,19,11.2,8.6,0.0,77100.0
2025-01-03,12889,17,14.7,2.3,0.0,80100.0
2025-01-03,12889,21,8.7,10.4,0.0,70600.0
2025-01-03,12889,20,10.1,5.8,0.0,76900.0
2025-01-03,11638,23,9.2,12.7,0.0,14200.0
2025-01-03,11638,12,13.4,13.1,0.0,20600.0
2025-01-03,11638,6,8.1,6.6,0.0,12900.0
2025-01-03,11638,10,9.0,3.1,0.0,12600.0
2025-01-03,11638,22,9.4,9.2,0.0,15700.0
2025-01-03,11638,16,15.4,25.0,0.0,26300.0
2025-01-03,11638,19,12.5,5.5,2.5,16400.0
2025-01-03,11638,11,10.6,8.8,0.0,13500.0
2025-01-03,11638,8,7.2,5.9,0.0,12200.0
2025-01-03,11638,7,6.6,7.1,0.0,3100.0
2025-01-03,11638,15,16.8,7.9,0.0,29400.0
2025-01-03,11638,18,12.7,8.4,0.0,17600.0
2025-01-03,11638,17,12.9,13.2,0.0,16800.0
2025-01-03,11638,9,8.2,9.4,0.0,12200.0
2025-01-03,11638,14,16.1,7.9,0.0,29100.0
2025-01-03,11638,5,7.6,3.3,0.0,13200.0
2025-01-03,10792,6,-2.9,17.9,0.0,27700.0
2025-01-03,10792,11,-2.0,18.4,0.0,26300.0
2025-01-03,10792,19,-3.6,14.3,0.0,25600.0
2025-01-03,10792,8,-3.0,16.8,0.0,26500.0
2025-01-03,10792,10,-2.0,13.8,0.0,25100.0
2025-01-03,10792,17,-1.2,22.0,0.0,9000.0
2025-01-03,10792,20,-3.6,20.5,0.0,19200.0
2025-01-03,10792,13,-1.2,16.6,0.0,27100.0
2025-01-03,10792,12,-1.7,17.8,0.0,27800.0
2025-01-03,10792,18,-2.9,15.1,0.0,21900.0
2025-01-03,10792,9,-2.9,18.1,0.0,25600.0
2025-01-03,10792,5,-2.4,20.1,0.0,30000.0
2025-01-03,10792,15,-0.6,18.9,0.0,35600.0
2025-01-03,10800,12,16.4,11.0,0.0,47800.0
2025-01-03,10800,7,11.3,4.5,0.0,65300.0
2025-01-03,10800,10,13.5,5.7,0.0,45300.0
2025-01-03,10800,20,13.2,6.8,0.0,23600.0
2025-01-03,10800,9,10.1,4.5,0.0,51100.0
2025-01-03,10800,17,17.5,12.4,0.0,31900.0
2025-01-03,10800,14,18.2,6.5,0.0,42500.0
2025-01-03,10800,16,18.6,11.1,0.0,37800.0
2025-01-03,10800,13,17.1,9.6,0.0,38900.0
2025-01-03,10800,11,13.7,7.6,0.0,30000.0
2025-01-03,10800,19,13.8,5.0,0.0,22700.0
2025-01-03,10800,15,19.4,10.8,0.0,48100.0
2025-01-03,10800,8,11.2,1.3,0.0,69100.0
2025-01-03,10800,18,15.4,3.8,0.0,30200.0
2025-01-03,10140,10,1.9,4.0,0.0,40300.0
2025-01-03,10140,8,-2.5,7.1,0.0,38100.0
2025-01-03,10140,13,11.8,3.6,0.0,63400.0
2025-01-03,10140,5,-2.1,8.6,0.0,38800.0
2025-01-03,10140,17,14.8,6.2,0.0,77400.0
2025-01-03,10140,15,15.6,7.4,0.0,76100.0
2025-01-03,10140,7,-2.4,5.8,0.0,41600.0
2025-01-03,10140,11,5.4,4.6,0.0,47900.0
2025-01-03,10140,6,-1.1,8.4,0.0,45100.0
2025-01-03,10140,9,-1.4,7.0,0.0,42600.0
2025-01-03,10140,14,14.2,3.3,0.0,69900.0
2025-01-03,10140,18,12.1,3.9,0.0,75300.0
2025-01-03,10140,12,8.8,2.8,0.0,55000.0
2025-01-03,14869,5,3.8,11.5,0.0,34000.0
2025-01-03,14869,16,13.5,6.4,0.0,51200.0
2025-01-03,14869,11,7.4,12.1,0.0,39300.0
2025-01-03,14869,13,11.8,4.9,0.0,46300.0
2025-01-03,14869,7,4.2,9.0,0.0,36800.0
2025-01-03,14869,23,10.8,12.2,0.0,63300.0
2025-01-03,14869,0,4.4,12.5,0.0,30900.0
2025-01-03,14869,8,4.4,9.1,0.0,38200.0
2025-01-03,14869,12,9.5,7.3,0.0,39300.0
2025-01-03,14869,17,11.4,10.8,0.0,40900.0
2025-01-03,14869,22,10.7,11.2,0.0,62300.0
2025-01-03,14869,15,14.0,8.2,0.0,60200.0
2025-01-03,14869,9,4.3,9.2,0.0,39500.0
2025-01-03,14869,6,4.3,13.4,0.0,37100.0
2025-01-03,14869,20,8.4,12.4,0.0,58400.0
2025-01-03,14869,21,9.6,15.5,0.0,56800.0
2025-01-03,14869,14,13.7,10.0,0.0,58600.0
2025-01-03,14869,19,9.8,6.4,0.0,62000.0
2025-01-03,14869,10,5.0,8.6,0.0,41400.0
2025-01-03,14869,18,11.4,1.5,0.0,64800.0
2025-01-03,11624,14,24.0,12.0,0.0,24200.0
2025-01-03,11624,18,21.4,21.4,0.0,20200.0
2025-01-03,11624,12,22.0,17.7,0.0,19100.0
2025-01-03,11624,17,22.7,18.2,0.0,22200.0
2025-01-03,11624,16,23.6,16.7,0.0,23300.0
2025-01-03,11624,8,18.6,14.0,0.0,16300.0
2025-01-03,11624,11,21.1,17.6,0.0,17700.0
2025-01-03,11624,13,22.6,15.6,0.0,19900.0
2025-01-03,11624,10,21.0,21.4,0.0,19800.0
2025-01-03,11624,15,24.4,12.0,0.0,30500.0
2025-01-03,11624,19,20.1,17.8,0.0,21900.0
2025-01-03,10299,20,-12.8,15.3,0.0,24140.0
2025-01-03,10299,22,-13.1,15.8,0.0,24140.0
2025-01-03,10299,1,-14.2,7.5,0.0,19360.0
2025-01-03,10299,17,-12.5,15.8,0.0,24140.0
2025-01-03,10299,0,-14.3,7.8,0.0,24140.0
2025-01-03,10299,23,-13.4,15.8,0.0,24140.0
2025-01-03,10299,10,-13.4,10.9,0.0,24140.0
2025-01-03,10299,8,-14.4,8.5,0.0,24140.0
2025-01-03,10299,6,-14.5,9.0,0.0,24140.0
2025-01-03,10299,15,-11.5,16.7,0.0,24140.0
2025-01-03,10299,18,-12.5,14.5,0.0,24140.0
2025-01-03,10299,7,-14.5,8.3,0.0,24140.0
2025-01-03,10299,2,-14.0,8.1,0.0,22840.0
2025-01-03,10299,19,-12.3,16.1,0.0,24140.0
2025-01-03,10299,14,-11.3,16.3,0.0,24140.0
2025-01-03,10299,5,-15.4,6.7,0.0,24140.0
2025-01-03,10299,9,-14.1,9.5,0.0,24140.0
2025-01-03,10299,13,-11.4,15.7,0.0,24140.0
2025-01-03,14057,23,5.7,9.9,0.0,14300.0
2025-01-03,14057,11,6.2,10.0,1.8,12200.0
2025-01-03,14057,13,6.2,10.4,0.0,12200.0
2025-01-03,14057,5,5.2,3.4,0.4,10200.0
2025-01-03,14057,12,6.2,7.4,0.0,12200.0
2025-01-03,14057,22,5.8,11.6,0.0,14700.0
2025-01-03,14057,8,5.3,3.1,0.4,6100.0
2025-01-03,14057,0,5.0,4.6,0.0,15100.0
2025-01-03,14057,7,5.0,2.5,1.4,7900.0
2025-01-03,14057,10,5.8,12.4,0.7,12200.0
2025-01-03,14057,19,6.7,7.2,0.0,13700.0
2025-01-03,14057,6,5.0,4.7,1.1,14700.0
2025-01-03,14057,20,5.3,8.4,0.0,12200.0
2025-01-03,14057,14,6.9,9.4,0.0,12200.0
2025-01-03,14057,21,5.8,4.8,0.0,13000.0
2025-01-03,14057,17,8.5,8.9,0.0,12400.0
2025-01-03,14057,15,7.0,6.7,0.0,12200.0
2025-01-03,14057,18,7.2,6.2,0.0,13400.0
2025-01-03,14057,9,5.1,10.8,0.0,5300.0
2025-01-03,14057,16,8.3,7.4,0.0,12200.0
2025-01-03,12441,12,13.5,14.1,0.0,34300.0
2025-01-03,12441,15,16.0,16.1,0.0,42400.0
2025-01-03,12441,17,15.0,14.3,0.0,41100.0
2025-01-03,12441,13,14.5,11.9,0.0,37300.0
2025-01-03,12441,7,2.3,4.7,0.0,14800.0
2025-01-03,12441,14,15.5,13.0,0.0,43200.0
2025-01-03,12441,18,13.2,10.1,0.0,42500.0
2025-01-03,12441,16,15.6,16.1,0.0,41000.0
2025-01-03,12441,10,6.9,1.5,0.0,13700.0
2025-01-03,14307,11,1.6,23.4,0.0,40400.0
2025-01-03,14307,6,-0.0,17.6,0.0,40000.0
2025-01-03,14307,15,3.8,22.0,0.0,54000.0
2025-01-03,14307,16,3.6,19.5,0.0,55600.0
2025-01-03,14307,7,-0.0,16.8,0.0,40100.0
2025-01-03,14307,18,1.4,11.6,0.0,52100.0
2025-01-03,14307,10,0.5,20.7,0.0,39100.0
2025-01-03,14307,8,-0.2,19.8,0.0,39300.0
2025-01-03,14307,12,2.4,23.7,0.0,45400.0
2025-01-03,14307,14,3.6,23.9,0.0,49600.0
2025-01-03,14307,19,0.5,7.7,0.0,47600.0
2025-01-03,14307,17,2.6,17.0,0.0,57900.0
2025-01-03,14307,9,-0.3,19.8,0.0,39100.0
2025-01-03,14683,14,18.6,10.2,0.0,19400.0
2025-01-03,14683,9,13.7,4.7,0.0,200.0
2025-01-03,14683,12,16.9,5.6,0.0,16700.0
2025-01-03,14683,5,13.0,1.0,0.0,13500.0
2025-01-03,14683,20,18.4,9.0,0.0,19500.0
2025-01-03,14683,8,14.2,6.1,0.0,200.0
2025-01-03,14683,6,12.5,1.8,0.0,200.0
2025-01-03,14683,7,13.6,3.1,0.0,200.0
2025-01-03,14683,18,18.7,7.2,0.0,20300.0
2025-01-03,14683,10,14.2,9.2,0.0,200.0
2025-01-03,14683,19,18.7,9.4,0.0,20700.0
2025-01-03,14683,17,19.6,10.5,0.0,21100.0
2025-01-03,14683,13,17.8,11.6,0.0,18200.0
2025-01-03,14683,11,15.2,6.5,0.0,13600.0
2025-01-03,14683,16,19.1,10.1,0.0,20100.0
2025-01-03,14683,15,18.8,11.9,0.0,18300.0
2025-01-03,12339,6,-1.6,18.7,0.0,24900.0
2025-01-03,12339,5,0.1,20.9,0.0,16500.0
2025-01-03,12339,14,-3.2,21.5,0.0,24300.0
2025-01-03,12339,15,-3.1,19.6,0.0,24600.0
2025-01-03,12339,19,-3.4,22.0,0.0,31700.0
2025-01-03,12339,11,-4.6,20.8,0.0,22400.0
2025-01-03,12339,20,-4.2,21.7,0.0,28700.0
2025-01-03,12339,17,-2.8,22.4,0.0,29300.0
2025-01-03,12339,8,-3.1,17.0,0.0,23600.0
2025-01-03,12339,18,-3.1,22.7,0.0,31200.0
2025-01-03,12339,7,-2.4,15.8,0.0,24200.0
2025-01-03,12339,12,-4.2,21.0,0.0,23400.0
2025-01-03,12339,10,-4.1,22.4,0.0,22300.0
2025-01-03,12339,13,-4.1,19.4,0.0,21400.0
2025-01-03,12339,21,-5.2,20.8,0.0,27000.0
2025-01-03,12339,16,-2.9,19.4,0.0,26300.0
2025-01-03,13891,10,15.5,3.3,0.0,67100.0
2025-01-03,13891,6,12.1,4.9,0.0,70600.0
2025-01-03,13891,12,20.7,6.9,0.0,90000.0
2025-01-03,13891,23,10.0,7.9,0.0,2700.0
2025-01-03,13891,14,19.6,14.3,0.0,67600.0
2025-01-03,13891,7,12.1,7.9,0.0,74100.0
2025-01-03,13891,20,13.5,16.1,0.0,40700.0
2025-01-03,13891,13,19.7,10.0,0.0,79100.0
2025-01-03,13891,5,11.9,7.7,0.0,62400.0
2025-01-03,13891,11,19.0,1.4,0.0,87500.0
2025-01-03,13891,22,10.9,11.2,0.0,20300.0
2025-01-03,13891,15,19.5,16.8,0.0,61900.0
2025-01-03,13891,0,14.9,1.5,0.0,51700.0
2025-01-03,13891,8,8.3,6.6,0.0,65400.0
2025-01-03,13891,16,19.5,8.4,0.0,64100.0
2025-01-03,13891,19,15.1,6.9,0.0,54000.0
2025-01-03,13891,21,11.6,14.4,0.0,25800.0
2025-01-03,13891,18,16.5,5.0,0.0,64000.0
2025-01-03,14679,6,9.6,3.1,0.0,3100.0
2025-01-03,14679,14,16.9,8.4,0.0,28900.0
2025-01-03,14679,21,11.3,6.3,0.0,19400.0
2025-01-03,14679,10,10.6,4.0,0.0,2600.0
2025-01-03,14679,12,14.9,8.1,0.0,200.0
2025-01-03,14679,9,10.2,6.0,0.0,100.0
2025-01-03,14679,16,14.7,15.6,0.0,18200.0
2025-01-03,14679,11,12.8,4.7,0.0,200.0
2025-01-03,14679,13,16.2,7.1,0.0,24600.0
2025-01-03,14679,22,10.8,6.4,0.0,20100.0
2025-01-03,14679,8,9.4,4.6,0.0,100.0
2025-01-03,14679,7,7.8,6.2,0.0,200.0
2025-01-03,14679,15,16.1,9.9,0.0,19800.0
2025-01-03,14679,18,14.3,8.0,0.0,21800.0
2025-01-03,14679,20,12.0,4.3,0.0,21100.0
2025-01-03,14679,17,14.6,5.4,0.0,18500.0
2025-01-03,14679,19,12.9,8.7,0.0,21400.0
2025-01-03,14262,10,19.9,6.8,0.0,84500.0
2025-01-03,14262,13,23.5,7.9,0.0,90000.0
2025-01-03,14262,14,24.1,6.1,0.0,90000.0
2025-01-03,14262,6,14.2,12.2,0.0,83600.0
2025-01-03,14262,12,22.2,3.4,0.0,90000.0
2025-01-03,14262,19,19.1,10.2,0.0,90000.0
2025-01-03,14262,15,24.5,7.2,0.0,90000.0
2025-01-03,14262,17,21.7,3.5,0.0,90000.0
2025-01-03,14262,11,21.0,2.5,0.0,87800.0
2025-01-03,14262,9,17.0,10.2,0.0,85900.0
2025-01-03,14262,7,15.2,11.9,0.0,84300.0
2025-01-03,14262,16,23.2,4.7,0.0,90000.0
2025-01-03,14262,18,19.2,11.6,0.0,90000.0
2025-01-03,14262,8,15.6,12.6,0.0,88700.0
2025-01-03,14262,5,14.1,10.6,0.0,85700.0
2025-01-03,14262,23,15.9,16.2,0.0,80500.0
2025-01-03,14685,13,12.3,12.2,0.0,49000.0
2025-01-03,14685,6,0.5,0.8,0.0,13600.0
2025-01-03,14685,5,0.6,1.1,0.0,14100.0
2025-01-03,14685,16,15.5,22.0,0.0,65000.0
2025-01-03,14685,10,4.1,2.4,0.0,17700.0
2025-01-03,14685,20,10.4,2.3,0.0,42100.0
2025-01-03,14685,12,10.9,8.7,0.0,34900.0
2025-01-03,14685,17,15.4,22.0,0.0,60400.0
2025-01-03,14685,14,13.6,17.3,0.0,54700.0
2025-01-03,14685,19,12.1,9.1,0.0,46200.0
2025-01-03,14685,15,14.9,22.4,0.0,65400.0
2025-01-03,14685,8,0.4,4.3,0.0,15000.0
2025-01-03,14685,11,7.6,6.9,0.0,22400.0
2025-01-03,14685,7,0.5,2.5,0.0,13500.0
2025-01-03,14685,18,14.2,18.4,0.0,54000.0
2025-01-03,14893,12,10.6,10.9,1.8,12200.0
2025-01-03,14893,23,8.0,10.1,0.0,16200.0
2025-01-03,14893,6,10.5,15.2,0.0,17900.0
2025-01-03,14893,13,11.3,15.5,0.4,12200.0
2025-01-03,14893,11,10.2,8.3,0.0,9000.0
2025-01-03,14893,0,7.3,4.7,0.0,12900.0
2025-01-03,14893,22,8.7,8.2,0.0,20600.0
2025-01-03,14893,14,11.3,12.0,0.0,3100.0
2025-01-03,14893,8,10.1,12.1,0.0,15100.0
2025-01-03,14893,15,12.6,11.2,0.0,13200.0
2025-01-03,14893,17,14.1,9.4,0.0,22100.0
2025-01-03,14893,10,10.1,8.4,11.9,12300.0
2025-01-03,14893,5,8.9,9.9,0.0,13700.0
2025-01-03,14893,7,10.8,15.2,0.0,17600.0
2025-01-03,14893,16,13.6,11.4,0.0,15200.0
2025-01-03,14893,19,11.1,9.2,0.0,19700.0
2025-01-03,14893,9,10.4,13.0,0.0,16300.0
2025-01-03,14893,18,12.5,11.1,0.0,20500.0
2025-01-03,15016,13,0.6,18.7,0.0,31600.0
2025-01-03,15016,11,-1.2,18.7,0.0,24100.0
2025-01-03,15016,5,-1.1,15.8,0.0,20400.0
2025-01-03,15016,6,-1.3,13.3,0.0,21500.0
2025-01-03,15016,17,0.7,12.2,0.0,36400.0
2025-01-03,15016,9,-2.0,13.7,0.0,22500.0
2025-01-03,15016,10,-1.5,16.3,0.0,23400.0
2025-01-03,15016,7,-1.7,11.6,0.0,23400.0
2025-01-03,15016,14,1.0,15.1,0.0,32400.0
2025-01-03,15016,15,1.4,14.8,0.0,36300.0
2025-01-03,15016,19,-0.1,11.6,0.0,31600.0
2025-01-03,15016,12,-0.4,18.0,0.0,26300.0
2025-01-03,15016,21,-0.2,10.9,0.0,32900.0
2025-01-03,15016,18,-0.2,10.6,0.0,31400.0
2025-01-03,15016,8,-2.0,11.8,0.0,21700.0
2025-01-03,15027,18,25.9,15.1,0.0,24140.0
2025-01-03,15027,16,27.5,15.2,0.0,24140.0
2025-01-03,15027,15,27.9,15.9,0.0,24140.0
2025-01-03,15027,17,26.7,15.3,0.0,24140.0
2025-01-03,14843,18,26.0,13.0,0.0,24140.0
2025-01-03,14843,13,26.7,17.4,0.0,24140.0
2025-01-03,14843,14,26.6,17.0,0.0,24140.0
2025-01-03,14843,1,25.8,19.0,0.0,24140.0
2025-01-03,14843,9,26.7,17.3,0.0,24140.0
2025-01-03,14843,6,25.2,18.1,0.0,24140.0
2025-01-03,14843,16,26.4,16.3,0.0,24140.0
2025-01-03,14843,12,26.9,17.9,0.0,24140.0
2025-01-03,14843,7,25.1,16.9,0.0,24140.0
2025-01-03,14843,5,25.1,18.3,0.0,24140.0
2025-01-03,14843,22,25.5,9.5,0.0,24140.0
2025-01-03,14843,19,25.8,12.5,0.0,24140.0
2025-01-03,14843,17,26.3,14.3,0.0,24140.0
2025-01-03,14843,3,25.2,17.3,0.0,24140.0
2025-01-03,14843,21,25.6,9.6,0.0,24140.0
2025-01-03,14843,10,26.8,19.9,0.0,24140.0
2025-01-03,14843,20,25.7,11.2,0.0,24140.0
2025-01-03,14843,4,25.1,18.1,0.0,24140.0
2025-01-03,14843,11,26.8,19.1,0.0,24140.0
2025-01-03,14843,15,26.4,16.5,0.0,24140.0
2025-01-03,14843,8,25.3,16.4,0.0,24140.0
2025-01-03,14843,0,25.9,19.8,0.1,24140.0
2025-01-03,14843,2,25.5,16.9,0.0,24140.0
2025-01-03,14843,23,25.3,10.8,0.0,24140.0
2025-01-03,14908,9,8.5,0.8,0.0,500.0
2025-01-03,14908,6,9.7,1.5,0.0,200.0
2025-01-03,14908,7,9.2,4.4,0.0,500.0
2025-01-03,14908,18,14.2,9.2,0.0,20700.0
2025-01-03,14908,10,10.7,7.0,0.0,14400.0
2025-01-03,14908,11,12.8,5.4,0.0,22000.0
2025-01-03,14908,12,13.9,6.0,0.0,17900.0
2025-01-03,14908,13,14.4,6.1,0.0,22400.0
2025-01-03,14908,14,15.5,11.8,0.0,23200.0
2025-01-03,14908,16,17.4,12.1,0.0,37600.0
2025-01-03,14908,8,8.1,4.0,0.0,200.0
2025-01-03,14908,21,11.3,1.5,0.0,16800.0
2025-01-03,14908,19,13.1,2.4,0.0,16900.0
2025-01-03,14908,17,17.7,8.0,0.0,40800.0
2025-01-03,14908,20,12.2,6.6,0.0,19000.0
2025-01-03,14908,15,15.4,4.5,0.0,25500.0
2025-01-03,11697,10,17.5,7.1,0.0,15800.0
2025-01-03,11697,13,23.4,5.5,0.0,33400.0
2025-01-03,11697,15,25.4,12.9,0.0,53900.0
2025-01-03,11697,11,19.4,8.9,0.0,20200.0
2025-01-03,11697,17,24.4,14.5,0.0,48500.0
2025-01-03,11697,19,21.4,10.4,0.0,56500.0
2025-01-03,11697,6,14.9,6.1,0.0,13800.0
2025-01-03,11697,8,14.3,9.4,0.0,14500.0
2025-01-03,11697,12,21.2,6.9,0.0,22800.0
2025-01-03,11697,18,23.1,8.6,0.0,45200.0
2025-01-03,11697,14,24.9,10.2,0.0,42300.0
2025-01-03,11697,7,14.3,7.1,0.0,13800.0
2025-01-03,11697,16,25.2,11.8,0.0,51100.0
2025-01-03,11697,9,15.4,5.2,0.0,14500.0
2025-01-03,11697,20,18.4,5.8,0.0,58000.0
2025-01-03,11697,21,17.1,4.0,0.0,52600.0
2025-01-03,11697,22,15.9,4.1,0.0,56700.0
2025-01-03,11697,5,15.1,6.4,0.0,13900.0
2025-01-03,12266,7,14.5,4.1,0.0,14700.0
2025-01-03,12266,18,19.6,12.0,0.0,28800.0
2025-01-03,12266,14,19.0,11.0,0.0,21500.0
2025-01-03,12266,10,15.0,7.7,0.0,14500.0
2025-01-03,12266,6,14.1,8.5,0.0,14700.0
2025-01-03,12266,9,14.4,7.1,0.0,14100.0
2025-01-03,12266,16,20.3,9.4,0.0,24800.0
2025-01-03,12266,5,14.2,5.9,0.0,13100.0
2025-01-03,12266,8,14.3,3.9,0.0,14200.0
2025-01-03,12266,11,16.6,10.9,0.0,15900.0
2025-01-03,12266,19,18.3,10.9,0.0,25700.0
2025-01-03,12266,12,17.6,10.7,0.0,18700.0
2025-01-03,12266,15,20.4,10.0,0.0,25900.0
2025-01-03,12266,20,17.8,7.7,0.0,23600.0
2025-01-03,12266,22,17.1,7.2,0.0,19800.0
2025-01-03,12266,17,20.4,6.5,0.0,24300.0
2025-01-03,12266,21,17.3,6.4,0.0,19700.0
2025-01-03,12266,13,18.4,14.6,0.0,17700.0
2025-01-03,12266,23,16.5,3.5,0.0,21600.0
2025-01-03,15096,17,-0.4,19.9,0.0,34500.0
2025-01-03,15096,5,-2.5,27.4,0.0,27200.0
2025-01-03,15096,11,-1.1,23.1,0.0,26700.0
2025-01-03,15096,6,-2.3,22.5,0.0,27200.0
2025-01-03,15096,19,-0.6,22.1,0.0,28800.0
2025-01-03,15096,7,-2.6,23.0,0.0,27500.0
2025-01-03,15096,16,-0.3,22.9,0.0,34200.0
2025-01-03,15096,12,-0.7,26.4,0.0,27800.0
2025-01-03,15096,10,-1.2,21.7,0.0,28800.0
2025-01-03,15096,14,-0.2,25.0,0.0,32200.0
2025-01-03,15096,8,-2.4,24.9,0.0,28600.0
2025-01-03,14570,6,2.8,9.4,0.0,17200.0
2025-01-03,14570,12,13.7,10.0,0.0,68700.0
2025-01-03,14570,11,12.7,34.7,0.0,77100.0
2025-01-03,14570,14,8.8,8.7,0.0,31500.0
2025-01-03,14570,23,0.5,7.1,0.0,18500.0
2025-01-03,14570,15,7.6,25.6,0.4,17400.0
2025-01-03,14570,22,0.8,7.4,0.4,21200.0
2025-01-03,14570,13,11.8,8.9,0.0,48600.0
2025-01-03,14570,5,3.8,2.9,0.0,20900.0
2025-01-03,14570,20,1.9,4.6,0.0,26000.0
2025-01-03,14570,16,4.9,8.1,0.4,4700.0
2025-01-03,14570,18,3.6,16.0,1.1,19100.0
2025-01-03,14570,7,3.4,4.4,0.0,21600.0
2025-01-03,14570,17,3.4,14.2,0.4,15600.0
2025-01-03,14570,9,6.5,3.3,0.0,42800.0
2025-01-03,14570,10,9.1,10.6,0.0,67300.0
2025-01-03,14570,8,2.5,1.9,0.0,21400.0
2025-01-03,10529,13,3.1,20.4,0.0,49600.0
2025-01-03,10529,7,-0.1,8.7,0.0,38700.0
2025-01-03,10529,18,1.6,8.3,0.0,40800.0
2025-01-03,10529,10,0.6,15.9,0.0,39300.0
2025-01-03,10529,19,0.6,8.6,0.0,40900.0
2025-01-03,10529,6,0.0,13.5,0.0,40100.0
2025-01-03,10529,5,0.1,13.5,0.0,40800.0
2025-01-03,10529,11,1.6,16.9,0.0,42600.0
2025-01-03,10529,15,3.1,19.9,0.0,47200.0
2025-01-03,10529,22,-0.9,5.5,0.0,37600.0
2025-01-03,10529,9,-0.2,14.8,0.0,38500.0
2025-01-03,10529,16,2.8,19.4,0.0,45900.0
2025-01-03,10529,21,-0.7,5.2,0.0,37700.0
2025-01-03,10529,14,3.5,21.1,0.0,50000.0
2025-01-03,10529,17,2.2,16.6,0.0,45300.0
2025-01-03,10529,12,2.4,19.6,0.0,47900.0
2025-01-03,13487,6,-12.3,14.0,0.0,19400.0
2025-01-03,13487,14,-9.1,17.0,0.0,30300.0
2025-01-03,13487,18,-10.1,14.0,0.0,34700.0
2025-01-03,13487,7,-12.5,13.7,0.0,20500.0
2025-01-03,13487,8,-12.8,12.9,0.0,22500.0
2025-01-03,13487,10,-12.8,15.3,0.0,19700.0
2025-01-03,13487,13,-9.7,16.9,0.0,27700.0
2025-01-03,13487,15,-8.3,16.9,0.0,35500.0
2025-01-03,13487,9,-13.2,13.9,0.0,21000.0
2025-01-03,13487,5,-12.3,12.6,0.0,19200.0
2025-01-03,13487,16,-8.0,18.2,0.0,38900.0
2025-01-03,13487,11,-11.8,17.0,0.0,21900.0
2025-01-03,13487,12,-10.8,15.9,0.0,24700.0
2025-01-03,13487,21,-12.0,14.8,0.0,27600.0
2025-01-03,13487,20,-11.3,13.2,0.0,30400.0
2025-01-03,13487,22,-12.5,14.0,0.0,26100.0
2025-01-03,13487,19,-10.7,14.0,0.0,34800.0
2025-01-03,13487,17,-8.9,16.0,0.0,35700.0
2025-01-03,14730,11,0.7,18.2,0.0,30600.0
2025-01-03,14730,6,3.4,7.1,0.0,17300.0
2025-01-03,14730,7,3.5,7.9,0.0,18100.0
2025-01-03,14730,16,0.9,19.2,0.0,32900.0
2025-01-03,14730,8,3.1,15.8,0.0,22300.0
2025-01-03,14730,18,-0.3,15.9,0.0,36100.0
2025-01-03,14730,13,0.8,19.6,0.0,31700.0
2025-01-03,14730,17,0.6,18.1,0.0,34700.0
2025-01-03,14730,9,1.2,14.8,0.0,21900.0
2025-01-03,14730,21,-1.2,11.8,0.0,30700.0
2025-01-03,14730,14,0.7,21.1,0.0,30800.0
2025-01-03,14730,20,-1.0,12.5,0.0,33200.0
2025-01-03,14730,5,3.5,8.0,0.0,17700.0
2025-01-03,14730,15,0.8,18.8,0.0,32400.0
2025-01-03,14730,12,0.5,18.9,0.0,27300.0
2025-01-03,15370,15,6.3,6.2,0.0,29600.0
2025-01-03,15370,6,0.4,15.1,0.0,16300.0
2025-01-03,15370,18,6.7,5.1,0.0,35900.0
2025-01-03,15370,7,-0.1,13.9,0.0,15500.0
2025-01-03,15370,10,-0.2,11.0,0.0,15000.0
2025-01-03,15370,5,1.2,14.2,0.0,17400.0
2025-01-03,15370,9,-0.4,11.7,0.0,200.0
2025-01-03,15370,20,3.7,7.9,0.0,25200.0
2025-01-03,15370,12,1.1,8.8,0.0,15300.0
2025-01-03,15370,16,7.4,6.0,0.0,34500.0
2025-01-03,15370,17,7.7,7.6,0.0,34200.0
2025-01-03,15370,14,4.9,8.9,0.0,24300.0
2025-01-03,15370,8,-0.3,11.3,0.0,14400.0
2025-01-03,15370,11,0.3,11.9,0.0,200.0
2025-01-03,14747,22,5.1,9.2,0.0,13900.0
2025-01-03,14747,7,3.9,8.9,0.7,16600.0
2025-01-03,14747,13,6.0,4.8,2.5,13800.0
2025-01-03,14747,0,3.1,9.9,0.0,15200.0
2025-01-03,14747,14,6.2,4.7,0.4,13000.0
2025-01-03,14747,23,4.6,5.0,0.0,12500.0
2025-01-03,14747,15,6.6,7.0,0.0,13700.0
2025-01-03,14747,5,3.5,4.3,0.0,17600.0
2025-01-03,14747,11,6.0,12.6,1.1,9600.0
2025-01-03,14747,10,4.9,13.1,3.2,5000.0
2025-01-03,14747,20,6.2,3.3,0.0,16200.0
2025-01-03,14747,9,4.3,5.9,1.1,7600.0
2025-01-03,14747,19,6.4,4.2,0.0,15900.0
2025-01-03,14747,12,5.9,8.7,0.7,15900.0
2025-01-03,14747,17,6.6,6.5,0.0,15700.0
2025-01-03,14747,8,4.1,8.3,0.4,14000.0
2025-01-03,14747,21,6.0,3.3,0.0,12700.0
2025-01-03,14747,16,6.4,1.1,0.0,12500.0
2025-01-03,14747,18,6.3,4.7,0.0,16100.0
2025-01-03,14747,6,3.6,7.0,0.0,17600.0
2025-01-03,14193,19,13.8,10.8,0.0,61700.0
2025-01-03,14193,15,19.8,17.4,0.0,66500.0
2025-01-03,14193,11,15.4,15.0,0.0,38100.0
2025-01-03,14193,6,4.3,6.5,0.0,18800.0
2025-01-03,14193,10,12.8,6.4,0.0,46200.0
2025-01-03,14193,7,5.0,6.1,0.0,18000.0
2025-01-03,14193,17,18.3,16.4,0.0,65300.0
2025-01-03,14193,22,8.6,10.2,0.0,32600.0
2025-01-03,14193,9,9.0,5.9,0.0,22800.0
2025-01-03,14193,14,19.2,16.1,0.0,58300.0
2025-01-03,14193,16,19.5,16.6,0.0,71300.0
2025-01-03,14193,18,15.0,12.5,0.0,52400.0
2025-01-03,14193,5,4.1,7.2,0.0,27500.0
2025-01-03,14193,12,18.1,14.8,0.0,53900.0
2025-01-03,11066,19,-4.3,20.9,0.0,24500.0
2025-01-03,11066,11,-2.4,18.6,0.0,18500.0
2025-01-03,11066,15,-3.1,24.6,0.0,25800.0
2025-01-03,11066,20,-5.0,20.9,0.0,24400.0
2025-01-03,11066,5,-0.0,8.6,0.7,2100.0
2025-01-03,11066,7,0.5,11.9,0.4,4700.0
2025-01-03,11066,8,0.2,14.7,0.0,13800.0
2025-01-03,11066,6,0.1,9.0,0.7,2000.0
2025-01-03,11066,18,-4.4,18.1,0.0,18600.0
2025-01-03,11066,13,-2.8,24.3,0.0,22600.0
2025-01-03,11066,16,-3.1,26.6,0.0,24000.0
2025-01-03,11066,10,-1.5,20.0,0.0,17900.0
2025-01-03,11066,12,-2.5,21.8,0.0,19400.0
2025-01-03,11066,21,-5.4,18.2,0.0,22900.0
2025-01-03,11066,17,-3.0,25.7,0.0,26100.0
2025-01-03,10868,16,13.1,28.4,0.0,61200.0
2025-01-03,10868,7,-0.1,2.3,0.0,13300.0
2025-01-03,10868,11,6.5,10.0,0.0,31300.0
2025-01-03,10868,5,-0.4,1.1,0.0,13600.0
2025-01-03,10868,20,9.0,19.1,0.0,61500.0
2025-01-03,10868,19,10.2,22.7,0.0,60200.0
2025-01-03,10868,6,-0.3,1.1,0.0,13000.0
2025-01-03,10868,17,13.0,25.6,0.0,58600.0
2025-01-03,11603,13,9.8,12.2,0.0,18600.0
2025-01-03,11603,5,7.6,1.5,0.0,200.0
2025-01-03,11603,8,8.3,12.6,0.4,12200.0
2025-01-03,11603,7,7.7,5.6,2.5,12200.0
2025-01-03,11603,15,10.5,12.2,0.0,21200.0
2025-01-03,11603,11,10.4,11.4,0.0,19000.0
2025-01-03,11603,17,10.0,9.7,0.0,21500.0
2025-01-03,11603,6,7.7,4.2,0.0,11400.0
2025-01-03,11603,18,9.0,9.6,0.0,20000.0
2025-01-03,11986,6,-5.8,11.3,0.0,17100.0
2025-01-03,11986,19,-7.6,13.6,0.0,16100.0
2025-01-03,11986,14,-4.0,19.3,0.0,19100.0
2025-01-03,11986,11,-5.1,13.9,0.0,16500.0
2025-01-03,11986,5,-5.4,8.9,0.0,17600.0
2025-01-03,11986,7,-6.6,9.3,0.0,15100.0
2025-01-03,11986,16,-4.8,18.4,0.0,17400.0
2025-01-03,11986,18,-6.3,13.6,0.0,17300.0
2025-01-03,11986,12,-4.4,17.4,0.0,19500.0
2025-01-03,11986,13,-4.0,17.7,0.0,20600.0
2025-01-03,11986,10,-6.4,9.3,0.0,15700.0
2025-01-03,11986,20,-7.1,13.2,0.0,7400.0
2025-01-03,11986,22,-7.5,8.4,0.0,14600.0
2025-01-03,11986,8,-6.6,12.4,0.0,16200.0
2025-01-03,11986,9,-7.6,8.4,0.0,7600.0
2025-01-03,11986,15,-4.4,18.6,0.0,12100.0
2025-01-03,15412,16,4.9,19.5,0.0,33600.0
2025-01-03,15412,18,2.9,16.1,0.0,40800.0
2025-01-03,15412,10,0.8,11.0,0.0,17700.0
2025-01-03,15412,5,-0.1,4.8,0.0,18800.0
2025-01-03,15412,6,-0.0,6.6,0.0,18100.0
2025-01-03,15412,15,4.8,17.8,0.0,32700.0
2025-01-03,15412,8,-0.0,8.2,0.0,17900.0
2025-01-03,15412,17,4.2,16.9,0.0,38600.0
2025-01-03,15412,11,2.0,15.0,0.0,16600.0
2025-01-03,15412,19,1.3,7.6,0.0,33000.0
2025-01-03,15412,12,3.4,12.1,0.0,19000.0
2025-01-03,15412,22,-0.1,6.0,0.0,29300.0
2025-01-03,15412,13,4.2,15.3,0.0,20900.0
2025-01-03,15412,14,5.0,15.5,0.0,26400.0
2025-01-03,15412,7,-0.3,6.9,0.0,16100.0
2025-01-03,11193,12,-2.2,23.3,0.0,26800.0
2025-01-03,11193,5,0.4,6.6,0.4,7600.0
2025-01-03,11193,17,-2.1,20.0,0.0,36000.0
2025-01-03,11193,7,0.7,13.6,0.0,12100.0
2025-01-03,11193,9,-1.3,13.5,0.0,22000.0
2025-01-03,11193,18,-3.0,19.0,0.0,32800.0
2025-01-03,11193,6,0.7,11.3,0.7,13300.0
2025-01-03,11193,14,-2.1,23.6,0.0,31200.0
2025-01-03,11193,19,-4.2,14.5,0.0,33600.0
2025-01-03,11193,15,-2.0,21.6,0.0,31100.0
2025-01-03,11193,8,0.6,21.9,0.0,17500.0
2025-01-03,11193,13,-2.5,25.0,0.0,28200.0
2025-01-03,11193,10,-2.4,16.7,0.0,23900.0
2025-01-03,11193,16,-1.9,23.0,0.0,33100.0
2025-01-03,11193,11,-2.0,20.6,0.0,24800.0
2025-01-03,11193,20,-4.1,10.8,0.0,28700.0
2025-01-03,11423,14,-7.4,15.1,0.0,21200.0
2025-01-03,11423,5,-10.2,7.2,0.0,15900.0
2025-01-03,11423,6,-11.3,6.6,0.0,14900.0
2025-01-03,11423,17,-7.5,9.8,0.0,22000.0
2025-01-03,11423,11,-9.1,17.1,0.0,17900.0
2025-01-03,11423,18,-8.4,10.4,0.0,21600.0
2025-01-03,11423,7,-12.0,7.7,0.0,14400.0
2025-01-03,11423,13,-8.0,17.3,0.0,20800.0
2025-01-03,11423,12,-8.3,18.2,0.0,20600.0
2025-01-03,11423,8,-11.0,8.4,0.0,14900.0
2025-01-03,13342,18,-7.6,17.1,0.0,33600.0
2025-01-03,13342,6,-6.7,18.8,0.0,22200.0
2025-01-03,13342,7,-7.2,17.7,0.0,25300.0
2025-01-03,13342,16,-6.6,21.7,0.0,27900.0
2025-01-03,13342,14,-7.3,23.0,0.0,25000.0
2025-01-03,13342,11,-7.7,22.9,0.0,24500.0
2025-01-03,13342,5,-6.4,17.7,0.0,22700.0
2025-01-03,13342,15,-7.0,22.5,0.0,25800.0
2025-01-03,13342,17,-6.7,20.9,0.0,31600.0
2025-01-03,13342,13,-7.6,23.7,0.0,24800.0
2025-01-03,13342,9,-8.4,21.6,0.0,23000.0
2025-01-03,13342,8,-8.3,21.8,0.0,24300.0
2025-01-03,13342,12,-7.4,21.8,0.0,25500.0
2025-01-03,13851,10,0.2,9.2,0.0,13500.0
2025-01-03,13851,7,-0.4,11.7,0.0,15300.0
2025-01-03,13851,18,8.6,10.6,0.0,36800.0
2025-01-03,13851,6,0.5,11.9,0.0,17500.0
2025-01-03,13851,5,0.8,9.8,0.0,17300.0
2025-01-03,13851,14,6.7,9.7,0.0,23900.0
2025-01-03,13851,11,1.6,8.0,0.0,14200.0
2025-01-03,13851,20,5.1,8.4,0.0,27900.0
2025-01-03,13851,8,-1.1,10.4,0.0,14100.0
2025-01-03,13851,16,9.4,9.8,0.0,32300.0
2025-01-03,13851,12,3.4,11.8,0.0,16000.0
2025-01-03,13851,13,5.0,10.2,0.0,19000.0
2025-01-03,13851,9,-1.0,9.1,0.0,15400.0
2025-01-03,13851,15,8.8,7.6,0.0,31700.0
2025-01-03,13851,17,9.9,7.7,0.0,37300.0
2025-01-03,10257,16,1.1,17.2,0.0,39700.0
2025-01-03,10257,5,-0.1,19.7,0.0,30100.0
2025-01-03,10257,11,0.5,20.2,0.0,40700.0
2025-01-03,10257,20,-1.0,9.1,0.0,33700.0
2025-01-03,10257,10,-0.1,18.0,0.0,35400.0
2025-01-03,10257,6,-0.3,14.1,0.0,30400.0
2025-01-03,10257,12,1.1,18.9,0.0,43700.0
2025-01-03,10257,18,-0.4,12.4,0.0,37700.0
2025-01-03,10257,15,1.4,19.8,0.0,42800.0
2025-01-03,10257,21,-1.1,7.7,0.0,36800.0
2025-01-03,10257,19,-0.7,7.7,0.0,36900.0
2025-01-03,10257,14,1.6,21.9,0.0,45300.0
2025-01-03,10257,17,0.1,16.2,0.0,42800.0
2025-01-03,12264,17,2.1,20.6,0.0,39600.0
2025-01-03,12264,6,-1.5,3.3,0.0,33900.0
2025-01-03,12264,18,0.1,20.7,0.0,44100.0
2025-01-03,12264,9,-1.9,3.6,0.0,27800.0
2025-01-03,12264,7,-1.6,2.9,0.0,31400.0
2025-01-03,12264,12,2.5,6.0,0.0,25800.0
2025-01-03,12264,10,-1.3,6.6,0.0,21700.0
2025-01-03,12264,16,3.5,23.0,0.4,39200.0
2025-01-03,12264,21,-1.3,26.5,0.0,37400.0
2025-01-03,12264,15,4.8,11.2,0.0,32400.0
2025-01-03,12264,8,-2.3,2.2,0.0,25300.0
2025-01-03,12264,19,-0.3,5.4,0.0,47500.0
2025-01-03,12264,20,-1.1,30.4,0.0,36700.0
2025-01-03,12264,5,-1.0,3.8,0.0,33500.0
2025-01-03,12264,13,4.3,8.5,0.0,30000.0
2025-01-03,12264,14,4.0,6.2,0.0,25500.0
2025-01-03,12264,22,-2.0,25.5,0.0,36800.0
2025-01-03,14122,19,-4.0,18.8,0.7,3800.0
2025-01-03,14122,17,-3.4,25.9,0.0,12600.0
2025-01-03,14122,11,-1.8,7.6,0.4,9200.0
2025-01-03,14122,9,-3.7,3.0,0.0,700.0
2025-01-03,14122,13,-0.6,15.6,0.0,17200.0
2025-01-03,14122,15,-1.5,19.5,0.0,21100.0
2025-01-03,14122,7,-2.4,8.1,0.0,15900.0
2025-01-03,14122,6,-2.0,10.3,0.0,17800.0
2025-01-03,14122,5,-1.7,8.9,0.0,19500.0
2025-01-03,14122,8,-2.4,6.6,0.4,1500.0
2025-01-03,14122,10,-2.6,3.7,0.4,2000.0
2025-01-03,14122,16,-2.6,18.8,0.0,19500.0
2025-01-03,14122,14,-1.3,19.5,0.0,18000.0
2025-01-03,14122,12,-1.0,8.8,0.0,14400.0
2025-01-03,14122,20,-5.0,13.0,0.0,18300.0
2025-01-03,15024,16,26.2,19.3,0.2,24140.0
2025-01-03,15024,14,25.4,23.0,0.1,24140.0
2025-01-03,15024,17,26.4,19.3,0.0,24140.0
2025-01-03,15024,13,26.7,17.0,0.0,24140.0
2025-01-03,15024,18,26.4,21.0,0.0,24140.0
2025-01-03,15024,12,26.2,20.0,0.0,24140.0
2025-01-03,15024,15,26.1,19.1,0.2,24140.0
2025-01-03,15024,11,26.3,21.8,0.0,24140.0
2025-01-03,10279,5,-2.1,0.8,0.0,18600.0
2025-01-03,10279,7,-3.4,2.5,0.0,16100.0
2025-01-03,10279,12,4.9,19.1,0.0,22900.0
2025-01-03,10279,6,-2.7,4.0,0.0,17200.0
2025-01-03,10279,10,-2.2,4.1,0.0,14800.0
2025-01-03,10279,18,12.8,26.5,0.0,46000.0
2025-01-03,10279,16,13.7,30.1,0.0,41200.0
2025-01-03,10279,17,13.7,28.0,0.0,43700.0
2025-01-03,10279,8,-4.1,0.8,0.0,14200.0
2025-01-03,14831,11,11.3,5.0,0.0,16800.0
2025-01-03,14831,14,12.9,5.9,0.0,13800.0
2025-01-03,14831,6,8.7,6.2,0.0,15100.0
2025-01-03,14831,19,11.7,4.3,0.0,19800.0
2025-01-03,14831,17,14.2,15.3,0.0,21400.0
2025-01-03,14831,12,11.5,10.1,0.4,13100.0
2025-01-03,14831,7,8.8,1.6,0.0,13800.0
2025-01-03,14831,5,8.5,5.8,0.0,15300.0
2025-01-03,14831,13,12.0,8.0,0.4,12200.0
2025-01-03,14831,22,8.8,5.8,0.0,13900.0
2025-01-03,14831,8,9.4,3.1,0.0,17300.0
2025-01-03,14831,20,10.7,2.0,0.0,17400.0
2025-01-03,14831,18,12.5,11.2,0.0,18500.0
2025-01-03,14831,10,11.8,7.8,0.0,18400.0
2025-01-03,14831,21,9.7,2.3,0.0,15400.0
2025-01-03,14831,15,14.5,2.2,0.0,15500.0
2025-01-03,14831,16,15.1,6.0,0.0,18300.0
2025-01-03,14831,9,10.4,8.0,0.0,15700.0
2025-01-03,10599,6,1.3,2.2,0.0,19300.0
2025-01-03,10599,7,0.8,3.6,0.0,16900.0
2025-01-03,10599,19,7.5,6.4,0.0,56300.0
2025-01-03,10599,5,1.7,0.7,0.0,20800.0
2025-01-03,10599,17,11.3,18.4,0.0,67400.0
2025-01-03,10599,13,12.1,19.3,0.0,36700.0
2025-01-03,10599,9,2.4,2.5,0.0,17200.0
2025-01-03,10599,14,12.9,21.6,0.0,42200.0
2025-01-03,10599,10,5.5,5.4,0.0,21600.0
2025-01-03,10599,12,10.6,15.3,0.0,31900.0
2025-01-03,10599,11,8.7,10.3,0.0,27000.0
2025-01-03,10599,8,0.3,2.0,0.0,16600.0
2025-01-03,10599,15,13.1,21.3,0.0,54000.0
2025-01-03,13476,9,11.4,7.9,0.0,18300.0
2025-01-03,13476,12,13.3,13.0,0.0,15400.0
2025-01-03,13476,14,12.5,8.8,1.1,13900.0
2025-01-03,13476,6,10.3,9.5,0.0,15900.0
2025-01-03,13476,15,13.2,11.2,0.0,15400.0
2025-01-03,13476,16,12.8,11.8,0.0,14600.0
2025-01-03,13476,7,10.9,9.5,0.0,13300.0
2025-01-03,14698,12,12.6,6.3,0.0,16300.0
2025-01-03,14698,16,14.5,11.0,0.0,21000.0
2025-01-03,14698,6,8.6,7.9,0.0,20400.0
2025-01-03,14698,15,16.0,13.5,0.0,22200.0
2025-01-03,14698,8,7.4,13.9,0.0,15700.0
2025-01-03,14698,14,16.6,7.6,0.0,33800.0
2025-01-03,14698,18,12.9,6.2,0.0,13000.0
2025-01-03,14698,19,12.5,2.5,0.0,14700.0
2025-01-03,14698,7,8.0,5.3,0.0,20700.0
2025-01-03,14698,5,8.3,3.9,0.0,22100.0
2025-01-03,15624,12,16.1,12.0,0.0,37700.0
2025-01-03,15624,16,17.5,13.8,0.0,49200.0
2025-01-03,15624,13,17.4,15.7,0.0,44700.0
2025-01-03,15624,19,11.6,6.4,0.0,40200.0
2025-01-03,15624,9,5.8,1.6,0.0,13700.0
2025-01-03,15624,6,2.9,2.6,0.0,13600.0
2025-01-03,15624,11,15.0,9.4,0.0,36800.0
2025-01-03,15624,17,16.2,14.3,0.0,46200.0
2025-01-03,15624,7,3.0,3.6,0.0,14800.0
2025-01-03,15624,10,10.3,3.7,0.0,20300.0
2025-01-03,15919,17,8.4,6.0,0.0,45900.0
2025-01-03,15919,5,-0.2,6.2,0.0,13700.0
2025-01-03,15919,14,6.6,2.9,0.0,30100.0
2025-01-03,15919,15,7.7,4.3,0.0,35900.0
2025-01-03,15919,9,-1.1,7.9,0.0,13100.0
2025-01-03,15919,8,-1.0,4.5,0.0,12900.0
2025-01-03,15919,7,-0.6,4.0,0.0,13300.0
2025-01-03,15919,16,8.4,4.7,0.0,43500.0
2025-01-03,15919,10,-0.7,10.5,0.0,12200.0
2025-01-03,15919,12,2.3,9.7,0.0,14700.0
2025-01-03,15919,6,-0.3,4.7,0.0,14300.0
2025-01-03,15919,19,4.8,7.8,0.0,41600.0
2025-01-03,15919,18,6.9,7.5,0.0,44100.0
2025-01-03,15919,11,0.4,10.4,0.0,200.0
2025-01-03,11884,6,1.3,3.8,0.0,12300.0
2025-01-03,11884,5,1.6,3.5,0.0,13300.0
2025-01-03,11884,23,0.6,2.3,1.1,8700.0
2025-01-03,11884,13,2.3,8.2,1.4,4500.0
2025-01-03,11884,7,1.0,2.1,0.0,12200.0
2025-01-03,11884,12,1.8,7.4,0.0,12300.0
2025-01-03,11884,10,0.8,6.4,0.0,12200.0
2025-01-03,11884,22,0.9,3.1,0.7,3100.0
2025-01-03,11884,9,0.3,1.6,0.0,12200.0
2025-01-03,11884,11,1.7,7.1,0.0,14100.0
2025-01-03,11884,14,2.6,5.1,0.7,13500.0
2025-01-03,11884,15,2.5,4.1,0.7,12200.0
2025-01-03,11884,19,1.4,4.6,1.1,9700.0
2025-01-03,11884,17,1.6,6.3,1.4,7100.0
2025-01-03,11996,16,9.6,28.2,0.0,59800.0
2025-01-03,11996,6,-0.4,3.9,0.0,27900.0
2025-01-03,11996,7,-0.5,6.6,0.0,23400.0
2025-01-03,11996,11,4.3,12.0,0.0,35100.0
2025-01-03,11996,10,1.6,5.4,0.0,27000.0
2025-01-03,11996,19,5.3,21.3,0.0,49600.0
2025-01-03,11996,5,-0.5,6.0,0.0,28300.0
2025-01-03,11996,15,10.1,30.3,0.0,52300.0
2025-01-03,11996,8,-0.0,4.7,0.0,25300.0
2025-01-03,11996,12,7.4,16.7,0.0,50700.0
2025-01-03,11996,9,-0.0,8.1,0.0,27700.0
2025-01-03,11996,14,10.4,21.6,0.0,51000.0
2025-01-03,11996,18,7.0,26.0,0.0,55800.0
2025-01-03,10849,15,-1.8,21.3,0.0,22300.0
2025-01-03,10849,14,-2.6,29.2,0.0,22500.0
2025-01-03,10849,13,-3.0,33.0,0.0,23400.0
2025-01-03,10849,18,-4.5,18.1,0.0,20000.0
2025-01-03,10849,12,-3.6,36.1,0.0,22100.0
2025-01-03,10849,5,-1.3,8.7,0.0,21700.0
2025-01-03,10849,11,-3.8,34.5,0.0,300.0
2025-01-03,10849,16,-2.8,26.6,0.0,24800.0
2025-01-03,10849,7,-0.9,10.4,0.0,22300.0
2025-01-03,10849,10,-2.4,22.7,0.0,20600.0
2025-01-03,12012,12,-13.0,4.8,0.0,1100.0
2025-01-03,12012,14,-10.5,4.3,0.0,12200.0
2025-01-03,12012,13,-11.3,7.3,0.0,12300.0
2025-01-03,12012,15,-9.0,7.6,0.0,12600.0
2025-01-03,12012,7,-16.7,12.4,0.0,100.0
2025-01-03,12094,13,3.9,6.6,0.0,39000.0
2025-01-03,12094,14,5.1,7.6,0.0,42800.0
2025-01-03,12094,15,5.5,6.2,0.0,41000.0
2025-01-03,12094,12,2.1,6.2,0.0,32300.0
2025-01-03,12094,16,5.6,5.5,0.0,40600.0
2025-01-03,12094,11,-1.0,3.6,0.0,21200.0
2025-01-03,12982,16,24.0,11.6,0.2,24140.0
2025-01-03,12982,22,19.9,5.2,0.0,24140.0
2025-01-03,12982,23,19.8,6.3,0.0,24140.0
2025-01-03,12982,14,25.8,9.4,0.0,24140.0
2025-01-03,12982,21,20.1,5.2,0.0,24140.0
2025-01-03,12982,6,18.8,4.9,0.0,24140.0
2025-01-03,12982,7,17.8,4.0,0.0,24140.0
2025-01-03,12982,9,23.0,5.2,0.0,24140.0
2025-01-03,12982,8,18.8,5.1,0.0,24140.0
2025-01-03,12982,10,24.7,3.1,0.0,24140.0
2025-01-03,12982,11,25.4,5.1,0.0,24140.0
2025-01-03,12982,12,25.9,6.7,0.0,24140.0
2025-01-03,12982,13,25.9,8.5,0.0,24140.0
2025-01-03,12982,15,24.2,12.3,0.7,24140.0
2025-01-03,12982,17,23.9,9.1,0.0,24140.0
2025-01-03,12982,18,22.6,4.3,0.0,24140.0
2025-01-03,12982,19,21.1,4.6,0.0,24140.0
2025-01-03,12982,20,20.4,4.6,0.0,24140.0
2025-01-03,11775,13,-7.7,13.0,0.0,26400.0
2025-01-03,11775,6,-11.7,12.1,0.0,19300.0
2025-01-03,11775,5,-11.7,14.2,0.0,19100.0
2025-01-03,11775,20,-10.5,11.9,0.0,22700.0
2025-01-03,11775,18,-8.2,12.4,0.0,29200.0
2025-01-03,11775,12,-8.9,12.7,0.0,24400.0
2025-01-03,11775,9,-11.4,11.5,0.0,18900.0
2025-01-03,11775,17,-6.9,15.1,0.0,30000.0
2025-01-03,11775,11,-10.1,12.5,0.0,20600.0
2025-01-03,11775,19,-9.4,11.6,0.0,26100.0
2025-01-03,11775,14,-6.7,15.5,0.0,30500.0
2025-01-03,14689,13,15.3,7.6,0.0,17100.0
2025-01-03,14689,12,13.9,7.9,0.0,16300.0
2025-01-03,14689,18,13.3,4.0,0.0,18900.0
2025-01-03,14689,5,12.1,4.2,0.0,100.0
2025-01-03,14689,7,12.2,2.2,0.0,100.0
2025-01-03,14689,6,12.2,4.9,0.0,0.0
2025-01-03,14689,9,12.0,6.0,0.0,12200.0
2025-01-03,14689,16,16.1,5.2,0.0,18900.0
2025-01-03,14689,11,13.1,7.2,0.0,200.0
2025-01-03,14689,19,11.5,5.5,0.0,12200.0
2025-01-03,14689,14,15.0,9.9,0.0,16200.0
2025-01-03,13486,13,1.1,9.7,0.4,14700.0
2025-01-03,13486,14,1.3,0.4,1.8,4900.0
2025-01-03,13486,8,0.0,4.7,0.0,15200.0
2025-01-03,13486,16,1.8,8.6,0.4,300.0
2025-01-03,13486,18,2.2,7.9,0.0,16000.0
2025-01-03,13486,5,0.3,6.1,0.0,300.0
2025-01-03,13486,12,0.9,6.3,0.4,13400.0
2025-01-03,13486,6,0.1,5.6,0.0,600.0
2025-01-03,14321,5,-0.9,25.7,0.0,33700.0
2025-01-03,14321,6,-1.0,23.4,0.0,32800.0
2025-01-03,14321,11,-0.2,28.0,0.0,34800.0
2025-01-03,14321,12,0.1,26.3,0.0,36400.0
2025-01-03,14321,16,0.2,24.2,0.0,42600.0
2025-01-03,14321,8,-1.4,23.8,0.0,36300.0
2025-01-03,14321,14,0.9,27.3,0.0,46200.0
2025-01-03,12992,6,2.8,5.9,0.0,15300.0
2025-01-03,12992,18,10.0,7.2,0.0,43800.0
2025-01-03,12992,7,2.9,5.6,0.0,15400.0
2025-01-03,12992,19,7.7,4.7,0.0,35900.0
2025-01-03,12992,16,12.3,6.2,0.0,44200.0
2025-01-03,12992,9,3.2,9.2,0.0,15600.0
2025-01-03,12992,12,9.1,10.1,0.0,26900.0
2025-01-03,12992,20,6.3,2.7,0.0,31000.0
2025-01-03,12992,11,7.6,10.3,0.0,22000.0
2025-01-03,12992,5,3.0,4.3,0.0,16100.0
2025-01-03,12992,15,12.2,4.9,0.0,42500.0
2025-01-03,12992,17,11.8,9.4,0.0,46600.0
2025-01-03,12992,13,10.3,6.1,0.0,36300.0
2025-01-03,12992,8,2.7,8.5,0.0,16000.0
2025-01-03,13230,6,-1.1,12.5,0.0,31500.0
2025-01-03,13230,14,0.8,7.1,0.0,20900.0
2025-01-03,13230,9,-2.4,9.8,0.0,28600.0
2025-01-03,13230,17,0.1,4.4,0.0,4100.0
2025-01-03,13230,21,-1.3,22.6,0.0,18300.0
2025-01-03,13230,19,-0.5,18.8,0.0,17000.0
2025-01-03,13230,5,-0.8,15.9,0.0,33900.0
2025-01-03,13230,12,0.5,5.8,0.0,32100.0
2025-01-03,12758,15,-0.5,17.0,0.0,24140.0
2025-01-03,12758,21,-4.4,10.6,0.0,24140.0
2025-01-03,12758,20,-3.8,12.0,0.0,24140.0
2025-01-03,12758,16,-0.9,17.1,0.0,24140.0
2025-01-03,12758,13,-0.8,15.4,0.0,24140.0
2025-01-03,12758,17,-2.0,15.7,0.0,24140.0
2025-01-03,12758,14,-0.4,17.3,0.0,24140.0
2025-01-03,12758,23,-5.7,7.3,0.0,24140.0
2025-01-03,12758,11,-4.2,7.0,0.0,24140.0
2025-01-03,12758,6,-8.5,9.1,0.0,24140.0
2025-01-03,12758,7,-8.9,8.4,0.0,24140.0
2025-01-03,12758,9,-8.6,7.9,0.0,24140.0
2025-01-03,12758,8,-9.2,8.2,0.0,24140.0
2025-01-03,12758,10,-6.7,7.7,0.0,24140.0
2025-01-03,12758,12,-2.4,9.0,0.0,24140.0
2025-01-03,12758,18,-2.7,13.4,0.0,24140.0
2025-01-03,12758,19,-3.4,13.1,0.0,24140.0
2025-01-03,12278,18,5.6,7.8,0.0,51500.0
2025-01-03,12278,5,-1.4,14.8,0.0,16900.0
2025-01-03,12278,10,-3.4,10.5,0.0,17700.0
2025-01-03,12278,20,1.8,9.0,0.0,34100.0
2025-01-03,12278,14,4.0,6.4,0.0,43500.0
2025-01-03,12278,12,0.4,9.3,0.0,27200.0
2025-01-03,12278,13,2.3,9.5,0.0,34700.0
2025-01-03,12278,6,-1.7,16.1,0.0,19400.0
2025-01-03,12278,11,-1.8,10.3,0.0,20400.0
2025-01-03,12278,17,6.8,8.7,0.0,52100.0
2025-01-03,12278,9,-4.0,12.0,0.0,19000.0
2025-01-03,12278,16,6.2,8.0,0.0,45600.0
2025-01-03,12278,8,-3.2,13.8,0.0,17300.0
2025-01-03,11630,15,-27.1,5.4,0.0,24140.0
2025-01-03,11630,5,-27.1,6.6,0.0,24140.0
2025-01-03,11630,1,-27.0,7.9,0.0,24140.0
2025-01-03,11630,11,-26.6,9.0,0.0,24140.0
2025-01-03,11630,2,-27.0,7.8,0.0,24140.0
2025-01-03,11630,0,-27.0,7.5,0.0,24140.0
2025-01-03,11630,7,-27.2,8.1,0.0,24140.0
2025-01-03,13796,6,8.2,5.2,0.0,12800.0
2025-01-03,13796,15,13.9,18.1,0.0,16800.0
2025-01-03,13796,5,8.1,7.6,0.0,14100.0
2025-01-03,13796,17,13.3,15.3,0.0,17200.0
2025-01-03,13796,7,9.2,6.4,0.0,13800.0
2025-01-03,13796,8,9.5,7.7,0.4,12200.0
2025-01-03,13796,9,9.9,5.6,0.0,12200.0
2025-01-03,13796,16,13.6,17.7,0.0,17300.0
2025-01-03,13796,10,10.3,9.4,1.1,12400.0
2025-01-03,13796,21,9.4,4.6,0.0,13100.0
2025-01-03,13796,14,12.9,9.7,0.0,13700.0
2025-01-03,13796,11,10.5,10.9,0.7,12200.0
2025-01-03,13796,18,11.6,8.9,0.0,16400.0
2025-01-03,13796,12,11.0,5.1,0.7,12200.0
2025-01-03,13970,11,-14.2,18.8,0.0,24140.0
2025-01-03,12523,8,-9.4,8.6,0.2,180.0
2025-01-03,12523,5,-9.6,8.7,0.1,280.0
2025-01-03,12523,7,-9.4,8.6,0.2,320.0
2025-01-03,12523,9,-9.3,8.6,0.3,180.0
2025-01-03,12523,13,-8.8,8.2,0.1,240.0
2025-01-03,12523,19,-10.5,10.6,0.0,520.0
2025-01-03,12523,20,-11.0,9.7,0.0,5860.0
2025-01-03,12523,22,-11.3,8.8,0.0,19340.0
2025-01-03,13873,17,-10.5,24.0,0.0,24140.0
2025-01-03,10170,7,-1.0,13.4,0.0,24140.0
2025-01-03,10170,15,2.0,12.6,0.0,23520.0
2025-01-03,14004,16,5.7,7.5,0.4,10400.0
2025-01-03,14004,7,3.4,7.6,0.0,18400.0
2025-01-03,14004,20,5.8,5.4,0.0,14800.0
2025-01-03,10551,12,-17.0,21.7,0.0,24140.0
2025-01-03,10551,19,-16.6,28.7,0.0,24140.0
2025-01-03,10754,17,5.9,15.8,0.0,32720.0
2025-01-03,14709,8,-12.4,22.2,0.0,24140.0
2025-01-03,14709,18,-13.1,25.0,0.0,24140.0
2025-01-03,11259,16,17.8,6.6,0.0,31500.0
2025-01-03,11259,12,13.6,6.8,0.0,24800.0
2025-01-03,11259,8,4.9,6.4,0.0,13200.0
2025-01-03,11259,15,17.1,7.5,0.0,31400.0
2025-01-03,11259,6,5.4,4.6,0.0,13400.0
2025-01-03,12819,9,-1.9,8.7,2.8,120.0
2025-01-03,12819,13,-0.3,7.3,0.0,2440.0
2025-01-03,12819,17,-0.6,5.2,0.0,24140.0
2025-01-03,12819,20,-3.5,3.3,0.0,16760.0
2025-01-03,10926,13,-5.4,13.1,0.0,24140.0
2025-01-03,10926,15,-4.7,15.3,0.2,24140.0
2025-01-03,15991,11,-7.1,6.8,0.0,24140.0
2025-01-03,15991,17,-5.7,15.1,0.0,24140.0
2025-01-03,14828,11,0.2,14.7,0.0,23300.0
2025-01-03,14828,19,0.1,17.5,0.0,23100.0
2025-01-03,14828,6,-1.0,19.1,0.0,6240.0
2025-01-03,14256,15,-0.0,3.9,0.0,8080.0
2025-01-03,14256,12,-0.5,3.5,0.0,1660.0
2025-01-03,15841,16,-1.3,7.0,0.0,24140.0
2025-01-03,15841,11,-2.5,6.7,0.0,10260.0
2025-01-03,12197,6,-0.2,22.0,0.0,42400.0
2025-01-03,12197,18,2.4,15.5,0.0,44500.0
2025-01-03,12197,10,1.1,16.9,0.0,42500.0
2025-01-03,12197,15,3.1,19.6,0.0,42800.0
2025-01-03,12197,20,0.3,12.4,0.0,39800.0
2025-01-03,12197,19,1.0,13.0,0.0,40400.0
2025-01-03,12197,7,-0.2,20.2,0.0,46700.0
2025-01-03,12197,8,-0.2,18.8,0.0,46100.0
2025-01-03,12197,14,3.3,20.2,0.0,42600.0
2025-01-03,12197,16,3.0,19.5,0.0,44400.0
2025-01-03,12197,13,3.2,21.6,0.0,44300.0
2025-01-03,12197,9,-0.0,17.7,0.0,46700.0
2025-01-03,12197,12,2.8,22.5,0.0,44500.0
2025-01-03,12197,11,2.2,19.8,0.0,43200.0
2025-01-03,12197,17,2.8,16.8,0.0,44400.0
2025-01-03,14254,1,20.7,9.4,0.0,24140.0
2025-01-03,14254,10,22.4,8.3,0.0,24140.0
2025-01-03,14254,4,18.8,7.4,0.0,24140.0
2025-01-03,14254,13,24.9,17.8,0.0,24140.0
2025-01-03,10732,17,26.5,13.1,0.0,24140.0
2025-01-03,10732,2,22.5,13.0,0.0,21040.0
2025-01-03,10732,21,24.4,10.3,0.0,24140.0
2025-01-03,10732,4,22.5,12.5,0.0,24140.0
2025-01-03,10732,20,23.4,10.7,0.0,24140.0
2025-01-03,10732,18,25.3,11.1,0.0,24140.0
2025-01-03,10732,3,22.6,12.8,0.0,24140.0
2025-01-03,10732,1,22.5,12.6,0.0,24140.0
2025-01-03,13933,13,1.4,25.9,0.0,41200.0
2025-01-03,13933,16,1.4,20.5,0.0,44000.0
2025-01-03,12391,12,2.8,21.0,0.0,39000.0
2025-01-03,12391,14,3.9,20.0,0.0,45400.0
2025-01-03,12391,16,3.2,21.6,0.0,36300.0
2025-01-03,12391,8,-0.2,18.5,0.0,33700.0
2025-01-03,12391,20,1.1,16.7,0.0,40800.0
2025-01-03,12391,5,-0.0,22.3,0.0,37500.0
2025-01-03,12391,21,0.0,9.8,0.0,34000.0
2025-01-03,12191,15,20.4,10.0,0.0,25900.0
2025-01-03,12191,18,19.6,12.0,0.0,28800.0
2025-01-03,12191,10,15.0,7.7,0.0,14500.0
2025-01-03,12191,6,14.1,8.5,0.0,14700.0
2025-01-03,12191,19,18.3,10.9,0.0,25700.0
2025-01-03,12191,8,14.3,3.9,0.0,14200.0
2025-01-03,12191,12,17.6,10.7,0.0,18700.0
2025-01-03,12191,9,14.4,7.1,0.0,14100.0
2025-01-03,12191,16,20.3,9.4,0.0,24800.0
2025-01-03,12191,20,17.8,7.7,0.0,23600.0
2025-01-03,13232,10,-5.7,19.4,0.0,22900.0
2025-01-03,13232,6,-4.9,8.6,0.0,18700.0
2025-01-03,13232,17,-4.6,19.8,0.0,32900.0
2025-01-03,13232,12,-4.7,17.7,0.0,26900.0
2025-01-03,13232,9,-5.8,14.9,0.0,23000.0
2025-01-03,13232,14,-4.1,19.7,0.0,30900.0
2025-01-03,13232,20,-6.0,14.0,0.0,33400.0
2025-01-03,13232,8,-5.5,17.1,0.0,20900.0
2025-01-03,13232,13,-4.3,19.1,0.0,28300.0
2025-01-03,13232,18,-5.2,16.3,0.0,35900.0
2025-01-03,13232,16,-4.3,20.7,0.0,33200.0
2025-01-03,13232,11,-5.2,20.5,0.0,27500.0
2025-01-03,13577,7,-0.0,7.9,0.0,19000.0
2025-01-03,13577,11,6.5,6.1,0.0,25300.0
2025-01-03,13577,6,0.1,6.6,0.0,19800.0
2025-01-03,13577,18,11.7,20.7,0.0,59800.0
2025-01-03,13577,14,11.8,20.3,0.0,53700.0
2025-01-03,13577,16,13.5,24.0,0.0,71400.0
2025-01-03,13577,17,13.0,27.8,0.0,63000.0
2025-01-03,13577,9,0.8,8.6,0.0,16900.0
2025-01-03,13577,20,9.8,16.6,0.0,53400.0
2025-01-03,13577,5,0.1,7.7,0.0,18100.0
2025-01-03,13577,10,3.2,5.8,0.0,18900.0
2025-01-03,13577,19,10.5,18.0,0.0,55300.0
2025-01-03,13577,12,9.8,10.6,0.0,44100.0
2025-01-03,12954,13,13.5,5.2,0.0,2600.0
2025-01-03,12954,7,11.9,5.6,0.0,200.0
2025-01-03,12954,9,11.0,2.5,0.0,200.0
2025-01-03,12954,17,14.8,9.0,0.0,18500.0
2025-01-03,11953,6,1.6,4.3,0.0,17700.0
2025-01-03,11953,15,17.8,15.8,0.0,72600.0
2025-01-03,11953,10,6.0,3.6,0.0,20600.0
2025-01-03,11953,16,17.7,15.8,0.0,70100.0
2025-01-03,10620,5,-8.5,16.7,0.0,3100.0
2025-01-03,10620,6,-8.4,15.8,0.0,7000.0
2025-01-03,10620,18,-9.9,14.5,0.4,6100.0
2025-01-03,10620,10,-10.4,15.0,0.0,14500.0
2025-01-03,10620,13,-9.8,13.0,0.0,15100.0
2025-01-03,10620,11,-10.4,15.5,0.0,14700.0
2025-01-03,10620,17,-9.7,15.3,0.0,5200.0
2025-01-03,10785,5,-1.6,17.7,0.0,32700.0
2025-01-03,10785,11,-2.9,17.8,0.0,32500.0
2025-01-03,10785,7,-2.6,22.0,0.0,34400.0
2025-01-03,10785,16,-0.5,15.8,0.0,47800.0
2025-01-03,10785,12,-1.7,16.9,0.0,37800.0
2025-01-03,10785,14,0.0,17.6,0.0,49500.0
2025-01-03,10785,17,-1.3,16.6,0.0,47300.0
2025-01-03,10785,15,-0.3,18.4,0.0,51900.0
2025-01-03,10785,6,-2.4,15.0,0.0,31400.0
2025-01-03,10781,19,15.9,2.3,0.0,32300.0
2025-01-03,10781,5,12.8,4.4,0.0,16200.0
2025-01-03,10781,10,15.0,8.2,0.0,18300.0
2025-01-03,10781,14,19.9,11.1,0.0,40400.0
2025-01-03,10781,18,18.5,5.2,0.0,40700.0
2025-01-03,10781,16,20.0,11.1,0.0,42700.0
2025-01-03,10781,12,17.7,11.4,0.0,29800.0
2025-01-03,10781,7,12.6,6.5,0.0,14600.0
2025-01-03,13360,6,10.3,7.9,0.0,16800.0
2025-01-03,13360,11,14.7,12.6,0.0,21500.0
2025-01-03,13360,17,17.7,12.8,0.0,50000.0
2025-01-03,13360,12,16.7,9.4,0.0,30900.0
2025-01-03,13360,21,11.3,8.0,0.0,34800.0
2025-01-03,13360,19,14.1,10.0,0.0,41400.0
2025-01-03,13360,13,17.8,6.6,0.0,33800.0
2025-01-03,15249,8,0.4,5.8,0.0,19600.0
2025-01-03,15249,6,0.9,5.8,0.0,21500.0
2025-01-03,15249,18,17.1,16.5,0.0,53600.0
2025-01-03,15249,11,9.1,2.4,0.0,25900.0
2025-01-03,15249,20,12.5,7.9,0.0,37800.0
2025-01-03,15249,7,0.9,7.2,0.0,21700.0
2025-01-03,15249,13,16.3,15.3,0.0,45200.0
2025-01-03,11252,7,5.8,6.6,0.0,16800.0
2025-01-03,11252,14,16.8,10.6,0.0,62900.0
2025-01-03,11252,11,13.2,9.1,0.0,28300.0
2025-01-03,11252,18,16.7,13.1,0.0,73500.0
2025-01-03,11252,6,5.7,6.9,0.0,17100.0
2025-01-03,11252,13,15.9,13.0,0.0,55900.0
2025-01-03,11252,17,17.1,13.1,0.0,62100.0
2025-01-03,11648,5,0.2,5.5,0.0,14600.0
2025-01-03,11648,14,2.3,9.8,0.0,22000.0
2025-01-03,11648,11,0.3,8.6,0.0,16500.0
2025-01-03,11648,17,1.0,9.4,0.0,18700.0
2025-01-03,11648,12,0.9,10.3,0.0,18900.0
2025-01-03,11637,5,-17.9,15.9,0.0,19500.0
2025-01-03,11637,6,-18.4,16.4,0.0,19200.0
2025-01-03,11637,18,-18.1,13.9,0.0,20500.0
2025-01-03,11637,22,-19.4,12.8,0.0,18000.0
2025-01-03,11637,7,-18.4,15.0,0.0,19500.0
2025-01-03,11637,12,-18.1,20.6,0.0,18700.0
2025-01-03,11637,13,-17.3,23.0,0.0,19200.0
2025-01-03,11637,16,-17.2,17.9,0.0,20700.0
2025-01-03,11637,11,-18.7,20.2,0.0,17600.0
2025-01-03,11637,17,-17.6,16.3,0.0,19900.0
2025-01-03,11637,14,-17.2,21.8,0.0,18400.0
2025-01-03,11637,8,-18.8,17.3,0.0,18200.0
2025-01-03,15380,6,-4.7,13.3,0.0,7700.0
2025-01-03,15380,19,-5.5,24.4,0.0,31700.0
2025-01-03,15380,10,-4.9,24.8,0.0,20500.0
2025-01-03,15380,13,-4.3,23.2,0.0,22100.0
2025-01-03,15380,5,-4.9,14.4,0.0,17700.0
2025-01-03,15380,17,-4.6,23.5,0.0,32100.0
2025-01-03,15380,12,-4.5,21.1,0.0,19200.0
2025-01-03,15380,14,-4.7,23.0,0.0,20500.0
2025-01-03,12280,6,-1.7,9.7,0.0,12200.0
2025-01-03,12280,14,3.3,5.2,0.0,15500.0
2025-01-03,12280,16,4.2,7.8,0.0,15900.0
2025-01-03,12280,21,0.6,9.7,0.0,14300.0
2025-01-03,12280,20,0.0,7.5,0.0,13600.0
2025-01-03,12280,18,0.6,5.1,0.0,14700.0
2025-01-03,12280,13,2.6,6.1,0.0,14000.0
2025-01-03,12280,7,-1.1,8.8,0.0,12200.0
2025-01-03,12280,5,-2.5,8.9,0.0,12200.0
2025-01-03,12280,10,-0.9,7.6,0.0,12200.0
2025-01-03,11977,5,-6.3,16.0,0.0,20400.0
2025-01-03,11977,6,-6.6,15.6,0.0,23500.0
2025-01-03,11977,7,-6.9,17.6,0.0,26400.0
2025-01-03,11977,14,-5.9,20.8,0.0,34500.0
2025-01-03,11977,16,-5.9,20.3,0.0,39900.0
2025-01-03,11977,10,-7.4,17.8,0.0,25800.0
2025-01-03,14574,6,-2.3,3.9,0.0,26300.0
2025-01-03,14574,16,4.6,25.6,0.0,36300.0
2025-01-03,14574,10,-0.6,3.2,0.0,23600.0
2025-01-03,14574,17,4.6,17.7,0.0,43800.0
2025-01-03,12217,5,2.0,6.6,0.0,24500.0
2025-01-03,12217,17,8.4,21.5,0.0,67000.0
2025-01-03,12217,11,8.2,13.8,0.0,37400.0
2025-01-03,12217,10,6.4,8.7,0.0,33900.0
2025-01-03,12217,6,2.3,7.6,0.0,25900.0
2025-01-03,12217,7,2.4,6.2,0.0,27400.0
2025-01-03,12217,13,10.2,21.5,0.0,43200.0
2025-01-03,12217,18,6.5,17.7,0.0,64300.0
2025-01-03,12217,8,2.0,5.8,0.0,28200.0
2025-01-03,12217,15,10.1,24.7,0.0,54000.0
2025-01-03,15356,8,-0.6,12.8,0.0,36900.0
2025-01-03,15356,12,1.5,19.3,0.0,40500.0
2025-01-03,15356,14,2.8,19.0,0.0,39200.0
2025-01-03,15356,6,-0.5,16.5,0.0,41100.0
2025-01-03,14112,19,14.4,7.1,0.0,32300.0
2025-01-03,14112,15,20.4,14.8,0.0,65700.0
2025-01-03,14112,6,8.9,8.0,0.0,17800.0
2025-01-03,14112,18,17.0,12.5,0.0,40600.0
2025-01-03,14112,13,18.3,10.5,0.0,55000.0
2025-01-03,14112,14,20.0,12.4,0.0,66700.0
2025-01-03,14112,21,12.0,2.3,0.0,28700.0
2025-01-03,14112,10,12.0,7.8,0.0,18800.0
2025-01-03,14112,17,18.3,14.1,0.0,49700.0
2025-01-03,14112,12,17.0,10.8,0.0,48600.0
2025-01-03,14112,7,8.2,8.2,0.0,16800.0
2025-01-03,14112,20,13.1,4.6,0.0,30400.0
2025-01-03,14112,11,14.6,9.4,0.0,32600.0
2025-01-03,14112,8,7.9,7.3,0.0,16500.0
2025-01-03,10874,21,-5.7,14.4,0.0,21800.0
2025-01-03,10874,10,-4.1,9.7,0.0,12400.0
2025-01-03,10874,9,-4.6,4.2,0.4,5600.0
2025-01-03,10874,11,-3.2,14.5,0.0,16000.0
2025-01-03,10874,6,-4.6,3.2,0.0,15800.0
2025-01-03,10874,18,-5.1,22.7,0.0,16900.0
2025-01-03,10874,8,-4.4,3.6,0.0,10800.0
2025-01-03,10874,7,-4.2,3.6,0.4,5800.0
2025-01-03,10874,13,-3.1,19.8,0.4,9000.0
2025-01-03,11823,14,-3.5,22.3,0.0,20100.0
2025-01-03,11823,9,-5.9,18.6,0.0,14100.0
2025-01-03,11823,8,-5.3,16.1,0.0,18000.0
2025-01-03,11823,18,-6.5,19.9,0.0,19000.0
2025-01-03,11823,6,-3.3,14.1,0.0,15600.0
2025-01-03,11823,12,-4.1,18.5,0.0,16900.0
2025-01-03,11823,5,-2.7,11.2,0.0,14700.0
2025-01-03,11823,11,-5.3,19.5,0.0,1400.0
2025-01-03,11823,17,-5.1,22.7,0.0,23000.0
2025-01-03,11823,13,-4.0,20.4,0.0,17300.0
2025-01-03,11823,7,-4.6,15.3,0.0,18200.0
2025-01-03,11823,16,-4.5,22.7,0.0,16600.0
2025-01-03,14025,19,-4.0,12.5,0.0,38400.0
2025-01-03,14025,9,-4.3,14.8,0.0,34600.0
2025-01-03,14025,18,-3.0,13.1,0.0,39900.0
2025-01-03,14025,11,-3.3,18.6,0.0,35300.0
2025-01-03,11921,9,-4.3,0.7,0.0,18100.0
2025-01-03,11921,12,4.6,3.5,0.0,35800.0
2025-01-03,11921,6,-3.5,4.3,0.0,21900.0
2025-01-03,11921,11,2.2,4.1,0.0,28600.0
2025-01-03,11921,5,-2.7,1.8,0.0,23400.0
2025-01-03,11921,13,6.9,1.3,0.0,39200.0
2025-01-03,11921,15,8.9,3.3,0.0,48600.0
2025-01-03,11921,18,7.1,5.6,0.0,45900.0
2025-01-03,11921,7,-4.3,4.6,0.0,17300.0
2025-01-03,14761,13,15.6,9.9,0.0,48300.0
2025-01-03,14761,7,6.7,7.7,0.0,12400.0
2025-01-03,14761,14,16.8,8.6,0.0,55800.0
2025-01-03,14761,8,7.2,6.4,0.0,14900.0
2025-01-03,14761,16,18.2,10.7,0.0,62400.0
2025-01-03,14761,6,6.8,7.2,0.0,15500.0
2025-01-03,14761,12,14.8,8.8,0.0,42300.0
2025-01-03,14761,5,7.6,5.5,0.0,18900.0
2025-01-03,14761,18,17.0,9.6,0.0,60900.0
2025-01-03,14761,9,7.1,6.6,0.0,12200.0
2025-01-03,14761,21,11.3,7.5,0.0,38900.0
2025-01-03,14761,10,9.5,7.4,0.0,15000.0
2025-01-03,14761,17,18.1,12.1,0.0,66100.0
2025-01-03,14761,19,14.8,7.9,0.0,53100.0
2025-01-03,14761,15,17.5,10.5,0.0,55600.0
2025-01-03,14761,11,12.7,9.7,0.0,29500.0
2025-01-03,14761,20,12.5,5.9,0.0,45200.0
2025-01-03,10581,10,-1.8,19.8,0.0,30400.0
2025-01-03,10581,11,-1.5,23.8,0.0,34600.0
2025-01-03,10581,13,-0.9,19.8,0.0,37100.0
2025-01-03,10581,17,-1.6,15.8,0.0,37800.0
2025-01-03,10581,5,-1.2,23.7,0.0,32200.0
2025-01-03,10980,22,1.4,5.8,0.0,50300.0
2025-01-03,10980,17,8.1,21.8,0.0,49100.0
2025-01-03,10980,5,0.2,3.1,0.0,23100.0
2025-01-03,10980,7,-0.1,4.7,0.0,25600.0
2025-01-03,10980,14,9.6,20.5,0.0,37400.0
2025-01-03,10980,12,7.7,9.7,0.0,31500.0
2025-01-03,10980,6,-0.3,4.0,0.0,24200.0
2025-01-03,11537,20,-4.2,12.2,0.0,25000.0
2025-01-03,11537,10,-3.3,7.1,0.0,23200.0
2025-01-03,11537,6,-5.5,8.9,0.0,20600.0
2025-01-03,14512,10,-8.0,18.6,0.0,22100.0
2025-01-03,14512,8,-8.3,15.8,0.0,22400.0
2025-01-03,14512,19,-6.1,16.2,0.0,34600.0
2025-01-03,14512,11,-7.2,17.8,0.0,23800.0
2025-01-03,12917,21,-5.4,18.2,0.0,22900.0
2025-01-03,12917,18,-4.4,18.1,0.0,18600.0
2025-01-03,12917,13,-2.8,24.3,0.0,22600.0
2025-01-03,13433,10,-23.4,14.0,0.0,25000.0
2025-01-03,13433,20,-25.4,4.7,0.0,20400.0
2025-01-03,13433,16,-20.2,13.6,0.0,23400.0
2025-01-03,13433,7,-21.8,13.4,0.0,23300.0
2025-01-03,13433,12,-21.9,14.1,0.0,2700.0
2025-01-03,13433,6,-21.0,14.0,0.0,21900.0
2025-01-03,13433,15,-20.2,14.2,0.0,23100.0
2025-01-03,14696,21,-4.7,14.5,0.0,29800.0
2025-01-03,14696,12,-3.0,22.1,0.0,25500.0
2025-01-03,14696,17,-4.2,21.2,0.0,27600.0
2025-01-03,14696,19,-5.0,18.0,0.0,18600.0
2025-01-03,14696,6,-2.0,20.0,0.0,23900.0
2025-01-03,14696,11,-2.9,21.4,0.0,24500.0
2025-01-03,14696,13,-3.3,22.9,0.0,26300.0
2025-01-03,14696,7,-2.2,20.3,0.0,27300.0
2025-01-03,14696,8,-2.0,21.7,0.0,30900.0
2025-01-03,14696,9,-2.3,25.6,0.0,24500.0
2025-01-03,14696,18,-4.6,18.6,0.4,24600.0
2025-01-03,14696,16,-4.2,21.1,0.0,26500.0
2025-01-03,10676,15,1.5,16.6,0.0,38400.0
2025-01-03,10676,14,1.3,15.7,0.0,36300.0
2025-01-03,10676,21,-2.5,6.4,0.0,34200.0
2025-01-03,10676,7,-1.6,14.0,0.0,21700.0
2025-01-03,14082,20,16.2,12.5,0.0,46500.0
2025-01-03,14082,12,17.7,12.1,0.0,45300.0
2025-01-03,14082,19,18.1,13.0,0.0,58600.0
2025-01-03,14082,15,22.3,14.0,0.0,70500.0
2025-01-03,14082,6,10.9,12.3,0.0,33300.0
2025-01-03,14082,16,22.6,13.8,0.0,71500.0
2025-01-03,14082,8,9.6,7.7,0.0,25900.0
2025-01-03,14082,11,15.9,10.2,0.0,38700.0
2025-01-03,14082,9,10.0,8.6,0.0,20500.0
2025-01-03,14082,18,20.5,16.6,0.0,76400.0
2025-01-03,14082,5,10.6,10.8,0.0,23700.0
2025-01-03,14082,17,22.2,15.9,0.0,69100.0
2025-01-03,14082,13,20.2,10.0,0.0,58600.0
2025-01-03,14082,7,10.0,7.7,0.0,31800.0
2025-01-03,11721,7,-5.2,8.8,0.0,15700.0
2025-01-03,11721,21,-6.7,15.9,0.0,21900.0
2025-01-03,11721,15,-3.2,21.0,0.0,24200.0
2025-01-03,11721,16,-3.7,19.6,0.0,19200.0
2025-01-03,11721,6,-4.5,10.0,0.0,15400.0
2025-01-03,11721,8,-5.4,11.3,0.0,14500.0
2025-01-03,11721,13,-3.5,17.8,0.0,21100.0
2025-01-03,11721,17,-4.0,22.0,0.0,15900.0
2025-01-03,10408,7,-9.8,17.3,0.0,20200.0
2025-01-03,10408,15,-7.0,19.7,0.0,31600.0
2025-01-03,10408,9,-10.1,14.4,0.0,19500.0
2025-01-03,10408,6,-9.3,15.8,0.0,19300.0
2025-01-03,10408,13,-8.1,19.0,0.0,24900.0
2025-01-03,10408,5,-8.6,14.9,0.0,20000.0
2025-01-03,10408,17,-8.0,15.5,0.0,31300.0
2025-01-03,10408,8,-10.1,14.9,0.0,18400.0
2025-01-03,10408,12,-8.6,19.5,0.0,23000.0
2025-01-03,14716,8,8.3,10.5,0.0,15700.0
2025-01-03,14716,22,8.4,3.6,0.0,16000.0
2025-01-03,14716,17,13.4,3.3,0.0,17000.0
2025-01-03,14314,8,2.8,1.9,0.0,30100.0
2025-01-03,14314,9,3.8,4.4,0.0,34400.0
2025-01-03,14314,10,4.7,2.2,0.0,39800.0
2025-01-03,14314,6,2.7,0.4,0.0,30100.0
2025-01-03,14314,12,8.3,3.4,0.0,26800.0
2025-01-03,14314,5,3.2,1.1,0.0,36900.0
2025-01-03,14314,11,5.1,6.6,0.0,32600.0
2025-01-03,14314,13,9.6,8.0,0.0,23000.0
2025-01-03,10466,21,16.4,1.5,0.0,85700.0
2025-01-03,10466,20,16.8,5.6,0.0,86500.0
2025-01-03,10466,14,24.9,4.0,0.0,90000.0
2025-01-03,10466,18,20.5,2.6,0.0,90000.0
2025-01-03,10466,8,8.6,6.3,0.0,66200.0
2025-01-03,10466,10,14.8,6.7,0.0,62100.0
2025-01-03,10466,11,18.2,6.6,0.0,72700.0
2025-01-03,10466,17,23.3,5.2,0.0,90000.0
2025-01-03,10466,13,23.6,3.2,0.0,90000.0
2025-01-03,10466,15,25.5,3.1,0.0,90000.0
2025-01-03,10466,6,7.9,8.2,0.0,59500.0
2025-01-03,10466,16,25.3,2.0,0.0,90000.0
2025-01-03,10466,5,8.9,8.0,0.0,62300.0
2025-01-03,10466,7,8.6,9.1,0.0,65300.0
2025-01-03,10466,12,21.7,4.7,0.0,82600.0
2025-01-03,10431,8,-6.1,0.5,0.0,22400.0
2025-01-03,10431,17,2.1,25.7,0.0,30500.0
2025-01-03,10431,19,0.2,28.9,0.0,35600.0
2025-01-03,10431,6,-5.0,2.6,0.0,28900.0
2025-01-03,10431,22,-2.6,26.3,0.0,41000.0
2025-01-03,10431,13,5.4,28.7,0.0,34800.0
2025-01-03,10431,10,-2.4,2.7,0.0,32500.0
2025-01-03,10431,21,-1.2,28.5,0.0,41200.0
2025-01-03,10431,16,2.1,24.5,0.0,26900.0
2025-01-03,10431,14,3.4,22.5,0.0,25500.0
2025-01-03,10431,18,1.0,28.4,0.0,35200.0
2025-01-03,12544,18,6.9,20.7,0.0,56100.0
2025-01-03,12544,16,9.2,21.9,0.0,51100.0
2025-01-03,12544,15,10.1,20.9,0.0,58800.0
2025-01-03,12544,21,3.4,18.5,0.0,36600.0
2025-01-03,14108,22,-8.7,18.2,0.0,21400.0
2025-01-03,14108,11,-7.4,17.6,0.0,19600.0
2025-01-03,14108,9,-8.8,16.3,0.0,19500.0
2025-01-03,14108,16,-5.1,22.1,0.0,23900.0
2025-01-03,14108,15,-5.2,24.6,0.0,23400.0
2025-01-03,14108,19,-7.5,14.8,0.0,23100.0
2025-01-03,14108,12,-6.2,19.4,0.0,22900.0
2025-01-03,14108,6,-7.1,19.5,0.0,23000.0
2025-01-03,14108,18,-6.9,17.2,0.0,23200.0
2025-01-03,14108,10,-8.2,17.8,0.0,19500.0
2025-01-03,14108,8,-8.6,16.4,0.0,20300.0
2025-01-03,14108,14,-5.1,23.6,0.0,23500.0
2025-01-03,15008,11,-14.0,21.2,0.0,20300.0
2025-01-03,15295,10,-2.4,17.1,0.0,4500.0
2025-01-03,15295,21,-4.4,19.5,0.0,22800.0
2025-01-03,14783,20,0.6,7.0,0.0,26000.0
2025-01-03,14783,8,-1.9,13.0,0.0,13800.0
2025-01-03,14783,19,1.6,8.0,0.0,27400.0
2025-01-03,14783,22,-0.2,8.2,0.0,24200.0
2025-01-03,14783,12,0.8,5.8,0.0,20300.0
2025-01-03,14783,16,4.6,5.2,0.0,30900.0
2025-01-03,14783,7,-1.3,13.7,0.0,15400.0
2025-01-03,14783,14,3.5,7.9,0.0,27600.0
2025-01-03,14783,9,-2.3,11.6,0.0,13700.0
2025-01-03,14783,5,-0.3,14.3,0.0,14600.0
2025-01-03,14783,10,-1.8,9.8,0.0,200.0
2025-01-03,14783,11,-0.7,9.9,0.0,16700.0
2025-01-03,14783,18,3.2,4.7,0.0,29800.0
2025-01-03,14783,13,2.4,6.6,0.0,24200.0
2025-01-03,14783,15,4.3,5.9,0.0,30300.0
2025-01-03,14259,10,0.4,21.7,0.0,42500.0
2025-01-03,14952,14,-1.9,21.3,0.0,35000.0
2025-01-03,11612,20,-3.6,5.7,0.0,26700.0
2025-01-03,11612,15,2.0,19.7,0.0,41700.0
2025-01-03,11612,6,1.8,18.9,0.0,21300.0
2025-01-03,11267,21,-5.8,17.0,0.0,25200.0
2025-01-03,11267,13,-2.9,23.6,0.0,21500.0
2025-01-03,11267,7,0.9,18.5,0.4,14700.0
2025-01-03,11267,8,-0.2,17.6,0.0,17000.0
2025-01-03,11267,6,1.0,13.1,0.0,13400.0
2025-01-03,11267,17,-2.5,21.2,0.0,30800.0
2025-01-03,11267,14,-2.7,25.8,0.0,23500.0
2025-01-03,11267,11,-2.9,22.3,0.0,20000.0
2025-01-03,11267,19,-3.1,22.4,0.0,32600.0
2025-01-03,10666,7,1.7,6.4,0.0,20700.0
2025-01-03,10666,15,5.1,8.2,0.4,14300.0
2025-01-03,10666,14,5.6,15.2,1.1,6000.0
2025-01-03,10666,8,2.1,9.4,0.0,22900.0
2025-01-03,10666,5,1.8,7.2,0.0,21900.0
2025-01-03,10666,18,4.1,11.3,0.4,12200.0
2025-01-03,12003,22,-12.2,7.4,0.4,3300.0
2025-01-03,12003,5,-12.5,8.4,0.0,5800.0
2025-01-03,12003,13,-11.2,12.7,0.0,16600.0
2025-01-03,12003,14,-11.0,11.5,0.0,16900.0
2025-01-03,12119,9,-3.4,5.2,0.0,22900.0
2025-01-03,14457,15,-8.1,8.7,0.0,16300.0
2025-01-03,14457,5,-4.9,4.0,0.0,15200.0
2025-01-03,14457,12,-7.8,9.0,0.0,13600.0
2025-01-03,14457,16,-8.6,8.8,0.0,16200.0
2025-01-03,14457,6,-5.4,6.1,0.0,300.0
2025-01-03,14457,7,-6.3,3.5,0.4,15200.0
2025-01-03,14457,13,-7.8,9.8,0.0,14100.0
2025-01-03,14457,18,-9.5,10.6,0.0,15800.0
2025-01-03,14457,8,-6.7,4.9,0.0,14200.0
2025-01-03,12945,14,1.6,25.5,0.0,33900.0
2025-01-03,12945,5,2.0,8.2,0.0,24900.0
2025-01-03,12945,6,1.4,17.4,0.4,15500.0
2025-01-03,12945,19,-1.0,15.1,0.0,39600.0
2025-01-03,12945,8,2.1,14.8,0.0,17600.0
2025-01-03,12945,15,1.4,25.9,0.0,36400.0
2025-01-03,12945,20,-2.4,7.2,0.0,36600.0
2025-01-03,12945,11,1.7,18.7,0.0,19100.0
2025-01-03,12945,17,0.1,22.9,0.0,38100.0
2025-01-03,12265,10,-3.0,17.6,0.0,22900.0
2025-01-03,13367,18,-8.5,15.1,0.0,19600.0
2025-01-03,13367,6,-9.2,16.1,0.0,19400.0
2025-01-03,13367,15,-7.4,23.0,0.0,20900.0
2025-01-03,13367,5,-9.0,16.9,0.0,19900.0
2025-01-03,13367,16,-6.9,21.6,0.0,22600.0
2025-01-03,13367,8,-10.8,15.3,0.0,17300.0
2025-01-03,13367,17,-7.0,20.2,0.0,23300.0
2025-01-03,13367,10,-10.3,17.8,0.0,16700.0
2025-01-03,12223,21,-6.2,24.5,0.0,19700.0
2025-01-03,12402,6,16.5,8.9,0.0,24140.0
2025-01-03,12402,7,15.6,7.4,0.0,24140.0
2025-01-03,12402,8,17.5,7.3,0.0,24140.0
2025-01-03,12402,9,22.4,7.0,0.0,24140.0
2025-01-03,12402,10,23.2,12.2,0.0,24140.0
2025-01-03,12402,11,23.8,14.1,0.1,24140.0
2025-01-03,12402,12,24.1,15.7,0.3,24140.0
2025-01-03,12402,13,24.1,16.0,0.0,24140.0
2025-01-03,12402,15,24.0,15.6,0.1,24140.0
2025-01-03,12402,16,23.8,15.4,0.0,24140.0
2025-01-03,12402,17,23.3,13.9,0.0,24140.0
2025-01-03,12402,18,22.3,9.7,0.0,24140.0
2025-01-03,12402,19,21.5,9.1,0.0,24140.0
2025-01-03,11111,7,-4.3,7.0,0.0,21600.0
2025-01-03,11111,12,-0.3,17.8,0.0,26800.0
2025-01-03,11111,5,-3.4,7.9,0.0,21300.0
2025-01-03,11111,19,-0.5,9.4,0.0,36700.0
2025-01-03,13061,5,10.4,9.0,0.0,12200.0
2025-01-03,13061,18,18.2,8.5,0.0,15500.0
2025-01-03,13061,14,17.1,4.3,0.0,12900.0
2025-01-03,13061,16,18.9,7.4,0.0,15200.0
2025-01-03,13061,10,14.8,3.1,0.0,1600.0
2025-01-03,13377,5,3.6,4.8,0.0,1000.0
2025-01-03,13377,18,13.8,8.1,0.0,42200.0
2025-01-03,13377,10,7.7,3.3,0.0,16300.0
2025-01-03,12124,14,13.9,20.0,0.0,60700.0
2025-01-03,12124,17,14.8,20.6,0.0,57400.0
2025-01-03,12124,12,11.8,12.1,0.0,52400.0
2025-01-03,10136,18,12.9,9.0,0.0,21800.0
2025-01-03,10136,10,4.2,5.4,0.0,200.0
2025-01-03,10136,6,2.1,5.8,0.0,15600.0
2025-01-03,10136,5,2.4,5.4,0.0,15100.0
2025-01-03,10136,14,7.9,1.8,0.0,12200.0
2025-01-03,11140,12,17.8,9.7,0.0,12200.0
2025-01-03,11140,16,22.9,8.4,0.0,21100.0
2025-01-03,11140,18,21.0,18.5,0.0,15900.0
2025-01-03,11140,10,17.0,8.7,0.0,12200.0
2025-01-03,11140,6,16.5,8.3,0.0,200.0
2025-01-03,11140,5,16.5,10.5,0.0,200.0
2025-01-03,11140,8,16.4,8.7,0.0,12200.0
2025-01-03,11140,9,16.4,8.7,0.0,3200.0
2025-01-03,13459,6,-7.4,15.0,0.0,22500.0
2025-01-03,13459,13,-8.6,22.1,0.0,21800.0
2025-01-03,13422,17,16.2,12.4,0.0,39700.0
2025-01-03,13422,5,4.6,2.8,0.0,12200.0
2025-01-03,13422,13,16.1,13.3,0.0,40800.0
2025-01-03,11867,5,-6.0,6.1,0.0,200.0
2025-01-03,11867,15,0.3,24.1,0.0,12600.0
2025-01-03,10747,14,22.3,10.0,0.0,15700.0
2025-01-03,10747,10,18.9,9.2,0.0,12200.0
2025-01-03,10747,5,19.9,4.3,0.0,12200.0
2025-01-03,10747,17,20.8,10.7,0.0,14000.0
2025-01-03,10747,19,20.1,9.1,0.0,13100.0
2025-01-03,11982,6,13.1,2.3,0.0,12200.0
2025-01-03,11982,10,12.3,3.1,0.0,200.0
2025-01-03,11982,17,14.9,2.7,0.0,14000.0
2025-01-03,11982,5,13.6,2.4,0.0,12200.0
2025-01-03,11982,12,12.7,5.4,0.0,12200.0
2025-01-03,11778,10,3.4,3.9,0.0,13000.0
2025-01-03,11778,18,11.1,5.8,0.0,45600.0
2025-01-03,11778,6,1.1,6.9,0.0,14000.0
2025-01-03,14814,6,8.7,2.6,0.0,200.0
2025-01-03,14814,17,17.0,6.6,0.0,39800.0
2025-01-03,14814,8,8.1,2.2,0.0,16300.0
2025-01-03,14814,15,17.0,8.6,0.0,37900.0
2025-01-03,14814,12,14.6,10.8,0.0,31000.0
2025-01-03,14814,10,9.8,3.3,0.0,19500.0
2025-01-03,14814,13,16.1,7.3,0.0,36900.0
2025-01-03,14814,7,8.6,1.4,0.0,15900.0
2025-01-03,14814,18,15.2,6.5,0.0,40600.0
2025-01-03,14814,11,13.0,4.8,0.0,30100.0
2025-01-03,14960,6,2.1,9.8,0.0,15500.0
2025-01-03,14960,14,12.2,4.0,0.0,29400.0
2025-01-03,12951,5,13.9,3.6,0.0,18300.0
2025-01-03,12951,16,20.1,11.1,0.0,40200.0
2025-01-03,12951,13,19.3,12.9,0.0,33100.0
2025-01-03,12951,10,14.6,5.2,0.0,16900.0
2025-01-03,12951,7,14.0,5.5,0.0,17300.0
2025-01-03,12951,18,17.2,9.5,0.0,32900.0
2025-01-03,15023,12,11.4,8.9,5.0,12400.0
2025-01-03,15023,13,11.6,4.6,0.0,13200.0
2025-01-03,15023,11,11.1,5.1,4.3,11000.0
2025-01-03,15023,19,9.9,7.0,0.0,17400.0
2025-01-03,15023,17,13.1,12.0,0.0,21900.0
2025-01-03,15023,6,10.6,1.5,0.0,13000.0
2025-01-03,15023,10,11.0,4.9,1.1,12200.0
2025-01-03,15023,14,13.5,12.1,0.0,16800.0
2025-01-03,15023,8,10.8,5.2,4.3,4800.0
2025-01-03,15023,18,11.5,8.7,0.0,22100.0
2025-01-03,10158,14,2.5,14.8,0.0,30400.0
2025-01-03,10158,17,2.1,4.8,0.0,21200.0
2025-01-03,10158,7,-0.7,14.8,0.0,31300.0
2025-01-03,10158,19,1.4,9.5,0.0,21000.0
2025-01-03,10158,15,2.8,11.7,0.0,28900.0
2025-01-03,10158,6,-0.4,18.9,0.0,32300.0
2025-01-03,10158,10,-0.2,14.4,0.0,27700.0
2025-01-03,12898,12,-1.7,7.2,0.4,6100.0
2025-01-03,10208,16,14.6,29.0,0.0,58800.0
2025-01-03,10208,18,12.7,24.6,0.0,63400.0
2025-01-03,10208,5,-0.5,4.8,0.0,17900.0
2025-01-03,10208,7,-0.0,7.2,0.0,17000.0
2025-01-03,10208,14,13.6,22.9,0.0,59900.0
2025-01-03,13296,12,1.5,26.5,0.0,42900.0
2025-01-03,13296,5,0.1,22.4,0.0,38800.0
2025-01-03,13296,16,1.7,24.8,0.0,46600.0
2025-01-03,13296,17,0.9,22.4,0.0,46800.0
2025-01-03,11641,19,9.0,12.9,0.0,56700.0
2025-01-03,14487,15,11.6,12.9,0.0,16500.0
2025-01-03,14487,18,9.3,8.3,0.0,22700.0
2025-01-03,14487,10,9.7,8.8,3.2,13100.0
2025-01-03,14487,5,9.6,4.3,1.1,13000.0
2025-01-03,14487,20,8.5,7.2,0.0,28600.0
2025-01-03,13264,13,8.5,5.8,0.0,18000.0
2025-01-03,13264,5,8.2,2.9,0.4,10600.0
2025-01-03,13264,12,8.6,11.6,0.4,18700.0
2025-01-03,13264,7,8.3,10.1,0.4,12300.0
2025-01-03,13264,6,7.8,4.9,0.7,12100.0
2025-01-03,13264,18,7.6,5.7,0.0,21400.0
2025-01-03,13264,14,9.3,4.4,0.0,25600.0
2025-01-03,10372,14,1.4,9.2,0.0,50300.0
2025-01-03,10372,12,-0.5,8.9,0.0,45300.0
2025-01-03,10372,13,0.9,2.8,0.0,47100.0
2025-01-03,10372,10,-3.9,7.2,0.0,41300.0
2025-01-03,10372,8,-7.0,13.4,0.0,34000.0
2025-01-03,10372,15,2.0,5.6,0.0,55200.0
2025-01-03,10372,7,-6.3,9.4,0.0,35600.0
2025-01-03,10372,11,-3.1,9.6,0.0,41300.0
2025-01-03,10372,16,2.4,5.0,0.0,52900.0
2025-01-03,10372,9,-5.7,5.4,0.0,39900.0
2025-01-03,10372,18,2.3,4.7,0.0,59800.0
2025-01-03,10372,19,2.6,6.5,0.0,74100.0
2025-01-03,13127,7,4.9,2.2,0.0,20100.0
2025-01-03,13127,12,6.2,10.0,0.4,15200.0
2025-01-03,13127,5,3.9,3.3,0.0,16300.0
2025-01-03,15389,6,0.6,5.4,0.0,13800.0
2025-01-03,15389,13,7.8,8.3,0.0,18900.0
2025-01-03,14113,13,6.1,24.2,0.0,33600.0
2025-01-03,14113,6,3.5,19.9,0.0,26100.0
2025-01-03,13277,6,-0.8,4.1,0.0,13000.0
2025-01-03,13277,16,15.8,21.1,0.0,48500.0
2025-01-03,13277,9,0.3,1.3,0.0,12200.0
2025-01-03,13277,17,15.0,21.2,0.0,51100.0
2025-01-03,13277,12,12.7,16.0,0.0,40700.0
2025-01-03,14633,18,-10.0,14.6,0.0,29400.0
2025-01-03,14633,5,-12.4,14.3,0.0,18500.0
2025-01-03,10469,6,-3.1,19.0,0.0,22300.0
2025-01-03,10469,14,-4.2,20.4,0.0,18500.0
2025-01-03,12156,13,-8.0,7.4,0.7,2400.0
2025-01-03,12156,5,-7.2,4.7,0.0,16100.0
2025-01-03,12156,6,-7.5,4.2,0.0,15400.0
2025-01-03,12156,14,-8.1,8.4,1.1,2400.0
2025-01-03,11337,10,-14.6,15.9,0.0,24300.0
2025-01-03,11337,5,-13.0,17.9,0.0,25300.0
2025-01-03,12884,5,-4.3,9.5,0.0,15200.0
2025-01-03,12884,14,-3.6,23.3,0.0,25500.0
2025-01-03,12129,10,-18.3,17.2,0.0,18200.0
2025-01-03,12129,18,-17.8,14.6,0.0,22400.0
2025-01-03,11013,15,-7.6,25.8,0.0,19400.0
2025-01-03,11013,7,-11.3,11.9,0.0,22400.0
2025-01-03,14794,6,4.1,3.5,0.0,57400.0
2025-01-03,14794,11,7.7,9.0,0.0,55400.0
2025-01-03,14794,15,16.0,3.3,0.0,70600.0
2025-01-03,14794,17,16.3,2.5,0.0,70200.0
2025-01-03,14794,5,4.7,2.6,0.0,53200.0
2025-01-03,14794,13,12.4,2.9,0.0,59900.0
2025-01-03,14794,12,10.0,6.3,0.0,57400.0
2025-01-03,10141,6,-14.3,9.9,0.0,20100.0
2025-01-03,10141,14,-11.9,16.2,0.0,25300.0
2025-01-03,11587,15,-6.6,23.2,0.0,36500.0
2025-01-03,11587,6,-7.9,14.9,0.0,20300.0
2025-01-03,12343,10,-18.8,16.3,0.0,22300.0
2025-01-03,12343,18,-18.6,13.0,0.0,27300.0
2025-01-03,10333,17,-4.2,21.1,0.0,34900.0
2025-01-03,10333,14,-3.7,25.2,0.0,32300.0
2025-01-03,16869,17,-20.0,11.5,0.0,20300.0
2025-01-03,16869,12,-22.5,8.8,0.0,2800.0
2025-01-03,16869,7,-21.2,12.1,0.0,19400.0
2025-01-03,16869,11,-23.6,10.8,0.0,3000.0
2025-01-03,16869,15,-19.5,12.2,0.0,2200.0
2025-01-03,16869,18,-20.9,10.2,0.0,19300.0
2025-01-03,10739,10,-15.3,15.1,0.0,18400.0
2025-01-03,10739,18,-14.1,12.1,0.0,28300.0
2025-01-03,10631,14,-17.7,17.1,0.0,22700.0
2025-01-03,10631,6,-18.3,17.8,0.0,19000.0
2025-01-03,10779,18,-1.5,6.4,0.0,17300.0
2025-01-03,14520,6,-12.1,13.2,0.0,19900.0
2025-01-03,14520,10,-12.2,18.9,0.0,20400.0
2025-01-03,10918,19,11.0,25.4,0.0,81700.0
2025-01-03,10918,9,6.3,15.1,0.0,72400.0
2025-01-03,11525,6,1.4,7.1,0.0,23200.0
2025-01-03,14150,17,-5.5,26.0,0.0,27600.0
2025-01-03,14150,10,-4.8,25.6,0.0,21800.0
2025-01-03,10990,6,0.4,6.4,0.0,30300.0
2025-01-03,10990,17,3.8,11.9,0.0,36700.0
2025-01-03,11122,13,-0.9,8.3,0.0,18400.0
2025-01-03,11122,18,-2.2,13.3,0.0,15500.0
2025-01-03,11122,11,-1.4,22.2,0.0,19500.0
2025-01-03,11122,5,2.9,39.0,0.0,27700.0
2025-01-03,11122,15,-0.4,12.6,0.0,16200.0
2025-01-03,11122,7,4.0,34.4,0.0,33700.0
2025-01-03,11413,11,3.5,1.4,0.0,49600.0
2025-01-03,11413,12,7.2,4.1,0.0,55400.0
2025-01-03,11413,16,11.2,5.8,0.0,71900.0
2025-01-03,11413,17,9.7,1.0,0.0,64000.0
2025-01-03,11413,5,-3.2,5.1,0.0,37000.0
2025-01-03,11413,15,11.2,4.6,0.0,71500.0
2025-01-03,11413,6,-4.5,6.5,0.0,30000.0
2025-01-03,11413,7,-5.1,5.4,0.0,26300.0
2025-01-03,16218,11,19.1,10.2,0.0,77200.0
2025-01-03,16218,15,25.4,4.9,0.0,89100.0
2025-01-03,16218,7,6.6,2.7,0.0,54900.0
2025-01-03,16218,13,22.9,8.4,0.0,81700.0
2025-01-03,11695,12,13.8,14.9,0.0,73400.0
2025-01-03,11695,5,3.8,15.9,0.0,61700.0
2025-01-03,11695,6,3.8,8.3,0.0,53800.0
2025-01-03,11695,11,13.0,11.0,0.0,77100.0
2025-01-03,11695,13,14.5,16.8,0.0,77100.0
2025-01-03,15074,6,-0.9,8.3,0.0,16900.0
2025-01-03,15074,14,3.5,3.0,0.0,19700.0
2025-01-03,14842,5,2.7,5.4,0.0,21400.0
2025-01-03,14842,10,2.7,1.5,0.0,12200.0
2025-01-03,14842,18,13.5,10.8,0.0,21400.0
2025-01-03,15401,6,5.1,6.8,0.0,14300.0
2025-01-03,15401,14,15.9,14.3,0.0,44100.0
2025-01-03,11980,15,-1.7,11.2,0.0,17400.0
2025-01-03,11980,6,-2.6,7.4,0.0,18600.0
2025-01-03,12915,18,19.2,9.4,0.0,36200.0
2025-01-03,12915,12,18.7,15.8,0.0,25100.0
2025-01-03,12915,5,13.7,4.1,0.0,20600.0
2025-01-03,12511,7,-0.8,15.1,0.0,15100.0
2025-01-03,12511,18,4.7,8.9,0.0,38600.0
2025-01-03,12888,10,3.8,25.2,0.0,43800.0
2025-01-03,12888,18,5.2,9.1,0.0,52200.0
2025-01-03,11288,10,-6.0,22.7,0.0,22900.0
2025-01-03,11288,15,-2.5,24.6,0.0,31000.0
2025-01-03,11447,18,-19.8,11.6,0.0,21900.0
2025-01-03,11447,11,-21.7,11.0,0.0,2500.0
2025-01-03,12519,17,-17.0,17.7,0.0,24100.0
2025-01-03,12519,13,-17.1,23.0,0.0,23600.0
2025-01-03,12559,14,-1.5,13.1,0.0,15000.0
2025-01-03,12559,6,-4.8,12.0,0.0,19300.0
2025-01-03,12255,19,-0.5,11.3,0.0,27400.0
2025-01-03,12255,6,-2.9,2.8,0.0,13900.0
2025-01-03,12902,11,-3.3,13.3,0.0,200.0
2025-01-03,12902,19,2.4,23.5,0.0,21900.0
2025-01-03,10558,9,-4.7,8.4,0.0,18700.0
2025-01-03,10558,18,-2.1,18.5,0.0,20900.0
2025-01-03,11233,6,-1.8,10.5,0.0,25800.0
2025-01-03,11233,14,11.5,14.0,0.0,57900.0
2025-01-03,11865,14,-1.3,8.4,0.0,25900.0
2025-01-03,11865,5,-7.0,6.3,0.0,17400.0
2025-01-03,11725,14,-6.5,20.4,0.0,28000.0
2025-01-03,11725,10,-10.7,17.1,0.0,17600.0
2025-01-03,14812,5,-7.1,6.2,0.0,16000.0
2025-01-03,14812,11,-5.3,5.7,0.0,16300.0
2025-01-03,15569,5,14.4,7.9,0.0,12200.0
2025-01-03,15569,16,19.1,8.6,0.0,15800.0
2025-01-03,11471,5,-11.3,11.6,0.0,21300.0
2025-01-03,11471,12,-9.8,15.5,0.0,26400.0
2025-01-03,14543,14,6.8,9.9,0.0,46300.0
2025-01-03,14543,5,-3.6,9.5,0.0,29200.0
2025-01-03,13241,8,0.6,3.4,0.0,19400.0
2025-01-03,13241,13,13.8,12.6,0.0,37500.0
2025-01-03,14237,18,12.7,10.1,0.0,87100.0
2025-01-03,14237,9,8.6,2.2,0.0,69300.0
2025-01-03,15048,7,-10.3,10.8,0.0,19200.0
2025-01-03,15048,15,-5.8,11.4,0.0,24100.0
2025-01-03,13211,10,-12.3,22.3,0.0,1100.0
2025-01-03,13211,14,-7.7,26.1,0.0,26900.0
2025-01-03,11315,17,-16.7,11.6,0.0,22400.0
2025-01-03,11315,8,-17.8,3.3,0.0,15100.0
2025-01-03,11097,7,-5.3,6.9,0.0,24700.0
2025-01-03,11097,13,-5.0,5.1,0.0,14700.0
2025-01-03,12899,11,-3.8,14.7,0.0,200.0
2025-01-03,14877,6,-1.5,10.7,0.0,18500.0
2025-01-03,14877,18,1.5,13.2,0.0,27300.0
2025-01-03,13282,6,-1.1,12.3,0.0,17600.0
2025-01-03,13282,11,0.1,12.0,0.4,2100.0
2025-01-03,11468,6,-3.1,4.1,0.0,17200.0
2025-01-03,11468,15,-0.5,11.9,0.0,19000.0
2025-01-03,11283,19,-1.1,9.6,0.0,16800.0
2025-01-03,13029,9,-3.3,7.0,0.0,18800.0
2025-01-03,13029,17,-3.0,10.0,0.0,18900.0
2025-01-03,13029,6,-2.9,4.8,0.0,19900.0
2025-01-03,13029,13,-1.9,6.5,0.0,22000.0
2025-01-03,13029,11,-2.3,7.4,0.0,21500.0
2025-01-03,13029,15,-1.7,9.3,0.0,23300.0
2025-01-03,10617,14,12.6,8.1,0.0,82200.0
2025-01-03,10617,12,7.8,4.6,0.0,53400.0
2025-01-03,14711,10,-3.5,6.9,0.0,22000.0
2025-01-03,12177,8,-0.4,7.0,0.0,17300.0
2025-01-03,14674,13,11.9,11.1,0.0,76600.0
2025-01-03,14674,18,8.7,6.4,0.0,69900.0
2025-01-03,14674,10,5.3,8.9,0.0,67300.0
2025-01-03,14674,7,-0.5,14.1,0.0,55200.0
2025-01-03,14674,6,-0.2,16.5,0.0,48500.0
2025-01-03,14674,12,11.0,5.9,0.0,82400.0
2025-01-03,14674,16,12.8,11.0,0.0,74000.0
2025-01-03,15411,6,8.4,6.8,0.0,17200.0
2025-01-03,15411,10,10.0,6.2,0.0,17000.0
2025-01-03,15411,18,17.1,5.9,0.0,39900.0
2025-01-03,10155,5,10.9,3.2,0.0,14400.0
2025-01-03,10155,10,11.0,5.2,0.0,3100.0
2025-01-03,10155,18,16.8,5.4,0.0,23100.0
2025-01-03,10185,5,9.9,3.3,0.0,15600.0
2025-01-03,10185,11,14.8,7.3,0.0,31300.0
2025-01-03,10185,18,16.2,10.5,0.0,38600.0
2025-01-03,14588,17,16.3,13.7,0.0,74100.0
2025-01-03,14588,5,2.7,11.8,0.0,48400.0
2025-01-03,14588,12,10.6,2.9,0.0,47900.0
2025-01-03,11905,6,10.2,4.2,0.0,16300.0
2025-01-03,11905,14,16.7,8.3,0.0,36300.0
2025-01-03,12016,8,26.2,23.7,0.2,23180.0
2025-01-03,12016,7,26.5,22.9,0.1,12320.0
